incident_id,kind,timestamp,sender,recipient,domain,content,attachment_type,attachment_name,has_link,link,label_category,deepfake_flag,pii_present,manual_severity,ground_truth_severity,evidence_hash
61d075ef-5c4,document,2025-09-14T00:53:31.240958Z,acmecorp@trusted-health.org,records@hospital.org,,Government ID correction letter - Ref: 61d075ef-5c4 | DOB: 1972-08-22,docx,docx_61d075ef-5c4.docx,False,,legit_doc,0,1,low,low,fa25e1a82736
8583396d-507,document,2025-09-21T08:47:57.241032Z,acmecorp@loanfast.info,records@company.com,,Medical test report - Patient: Rahul Verma - Result: Pending - Ref 8583396d-507 | DOB: 1991-09-20,pdf,pdf_8583396d-507.pdf,False,,fake_doc,1,1,high,high,57bda3a291b4
771a662e-fc5,email,2025-10-14T12:35:49.241104Z,user847@docverify.net,user1737@example.com,docverify.net,Payroll issue: update your bank details: https://docverify.net/?id=771a662e-fc5,none,none,True,https://docverify.net/?id=771a662e-fc5,benign,0,0,high,high,d941247208cb
9ea155c7-65a,document,2025-10-04T07:32:03.241160Z,jobhubpvtltd@parcel-track.net,records@gov.org,,Government ID correction letter - Ref: 9ea155c7-65a | DOB: 2003-08-16,docx,docx_9ea155c7-65a.docx,False,,legit_doc,0,1,medium,medium,b3c93de2c1d9
4efb1bbd-380,social,2025-10-24T13:50:08.241212Z,John Smith,public,,Viral video: unbelievable transformation - shared by Sana Ahmed,none,none,False,,benign,0,0,medium,medium,133c4f0faaee
b56af879-946,email,2025-09-27T23:45:33.241253Z,user932@payments-update.com,user1933@example.com,payments-update.com,Security alert: New sign-in from unknown device. Reset here: https://payments-update.com/?id=b56af879-946,png,png_b56af879-946.png,True,https://payments-update.com/?id=b56af879-946,benign,0,0,high,high,9f1fb0032ecc
d26ef92d-bb5,social,2025-10-02T02:05:44.241304Z,Vikram Rao,public,,Interview leaked - audio attached,none,none,False,,benign,0,0,medium,medium,7df1ca4fa551
2c553b1e-218,document,2025-09-25T16:42:27.241341Z,medilifehospital@docverify.net,records@gov.org,,Offer letter - Company: FinTrust Ltd - Candidate: Sana Ahmed | DOB: 1986-09-10,docx,docx_2c553b1e-218.docx,False,,legit_doc,0,1,low,low,b993791eb283
30ea6160-f01,social,2025-10-31T08:31:57.241388Z,Rahul Verma,public,,Interview leaked - audio attached,jpg,jpg_30ea6160-f01.jpg,False,,benign,0,0,medium,medium,c7309b14f77c
b57581ad-3cb,email,2025-08-26T18:31:06.241422Z,user715@docverify.net,user1042@example.com,secure-bank.com,Payroll issue: update your bank details: https://secure-bank.com/?id=b57581ad-3cb,pdf,pdf_b57581ad-3cb.pdf,True,https://secure-bank.com/?id=b57581ad-3cb,phishing,0,0,medium,medium,7125dffef470
10a410a8-eee,document,2025-10-12T17:18:33.241466Z,jobhubpvtltd@loanfast.info,records@hospital.org,,Government ID correction letter - Ref: 10a410a8-eee,docx,docx_10a410a8-eee.docx,False,,legit_doc,0,0,medium,medium,e94b41c69bb4
f9c8dcf6-880,sms,2025-11-05T07:58:48.241506Z,+918455263991,+919455968855,gov-id.org,Package delivery failed. Confirm at http://gov-id.org/surveys?id=f9c8dcf6-880,none,none,True,http://gov-id.org/surveys?id=f9c8dcf6-880,benign,0,0,high,high,df406514c026
76d9d793-372,email,2025-10-30T23:43:47.241547Z,user714@trusted-health.org,user1850@example.com,parcel-track.net,Payroll issue: update your bank details: https://parcel-track.net/?id=76d9d793-372,jpg,jpg_76d9d793-372.jpg,True,https://parcel-track.net/?id=76d9d793-372,phishing,0,0,medium,medium,993fd873b82b
08be9adf-953,sms,2025-10-21T20:22:12.241598Z,+917647420164,+918239126612,secure-bank.com,Package delivery failed. Confirm at http://secure-bank.com/surveys?id=08be9adf-953,none,none,True,http://secure-bank.com/surveys?id=08be9adf-953,scam_sms,0,0,medium,medium,1ee2b41ab4e8
9dd016c7-820,email,2025-10-21T17:09:14.241641Z,user896@docverify.net,user1649@example.com,uni-scholar.org,"Hello, please review attached report",pdf,pdf_9dd016c7-820.pdf,False,,benign,0,0,low,low,5e1fa4f6f8e8
5551dd43-685,sms,2025-09-07T12:57:44.241680Z,+918592691728,+916840970461,trusted-health.org,Loan approved! Complete KYC at http://trusted-health.org/surveys?id=5551dd43-685,none,none,True,http://trusted-health.org/surveys?id=5551dd43-685,scam_sms,0,0,medium,medium,f2046d75d948
957ea666-b68,email,2025-11-19T17:30:41.241725Z,user594@trusted-health.org,user1564@example.com,docverify.net,Security alert: New sign-in from unknown device. Reset here: https://docverify.net/?id=957ea666-b68,png,png_957ea666-b68.png,True,https://docverify.net/?id=957ea666-b68,benign,0,0,low,low,ccedd0a2d4d5
4b50b7b2-54e,email,2025-11-08T13:37:59.241766Z,user501@uni-scholar.org,user1030@example.com,loanfast.info,Action required: Confirm your payment method at https://loanfast.info/?id=4b50b7b2-54e. Invoice attached: invoice_4b50b7b2-54e.pdf,pdf,pdf_4b50b7b2-54e.pdf,True,https://loanfast.info/?id=4b50b7b2-54e,benign,0,0,medium,medium,470fbba3c8fe
5c4f5d87-549,document,2025-10-23T09:00:38.241809Z,medilifehospital@secure-bank.com,records@gov.org,,Government ID correction letter - Ref: 5c4f5d87-549,docx,docx_5c4f5d87-549.docx,False,,fake_doc,1,0,high,high,6f6ffd109c00
35589950-b7b,sms,2025-09-03T15:59:01.241852Z,+917266614070,+919251963811,loanfast.info,Package delivery failed. Confirm at http://loanfast.info/surveys?id=35589950-b7b,none,none,True,http://loanfast.info/surveys?id=35589950-b7b,benign,0,0,medium,medium,081371f0300a
9675ba77-00e,social,2025-08-27T07:53:38.241933Z,Sana Ahmed,public,,Interview leaked - audio attached,jpg,jpg_9675ba77-00e.jpg,False,,deepfake_media,1,0,medium,medium,56b136155f70
20d21972-a48,sms,2025-11-12T06:45:37.241989Z,+919150550756,+918962170883,secure-bank.com,Your OTP is 123456 - never share it,none,none,False,,scam_sms,0,0,high,high,818cdd585981
b8c58115-d06,document,2025-10-16T20:39:50.242031Z,acmecorp@trusted-health.org,records@hospital.org,,Medical test report - Patient: Vikram Rao - Result: Pending - Ref b8c58115-d06 | DOB: 1986-04-28,pdf,pdf_b8c58115-d06.pdf,False,,legit_doc,0,1,critical,critical,64e6b9253f3d
8ec89c05-cfb,email,2025-09-20T05:07:22.242077Z,user443@uni-scholar.org,user1178@example.com,loanfast.info,Payroll issue: update your bank details: https://loanfast.info/?id=8ec89c05-cfb,png,png_8ec89c05-cfb.png,True,https://loanfast.info/?id=8ec89c05-cfb,benign,0,0,low,low,2770689327cd
2b40efeb-764,sms,2025-10-08T13:12:11.242121Z,+919079320645,+918859294667,parcel-track.net,Free voucher! Redeem at http://parcel-track.net/surveys?id=2b40efeb-764,none,none,True,http://parcel-track.net/surveys?id=2b40efeb-764,benign,0,0,low,low,fcd645a44efa
c8f58558-a1a,social,2025-11-19T02:50:40.242163Z,Sana Ahmed,public,,Interview leaked - audio attached,jpg,jpg_c8f58558-a1a.jpg,False,,benign,0,0,low,low,d6a97af8e934
3d2e2004-b3d,document,2025-11-21T23:43:59.242199Z,globaluni@uni-scholar.org,records@hospital.org,,Government ID correction letter - Ref: 3d2e2004-b3d,docx,docx_3d2e2004-b3d.docx,False,,legit_doc,0,0,high,high,56f9e7f38ec3
2ccaabdd-63b,document,2025-10-25T13:38:21.242237Z,globaluni@trusted-health.org,records@gov.org,,Hospital discharge summary - Patient: Aisha Khan - MRN: 2ccaabdd-63b,pdf,pdf_2ccaabdd-63b.pdf,False,,legit_doc,0,0,high,high,b1d128079dac
e33a3047-0bf,social,2025-11-13T20:52:33.242276Z,John Smith,public,,Watch this shocking reveal video (see attachment),mp4,mp4_e33a3047-0bf.mp4,False,,benign,0,0,medium,medium,33beb5d2d251
81e470c6-d24,upload,2025-10-10T22:21:26.242311Z,Rahul Verma,admin,,Uploaded media for review,mp4,mp4_81e470c6-d24.mp4,False,,benign,0,0,high,high,aa867b628010
f2552f10-60a,upload,2025-09-30T07:12:15.242345Z,Rahul Verma,admin,,Uploaded media for review,mp4,mp4_f2552f10-60a.mp4,False,,deepfake_media,0,0,medium,medium,33a4e256e7ca
88cb06f0-ef8,sms,2025-09-03T15:57:39.242380Z,+916427579055,+916332186121,uni-scholar.org,Loan approved! Complete KYC at http://uni-scholar.org/surveys?id=88cb06f0-ef8,none,none,True,http://uni-scholar.org/surveys?id=88cb06f0-ef8,benign,0,0,low,low,687ee7859a36
0ebf8f70-553,social,2025-09-25T07:47:26.242419Z,John Smith,public,,Viral video: unbelievable transformation - shared by Rahul Verma,none,none,False,,deepfake_media,1,0,medium,medium,0308344f22a1
8e0ffb44-734,email,2025-09-28T17:33:53.242457Z,user379@docverify.net,user1047@example.com,parcel-track.net,"Security alert: New sign-in from unknown device. Reset here: https://parcel-track.net/?id=8e0ffb44-734 Patient: Sana Ahmed, Acc: XXXX-XXXX-1482",jpg,jpg_8e0ffb44-734.jpg,True,https://parcel-track.net/?id=8e0ffb44-734,benign,0,1,high,high,862bc895d670
e368b7e2-d4a,email,2025-10-31T07:26:23.242643Z,user276@secure-bank.com,user1682@example.com,docverify.net,Action required: Confirm your payment method at https://docverify.net/?id=e368b7e2-d4a. Invoice attached: invoice_e368b7e2-d4a.pdf,pdf,pdf_e368b7e2-d4a.pdf,True,https://docverify.net/?id=e368b7e2-d4a,benign,0,0,low,low,64b402ed44a4
0e4733b2-d42,sms,2025-11-11T18:21:11.242697Z,+917696807981,+919676965087,docverify.net,Package delivery failed. Confirm at http://docverify.net/surveys?id=0e4733b2-d42,none,none,True,http://docverify.net/surveys?id=0e4733b2-d42,benign,0,0,high,high,4f7361401835
2c08f790-1f9,email,2025-10-06T08:12:29.242738Z,user113@payments-update.com,user1103@example.com,uni-scholar.org,Payroll issue: update your bank details: https://uni-scholar.org/?id=2c08f790-1f9,jpg,jpg_2c08f790-1f9.jpg,True,https://uni-scholar.org/?id=2c08f790-1f9,benign,0,0,low,low,f555df5d1c8c
c5a651bc-d0d,email,2025-09-19T03:06:29.242779Z,user818@gov-id.org,user1650@example.com,trusted-health.org,Scholarship awarded! Apply here: https://trusted-health.org/?id=c5a651bc-d0d — limited seats.,jpg,jpg_c5a651bc-d0d.jpg,True,https://trusted-health.org/?id=c5a651bc-d0d,phishing,0,0,critical,critical,adf59e76e89f
77b936af-fd6,document,2025-09-27T21:21:58.242873Z,acmecorp@loanfast.info,records@gov.org,,Offer letter - Company: JobHub Pvt Ltd - Candidate: John Smith,pdf,pdf_77b936af-fd6.pdf,False,,legit_doc,0,0,high,high,9a11ba315f2a
d191281a-ca4,social,2025-09-13T11:51:58.242916Z,Sana Ahmed,public,,Watch this shocking reveal video (see attachment),jpg,jpg_d191281a-ca4.jpg,False,,benign,0,0,low,low,fb119e4a8a27
0fcd9f48-c9f,email,2025-09-13T18:12:53.242952Z,user973@parcel-track.net,user1947@example.com,uni-scholar.org,"Hello, please review attached report",none,none,False,,benign,0,0,low,low,6a1ade07f681
1028ea9e-a9a,sms,2025-09-26T15:04:27.242990Z,+917420997467,+916886774804,docverify.net,Free voucher! Redeem at http://docverify.net/surveys?id=1028ea9e-a9a,none,none,True,http://docverify.net/surveys?id=1028ea9e-a9a,loan_scam,0,0,high,high,aa399586f7be
d690c779-979,email,2025-09-03T17:24:21.243030Z,user359@trusted-health.org,user1646@example.com,parcel-track.net,Security alert: New sign-in from unknown device. Reset here: https://parcel-track.net/?id=d690c779-979,docx,docx_d690c779-979.docx,True,https://parcel-track.net/?id=d690c779-979,benign,0,0,high,high,10e04f281080
c238db3a-8c5,email,2025-11-11T22:19:33.243072Z,user896@uni-scholar.org,user1501@example.com,loanfast.info,Payroll issue: update your bank details: https://loanfast.info/?id=c238db3a-8c5,mp4,mp4_c238db3a-8c5.mp4,True,https://loanfast.info/?id=c238db3a-8c5,phishing,0,0,high,high,8203506af33f
fd16a5e5-ef2,email,2025-08-28T02:20:14.243114Z,user957@payments-update.com,user1481@example.com,trusted-health.org,Action required: Confirm your payment method at https://trusted-health.org/?id=fd16a5e5-ef2. Invoice attached: invoice_fd16a5e5-ef2.pdf,pdf,pdf_fd16a5e5-ef2.pdf,True,https://trusted-health.org/?id=fd16a5e5-ef2,benign,0,0,medium,medium,d702c0b84d6a
70394e03-e88,document,2025-11-11T16:47:58.243155Z,jobhubpvtltd@docverify.net,records@company.com,,Hospital discharge summary - Patient: Vikram Rao - MRN: 70394e03-e88,pdf,pdf_70394e03-e88.pdf,False,,legit_doc,0,0,medium,medium,6000a020815e
dea94367-6d1,sms,2025-11-11T06:34:36.243194Z,+917880388244,+916005188172,payments-update.com,Your exam result updated. Login at http://payments-update.com/surveys?id=dea94367-6d1,none,none,True,http://payments-update.com/surveys?id=dea94367-6d1,scam_sms,0,0,medium,medium,4ca534be2f74
8f05c817-67d,document,2025-11-08T10:58:23.243233Z,jobhubpvtltd@secure-bank.com,records@company.com,,Certified true copy - see attached | DOB: 1988-05-13,pdf,pdf_8f05c817-67d.pdf,False,,legit_doc,0,1,medium,medium,8b3def45d092
90cac14d-6e1,email,2025-10-10T00:14:23.243280Z,user116@uni-scholar.org,user1321@example.com,trusted-health.org,Security alert: New sign-in from unknown device. Reset here: https://trusted-health.org/?id=90cac14d-6e1,jpg,jpg_90cac14d-6e1.jpg,True,https://trusted-health.org/?id=90cac14d-6e1,benign,0,0,low,low,9763e60f4545
b635965e-f35,sms,2025-09-21T15:10:41.243324Z,+917569819299,+917551088765,loanfast.info,Your OTP is 123456 - never share it,none,none,False,,benign,0,0,low,low,d4790875282d
fa5b937c-562,document,2025-09-07T08:37:47.243361Z,fintrustltd@gov-id.org,records@hospital.org,,Offer letter - Company: FinTrust Ltd - Candidate: Sana Ahmed | DOB: 1991-02-28,pdf,pdf_fa5b937c-562.pdf,False,,fake_doc,1,1,high,high,d5b306548aed
cf795753-f76,social,2025-09-17T16:05:21.243406Z,John Smith,public,,Interview leaked - audio attached,jpg,jpg_cf795753-f76.jpg,False,,deepfake_media,1,0,high,high,600e2d8f78b2
206b662c-1a3,social,2025-09-30T04:16:05.243443Z,Rahul Verma,public,,Watch this shocking reveal video (see attachment),none,none,False,,benign,0,0,medium,medium,f20912ba9b86
51e0432b-68c,email,2025-11-18T19:05:29.243477Z,user477@trusted-health.org,user1035@example.com,payments-update.com,Security alert: New sign-in from unknown device. Reset here: https://payments-update.com/?id=51e0432b-68c,docx,docx_51e0432b-68c.docx,True,https://payments-update.com/?id=51e0432b-68c,scholarship_scam,0,0,low,low,29a00e8be40a
6411bdee-a5c,sms,2025-08-25T22:51:07.243519Z,+917768695069,+917899865626,trusted-health.org,Loan approved! Complete KYC at http://trusted-health.org/surveys?id=6411bdee-a5c,none,none,True,http://trusted-health.org/surveys?id=6411bdee-a5c,benign,0,0,low,low,e4125c73ecda
ee2377f8-476,email,2025-10-30T17:26:07.243557Z,user474@gov-id.org,user1746@example.com,payments-update.com,Security alert: New sign-in from unknown device. Reset here: https://payments-update.com/?id=ee2377f8-476,docx,docx_ee2377f8-476.docx,True,https://payments-update.com/?id=ee2377f8-476,benign,0,0,high,high,f2e74ff8a611
ac3d0b6d-83e,email,2025-11-17T08:46:37.243597Z,user260@trusted-health.org,user1961@example.com,trusted-health.org,Scholarship awarded! Apply here: https://trusted-health.org/?id=ac3d0b6d-83e — limited seats.,jpg,jpg_ac3d0b6d-83e.jpg,True,https://trusted-health.org/?id=ac3d0b6d-83e,benign,0,0,low,low,51c5c11ffb4c
530a81bd-a42,email,2025-10-25T22:26:00.243647Z,user404@parcel-track.net,user1534@example.com,uni-scholar.org,Payroll issue: update your bank details: https://uni-scholar.org/?id=530a81bd-a42,jpg,jpg_530a81bd-a42.jpg,True,https://uni-scholar.org/?id=530a81bd-a42,scholarship_scam,0,0,low,low,697ae3e87098
9a5d6c50-434,document,2025-10-16T03:52:19.243689Z,fintrustltd@gov-id.org,records@gov.org,,Certified true copy - see attached,docx,docx_9a5d6c50-434.docx,False,,legit_doc,0,0,medium,medium,a8883c8bea2a
a7673bea-860,sms,2025-11-21T17:48:21.243728Z,+916180018139,+917909118345,gov-id.org,Package delivery failed. Confirm at http://gov-id.org/surveys?id=a7673bea-860,none,none,True,http://gov-id.org/surveys?id=a7673bea-860,benign,0,0,low,low,fa0c45cfa265
0c0af159-685,email,2025-10-13T21:10:37.243766Z,user804@gov-id.org,user1740@example.com,gov-id.org,Scholarship awarded! Apply here: https://gov-id.org/?id=0c0af159-685 — limited seats.,none,none,True,https://gov-id.org/?id=0c0af159-685,benign,0,0,medium,medium,835e27e7fda7
f00c43a2-eee,upload,2025-09-21T12:06:17.243807Z,Aisha Khan,admin,,Uploaded media for review,mp4,mp4_f00c43a2-eee.mp4,False,,deepfake_media,0,0,high,high,7cc68ba5e2d9
aab86dc3-d96,sms,2025-09-19T16:22:02.243841Z,+918195063536,+918525229778,gov-id.org,Free voucher! Redeem at http://gov-id.org/surveys?id=aab86dc3-d96,none,none,True,http://gov-id.org/surveys?id=aab86dc3-d96,scam_sms,0,0,high,high,9087c725e9b2
5efd6726-655,email,2025-10-18T23:04:26.243878Z,user230@secure-bank.com,user1943@example.com,trusted-health.org,"Scholarship awarded! Apply here: https://trusted-health.org/?id=5efd6726-655 — limited seats. Patient: Sana Ahmed, Acc: XXXX-XXXX-6984",pdf,pdf_5efd6726-655.pdf,True,https://trusted-health.org/?id=5efd6726-655,phishing,0,1,high,high,655fc36a8759
5debfdae-fda,document,2025-10-27T01:47:01.243927Z,medilifehospital@parcel-track.net,records@company.com,,Government ID correction letter - Ref: 5debfdae-fda | DOB: 1996-06-15,docx,docx_5debfdae-fda.docx,False,,fake_doc,1,1,medium,medium,0ad5dacb0adc
4c03eaf6-3f6,social,2025-09-12T21:02:30.244039Z,Aisha Khan,public,,Watch this shocking reveal video (see attachment),none,none,False,,harassment,0,0,medium,medium,cd4c28e180e0
45cbf93b-471,document,2025-10-01T02:04:22.244077Z,acmecorp@gov-id.org,records@hospital.org,,Government ID correction letter - Ref: 45cbf93b-471,pdf,pdf_45cbf93b-471.pdf,False,,legit_doc,0,0,medium,medium,510e29b0013e
c24054e3-fdc,document,2025-10-12T08:27:57.244116Z,fintrustltd@loanfast.info,records@hospital.org,,Certified true copy - see attached | DOB: 1989-02-14,pdf,pdf_c24054e3-fdc.pdf,False,,fake_doc,0,1,medium,medium,7c7b0691344c
af1a8fc9-08f,social,2025-11-10T02:48:20.244165Z,John Smith,public,,Watch this shocking reveal video (see attachment),jpg,jpg_af1a8fc9-08f.jpg,False,,benign,0,0,medium,medium,1f75b9014968
7810e851-e84,sms,2025-10-29T15:35:07.244203Z,+918173536028,+916929616368,uni-scholar.org,Your OTP is 123456 - never share it,none,none,False,,benign,0,0,medium,medium,defa7263092a
a18a13d6-591,email,2025-11-15T14:38:10.244241Z,user952@uni-scholar.org,user1930@example.com,uni-scholar.org,"Hello, please review attached report",pdf,pdf_a18a13d6-591.pdf,False,,benign,0,0,low,low,9c6515a22ead
7a351ef3-974,upload,2025-09-11T00:47:48.244279Z,Rahul Verma,admin,,Uploaded media for review,png,png_7a351ef3-974.png,False,,deepfake_media,0,0,low,low,f8bf24eb6f31
98389218-f2a,email,2025-09-15T22:23:08.244312Z,user327@docverify.net,user1772@example.com,gov-id.org,Urgent: Your account will be suspended. Click https://gov-id.org/?id=98389218-f2a to verify now.,jpg,jpg_98389218-f2a.jpg,True,https://gov-id.org/?id=98389218-f2a,invoice_fraud,0,0,high,high,c04c62438935
5bfcc626-d4d,social,2025-09-11T18:10:15.244355Z,Sana Ahmed,public,,Interview leaked - audio attached,none,none,False,,benign,0,0,medium,medium,006b2aea873a
5ce8634b-db4,email,2025-11-22T06:02:31.244390Z,user655@gov-id.org,user1955@example.com,trusted-health.org,Urgent: Your account will be suspended. Click https://trusted-health.org/?id=5ce8634b-db4 to verify now.,none,none,True,https://trusted-health.org/?id=5ce8634b-db4,phishing,0,0,medium,medium,07445b4bc529
cdd06397-6aa,email,2025-10-24T18:32:47.244430Z,user366@loanfast.info,user1761@example.com,gov-id.org,Urgent: Your account will be suspended. Click https://gov-id.org/?id=cdd06397-6aa to verify now.,none,none,True,https://gov-id.org/?id=cdd06397-6aa,phishing,0,0,high,high,fe661039eed1
8a129e43-c1f,upload,2025-11-08T02:12:15.244468Z,Rahul Verma,admin,,Uploaded media for review,jpg,jpg_8a129e43-c1f.jpg,False,,deepfake_media,1,0,low,low,54152fc1437e
101c36c1-6ba,email,2025-08-24T12:06:23.244505Z,user293@payments-update.com,user1426@example.com,docverify.net,Payroll issue: update your bank details: https://docverify.net/?id=101c36c1-6ba,none,none,True,https://docverify.net/?id=101c36c1-6ba,benign,0,0,low,low,dac24db5c738
3bc1a164-e57,email,2025-10-22T00:40:55.244548Z,user515@payments-update.com,user1264@example.com,trusted-health.org,Security alert: New sign-in from unknown device. Reset here: https://trusted-health.org/?id=3bc1a164-e57,png,png_3bc1a164-e57.png,True,https://trusted-health.org/?id=3bc1a164-e57,benign,0,0,low,low,fedd03d65bb1
4cf97acf-223,email,2025-11-11T00:49:46.244602Z,user810@uni-scholar.org,user1675@example.com,loanfast.info,Payroll issue: update your bank details: https://loanfast.info/?id=4cf97acf-223,none,none,True,https://loanfast.info/?id=4cf97acf-223,benign,0,0,low,low,2f168c365328
aa9ad24a-b7a,email,2025-08-28T23:24:18.244643Z,user388@uni-scholar.org,user1185@example.com,docverify.net,Action required: Confirm your payment method at https://docverify.net/?id=aa9ad24a-b7a. Invoice attached: invoice_aa9ad24a-b7a.pdf,pdf,pdf_aa9ad24a-b7a.pdf,True,https://docverify.net/?id=aa9ad24a-b7a,benign,0,0,medium,medium,653c921b5373
530affe0-53a,email,2025-10-23T08:18:34.244686Z,user891@gov-id.org,user1477@example.com,parcel-track.net,Urgent: Your account will be suspended. Click https://parcel-track.net/?id=530affe0-53a to verify now.,docx,docx_530affe0-53a.docx,True,https://parcel-track.net/?id=530affe0-53a,phishing,0,0,high,high,3fb54aafe5f1
fa790153-278,document,2025-11-17T23:07:14.244721Z,acmecorp@uni-scholar.org,records@gov.org,,Government ID correction letter - Ref: fa790153-278 | DOB: 2006-03-20,docx,docx_fa790153-278.docx,False,,fake_doc,1,1,high,high,1fc1f0c14b7c
012fec93-581,social,2025-09-02T08:50:07.244753Z,Vikram Rao,public,,Interview leaked - audio attached,none,none,False,,benign,0,0,medium,medium,ccd357518bf9
d813e25a-279,email,2025-09-19T21:56:23.244778Z,user193@parcel-track.net,user1117@example.com,gov-id.org,Action required: Confirm your payment method at https://gov-id.org/?id=d813e25a-279. Invoice attached: invoice_d813e25a-279.pdf,pdf,pdf_d813e25a-279.pdf,True,https://gov-id.org/?id=d813e25a-279,phishing,0,0,medium,medium,cfb86c4f655c
968c8e3f-4f1,email,2025-09-02T19:02:16.244807Z,user957@secure-bank.com,user1493@example.com,uni-scholar.org,"Scholarship awarded! Apply here: https://uni-scholar.org/?id=968c8e3f-4f1 — limited seats. Patient: Rahul Verma, Acc: XXXX-XXXX-8382",none,none,True,https://uni-scholar.org/?id=968c8e3f-4f1,benign,0,1,low,low,ec84bef28957
749108f7-d4c,email,2025-09-15T08:09:24.244839Z,user782@loanfast.info,user1511@example.com,uni-scholar.org,"Action required: Confirm your payment method at https://uni-scholar.org/?id=749108f7-d4c. Invoice attached: invoice_749108f7-d4c.pdf Patient: John Smith, Acc: XXXX-XXXX-2267",pdf,pdf_749108f7-d4c.pdf,True,https://uni-scholar.org/?id=749108f7-d4c,benign,0,1,low,low,8db145b94587
640d10f4-28b,email,2025-11-16T10:50:40.244869Z,user783@secure-bank.com,user1361@example.com,trusted-health.org,Security alert: New sign-in from unknown device. Reset here: https://trusted-health.org/?id=640d10f4-28b,pdf,pdf_640d10f4-28b.pdf,True,https://trusted-health.org/?id=640d10f4-28b,benign,0,0,high,high,3e32ceb0c190
bd3aa2f5-9fe,social,2025-11-05T23:42:55.244896Z,Meera Patel,public,,Watch this shocking reveal video (see attachment),jpg,jpg_bd3aa2f5-9fe.jpg,False,,benign,0,0,medium,medium,5e3279698943
383e6ef3-0a9,document,2025-10-11T02:07:41.244920Z,jobhubpvtltd@payments-update.com,records@gov.org,,Medical test report - Patient: John Smith - Result: Pending - Ref 383e6ef3-0a9,docx,docx_383e6ef3-0a9.docx,False,,legit_doc,0,0,low,low,f527f5d4a7c8
ca31124f-aaf,document,2025-09-21T06:22:43.244948Z,jobhubpvtltd@uni-scholar.org,records@company.com,,Certified true copy - see attached | DOB: 1989-09-17,docx,docx_ca31124f-aaf.docx,False,,fake_doc,0,1,medium,medium,7acbe9357d24
bf0af6d9-ab2,document,2025-10-18T19:57:35.244976Z,acmecorp@gov-id.org,records@hospital.org,,Offer letter - Company: Global Uni - Candidate: John Smith | DOB: 1990-07-14,pdf,pdf_bf0af6d9-ab2.pdf,False,,legit_doc,0,1,medium,medium,266a112014cf
4735a31f-8a8,email,2025-10-06T16:47:11.245004Z,user617@payments-update.com,user1151@example.com,secure-bank.com,Payroll issue: update your bank details: https://secure-bank.com/?id=4735a31f-8a8,none,none,True,https://secure-bank.com/?id=4735a31f-8a8,benign,0,0,low,low,18eb8860dc2f
712ee76f-106,email,2025-10-12T08:05:57.245031Z,user946@payments-update.com,user1622@example.com,loanfast.info,"Hello, please review attached report",jpg,jpg_712ee76f-106.jpg,False,,benign,0,0,critical,critical,5675b91d5fab
38237711-0e9,social,2025-09-02T00:08:29.245056Z,John Smith,public,,Watch this shocking reveal video (see attachment),mp4,mp4_38237711-0e9.mp4,False,,benign,0,0,low,low,dcee0187b056
e94c20c2-8cc,email,2025-11-12T05:44:35.245080Z,user625@uni-scholar.org,user1478@example.com,trusted-health.org,Urgent: Your account will be suspended. Click https://trusted-health.org/?id=e94c20c2-8cc to verify now.,png,png_e94c20c2-8cc.png,True,https://trusted-health.org/?id=e94c20c2-8cc,benign,0,0,low,low,2230fd88aab0
8406707a-9da,email,2025-09-13T10:43:38.245107Z,user984@secure-bank.com,user1045@example.com,parcel-track.net,Payroll issue: update your bank details: https://parcel-track.net/?id=8406707a-9da,pdf,pdf_8406707a-9da.pdf,True,https://parcel-track.net/?id=8406707a-9da,benign,0,0,medium,medium,796a9146cfe0
e91ba0f9-e37,sms,2025-10-11T09:31:15.245133Z,+919879403273,+919628694923,uni-scholar.org,Your OTP is 123456 - never share it,none,none,False,,benign,0,0,low,low,3d859051546d
335787fe-482,email,2025-10-11T22:14:27.245179Z,user433@secure-bank.com,user1393@example.com,secure-bank.com,Urgent: Your account will be suspended. Click https://secure-bank.com/?id=335787fe-482 to verify now.,mp4,mp4_335787fe-482.mp4,True,https://secure-bank.com/?id=335787fe-482,phishing,0,0,medium,medium,150a07484e25
27903083-13b,sms,2025-10-07T14:33:02.245209Z,+918544246550,+917101069489,docverify.net,Your OTP is 123456 - never share it,none,none,False,,benign,0,0,medium,medium,fecc234e984a
fa3108dc-3e6,email,2025-09-22T06:36:07.245235Z,user254@uni-scholar.org,user1421@example.com,secure-bank.com,Urgent: Your account will be suspended. Click https://secure-bank.com/?id=fa3108dc-3e6 to verify now.,none,none,True,https://secure-bank.com/?id=fa3108dc-3e6,phishing,0,0,high,high,cf802ef4bdf3
99310f2f-2e2,sms,2025-09-17T16:16:07.245263Z,+918830632295,+918534787224,gov-id.org,Free voucher! Redeem at http://gov-id.org/surveys?id=99310f2f-2e2,none,none,True,http://gov-id.org/surveys?id=99310f2f-2e2,benign,0,0,low,low,44125d66d241
a50fde10-f61,email,2025-09-11T06:04:46.245289Z,user895@trusted-health.org,user1031@example.com,gov-id.org,Security alert: New sign-in from unknown device. Reset here: https://gov-id.org/?id=a50fde10-f61,pdf,pdf_a50fde10-f61.pdf,True,https://gov-id.org/?id=a50fde10-f61,benign,0,0,medium,medium,52f05f56616b
df1c0cdc-5c8,sms,2025-10-22T07:18:58.245315Z,+919927573226,+918117207298,parcel-track.net,Loan approved! Complete KYC at http://parcel-track.net/surveys?id=df1c0cdc-5c8,none,none,True,http://parcel-track.net/surveys?id=df1c0cdc-5c8,loan_scam,0,0,low,low,6056e737ad56
0c4b3220-0cb,social,2025-10-07T05:35:50.245341Z,Meera Patel,public,,Viral video: unbelievable transformation - shared by Meera Patel,mp4,mp4_0c4b3220-0cb.mp4,False,,benign,0,0,medium,medium,b2ca0a9e6058
2cc935f6-315,document,2025-11-14T21:42:16.245365Z,medilifehospital@trusted-health.org,records@gov.org,,Certified true copy - see attached | DOB: 1974-09-12,pdf,pdf_2cc935f6-315.pdf,False,,legit_doc,0,1,low,low,5a72487a43a5
10e15ccb-154,sms,2025-11-06T14:33:41.245393Z,+917139520935,+919290946694,secure-bank.com,Your OTP is 123456 - never share it,none,none,False,,scam_sms,0,0,medium,medium,edc437539944
bbdcd1ff-f6b,email,2025-10-17T18:35:07.245417Z,user347@uni-scholar.org,user1650@example.com,loanfast.info,"Payroll issue: update your bank details: https://loanfast.info/?id=bbdcd1ff-f6b Patient: Sana Ahmed, Acc: XXXX-XXXX-9314",mp4,mp4_bbdcd1ff-f6b.mp4,True,https://loanfast.info/?id=bbdcd1ff-f6b,benign,0,1,medium,medium,fee5092b6830
f97585a0-949,document,2025-09-14T14:12:12.245446Z,globaluni@gov-id.org,records@hospital.org,,Offer letter - Company: MediLife Hospital - Candidate: John Smith | DOB: 2007-01-14,docx,docx_f97585a0-949.docx,False,,legit_doc,0,1,critical,critical,70d57d05c00b
dcf5d33a-2cb,sms,2025-10-31T16:39:28.245475Z,+918167438600,+917834700364,secure-bank.com,Package delivery failed. Confirm at http://secure-bank.com/surveys?id=dcf5d33a-2cb,none,none,True,http://secure-bank.com/surveys?id=dcf5d33a-2cb,loan_scam,0,0,medium,medium,33fa250b250e
9f759c75-f00,social,2025-10-11T09:01:32.245500Z,John Smith,public,,Interview leaked - audio attached,none,none,False,,harassment,0,0,low,low,4a5bcf0268ae
71759170-fd1,document,2025-10-30T10:09:28.245523Z,jobhubpvtltd@loanfast.info,records@hospital.org,,Hospital discharge summary - Patient: Aisha Khan - MRN: 71759170-fd1,docx,docx_71759170-fd1.docx,False,,legit_doc,0,0,low,low,617237db75d8
08c54329-6a1,sms,2025-09-19T01:18:16.245549Z,+919854495249,+916446141561,parcel-track.net,Your OTP is 123456 - never share it,none,none,False,,loan_scam,0,0,high,high,2a4bdecfb825
d01507fa-4c3,sms,2025-10-24T06:42:44.245573Z,+919588570022,+917179380884,docverify.net,Your exam result updated. Login at http://docverify.net/surveys?id=d01507fa-4c3,none,none,True,http://docverify.net/surveys?id=d01507fa-4c3,benign,0,0,low,low,5c0071b07e4e
200c8baa-770,email,2025-11-06T23:43:29.245598Z,user442@loanfast.info,user1451@example.com,loanfast.info,Security alert: New sign-in from unknown device. Reset here: https://loanfast.info/?id=200c8baa-770,mp4,mp4_200c8baa-770.mp4,True,https://loanfast.info/?id=200c8baa-770,phishing,0,0,medium,medium,ffad9a106965
70154885-84e,document,2025-10-09T19:59:21.245627Z,jobhubpvtltd@loanfast.info,records@hospital.org,,Government ID correction letter - Ref: 70154885-84e | DOB: 1970-06-16,docx,docx_70154885-84e.docx,False,,fake_doc,1,1,high,high,73cb7e7d96f5
b624b3e7-8b0,sms,2025-10-08T20:42:41.245655Z,+916674455914,+916860450699,secure-bank.com,Your OTP is 123456 - never share it,none,none,False,,loan_scam,0,0,low,low,675de3688a61
115072ee-aa1,social,2025-10-17T17:25:50.245679Z,Aisha Khan,public,,Viral video: unbelievable transformation - shared by Aisha Khan,none,none,False,,benign,0,0,medium,medium,bf40565d7040
2c4b9742-dab,email,2025-08-24T02:10:28.245703Z,user425@trusted-health.org,user1634@example.com,payments-update.com,Payroll issue: update your bank details: https://payments-update.com/?id=2c4b9742-dab,png,png_2c4b9742-dab.png,True,https://payments-update.com/?id=2c4b9742-dab,phishing,0,0,high,high,ad10125aeb0b
22af4ec4-cbe,email,2025-08-31T03:59:28.245731Z,user513@uni-scholar.org,user1920@example.com,uni-scholar.org,Security alert: New sign-in from unknown device. Reset here: https://uni-scholar.org/?id=22af4ec4-cbe,pdf,pdf_22af4ec4-cbe.pdf,True,https://uni-scholar.org/?id=22af4ec4-cbe,phishing,0,0,medium,medium,85ce2c02ecb1
cbcf6fb6-734,social,2025-11-09T08:10:03.245760Z,Rahul Verma,public,,Viral video: unbelievable transformation - shared by Rahul Verma,none,none,False,,benign,0,0,medium,medium,088b2cc1abc3
53142d1d-892,email,2025-11-06T10:00:54.245784Z,user963@loanfast.info,user1325@example.com,loanfast.info,Payroll issue: update your bank details: https://loanfast.info/?id=53142d1d-892,jpg,jpg_53142d1d-892.jpg,True,https://loanfast.info/?id=53142d1d-892,benign,0,0,medium,medium,5f973fb5d80a
9b0f213d-11a,email,2025-11-22T23:48:29.245881Z,user738@parcel-track.net,user1708@example.com,docverify.net,Security alert: New sign-in from unknown device. Reset here: https://docverify.net/?id=9b0f213d-11a,mp4,mp4_9b0f213d-11a.mp4,True,https://docverify.net/?id=9b0f213d-11a,benign,0,0,high,high,dd8967dbca89
8d806f6a-4ca,email,2025-09-30T21:20:40.245943Z,user266@docverify.net,user1216@example.com,docverify.net,Action required: Confirm your payment method at https://docverify.net/?id=8d806f6a-4ca. Invoice attached: invoice_8d806f6a-4ca.pdf,pdf,pdf_8d806f6a-4ca.pdf,True,https://docverify.net/?id=8d806f6a-4ca,benign,0,0,medium,medium,9924feb92ce3
284e64c2-5ee,sms,2025-09-20T05:08:40.245992Z,+917815328920,+916373726340,parcel-track.net,Package delivery failed. Confirm at http://parcel-track.net/surveys?id=284e64c2-5ee,none,none,True,http://parcel-track.net/surveys?id=284e64c2-5ee,benign,0,0,low,low,4b8e380c58db
cf5e30c5-c75,email,2025-11-20T00:20:56.246033Z,user760@payments-update.com,user1817@example.com,gov-id.org,Action required: Confirm your payment method at https://gov-id.org/?id=cf5e30c5-c75. Invoice attached: invoice_cf5e30c5-c75.pdf,pdf,pdf_cf5e30c5-c75.pdf,True,https://gov-id.org/?id=cf5e30c5-c75,phishing,0,0,medium,medium,fd307ee28c93
2bc10c29-565,document,2025-10-10T17:34:55.246075Z,medilifehospital@gov-id.org,records@company.com,,Offer letter - Company: Acme Corp - Candidate: Rahul Verma,pdf,pdf_2bc10c29-565.pdf,False,,fake_doc,1,0,high,high,553376434b6c
2acdfcdf-d4b,email,2025-09-18T17:36:05.246121Z,user806@trusted-health.org,user1700@example.com,payments-update.com,Security alert: New sign-in from unknown device. Reset here: https://payments-update.com/?id=2acdfcdf-d4b,mp4,mp4_2acdfcdf-d4b.mp4,True,https://payments-update.com/?id=2acdfcdf-d4b,benign,0,0,high,high,cc341efbbe48
038a71eb-df5,sms,2025-11-04T08:49:04.246163Z,+919476664398,+918027020804,payments-update.com,Your OTP is 123456 - never share it,none,none,False,,benign,0,0,critical,critical,7e66cca58c91
7455284a-342,email,2025-09-14T16:55:14.246199Z,user403@trusted-health.org,user1988@example.com,parcel-track.net,Urgent: Your account will be suspended. Click https://parcel-track.net/?id=7455284a-342 to verify now.,mp4,mp4_7455284a-342.mp4,True,https://parcel-track.net/?id=7455284a-342,benign,0,0,critical,critical,258b910183ec
2d0a9944-be0,upload,2025-10-06T03:27:32.246294Z,Vikram Rao,admin,,Uploaded media for review,mp4,mp4_2d0a9944-be0.mp4,False,,deepfake_media,1,0,medium,medium,9dfcd95e7954
e8727a42-370,document,2025-10-26T14:39:37.246334Z,medilifehospital@secure-bank.com,records@company.com,,Offer letter - Company: Acme Corp - Candidate: Sana Ahmed,docx,docx_e8727a42-370.docx,False,,legit_doc,0,0,low,low,36f5c82781e5
e00f5c8c-019,upload,2025-09-24T16:27:25.246375Z,Sana Ahmed,admin,,Uploaded media for review,jpg,jpg_e00f5c8c-019.jpg,False,,deepfake_media,1,0,low,low,de8f3c884058
a22d0331-32c,social,2025-10-31T13:55:50.246407Z,Rahul Verma,public,,Watch this shocking reveal video (see attachment),jpg,jpg_a22d0331-32c.jpg,False,,benign,0,0,medium,medium,f2cf34ec455b
5542e2df-676,sms,2025-11-08T13:23:00.246441Z,+916010862744,+916930614411,trusted-health.org,Free voucher! Redeem at http://trusted-health.org/surveys?id=5542e2df-676,none,none,True,http://trusted-health.org/surveys?id=5542e2df-676,benign,0,0,low,low,5aad9de874ba
726fa28c-ab9,email,2025-10-23T08:16:04.246486Z,user262@payments-update.com,user1289@example.com,loanfast.info,"Hello, please review attached report",png,png_726fa28c-ab9.png,False,,benign,0,0,high,high,20762351d504
979d6d05-c18,social,2025-10-06T07:48:12.246524Z,Meera Patel,public,,Watch this shocking reveal video (see attachment),none,none,False,,deepfake_media,1,0,medium,medium,8e491939e5f3
c5da4420-119,social,2025-10-19T08:48:19.246559Z,Aisha Khan,public,,Watch this shocking reveal video (see attachment),none,none,False,,benign,0,0,medium,medium,49370a73bef9
576b9e35-243,sms,2025-10-16T17:14:14.246606Z,+919913817733,+918319678360,parcel-track.net,Your exam result updated. Login at http://parcel-track.net/surveys?id=576b9e35-243,none,none,True,http://parcel-track.net/surveys?id=576b9e35-243,benign,0,0,low,low,4e6b67681a01
ce401978-aa2,sms,2025-11-02T01:00:14.246644Z,+918677059252,+916970887146,trusted-health.org,Package delivery failed. Confirm at http://trusted-health.org/surveys?id=ce401978-aa2,none,none,True,http://trusted-health.org/surveys?id=ce401978-aa2,scam_sms,0,0,medium,medium,f4811a6c18d8
d0c0ada1-810,email,2025-10-11T01:56:26.246682Z,user812@trusted-health.org,user1373@example.com,loanfast.info,Scholarship awarded! Apply here: https://loanfast.info/?id=d0c0ada1-810 — limited seats.,mp4,mp4_d0c0ada1-810.mp4,True,https://loanfast.info/?id=d0c0ada1-810,benign,0,0,high,high,1808d18282ad
26fd611c-8d1,email,2025-10-19T20:57:35.246727Z,user458@loanfast.info,user1159@example.com,payments-update.com,Scholarship awarded! Apply here: https://payments-update.com/?id=26fd611c-8d1 — limited seats.,docx,docx_26fd611c-8d1.docx,True,https://payments-update.com/?id=26fd611c-8d1,benign,0,0,medium,medium,e4c1557a0553
e821d8bc-295,social,2025-11-19T20:56:54.246768Z,John Smith,public,,Watch this shocking reveal video (see attachment),jpg,jpg_e821d8bc-295.jpg,False,,harassment,0,0,medium,medium,bed6be5b23f5
c4c121a8-6f2,upload,2025-11-17T22:54:14.246802Z,Rahul Verma,admin,,Uploaded media for review,mp4,mp4_c4c121a8-6f2.mp4,False,,benign,0,0,low,low,d6b13938ab28
eb675f78-bf6,email,2025-09-13T19:53:06.246833Z,user583@loanfast.info,user1363@example.com,trusted-health.org,Urgent: Your account will be suspended. Click https://trusted-health.org/?id=eb675f78-bf6 to verify now.,jpg,jpg_eb675f78-bf6.jpg,True,https://trusted-health.org/?id=eb675f78-bf6,benign,0,0,low,low,bc0e42530be2
28171e64-d9a,sms,2025-09-23T00:19:15.246871Z,+918177635859,+917823078024,uni-scholar.org,Package delivery failed. Confirm at http://uni-scholar.org/surveys?id=28171e64-d9a,none,none,True,http://uni-scholar.org/surveys?id=28171e64-d9a,benign,0,0,low,low,48d9e5386fe9
27378af0-c74,upload,2025-10-24T09:54:25.246910Z,Vikram Rao,admin,,Uploaded media for review,png,png_27378af0-c74.png,False,,benign,0,0,medium,medium,66b252ac9025
c285562b-8f3,email,2025-10-30T07:08:46.246942Z,user396@loanfast.info,user1649@example.com,trusted-health.org,"Hello, please review attached report",pdf,pdf_c285562b-8f3.pdf,False,,benign,0,0,low,low,408b69e70742
183a0fe6-573,email,2025-10-02T18:26:44.246978Z,user347@docverify.net,user1023@example.com,secure-bank.com,"Hello, please review attached report",docx,docx_183a0fe6-573.docx,False,,phishing,0,0,high,high,c3117081156f
d639312d-dd0,sms,2025-09-20T03:04:50.247016Z,+916557566055,+918829369172,uni-scholar.org,Free voucher! Redeem at http://uni-scholar.org/surveys?id=d639312d-dd0,none,none,True,http://uni-scholar.org/surveys?id=d639312d-dd0,scam_sms,0,0,high,high,25dd791e6860
122bf059-890,upload,2025-09-22T06:05:17.247054Z,Meera Patel,admin,,Uploaded media for review,jpg,jpg_122bf059-890.jpg,False,,benign,0,0,high,high,ae2929711927
bb6dfe0b-c1c,email,2025-09-14T19:56:18.247085Z,user692@parcel-track.net,user1059@example.com,trusted-health.org,Urgent: Your account will be suspended. Click https://trusted-health.org/?id=bb6dfe0b-c1c to verify now.,jpg,jpg_bb6dfe0b-c1c.jpg,True,https://trusted-health.org/?id=bb6dfe0b-c1c,phishing,0,0,high,high,61a68f6e078a
b17c4423-83f,document,2025-09-14T15:23:08.247133Z,acmecorp@parcel-track.net,records@company.com,,Medical test report - Patient: Vikram Rao - Result: Pending - Ref b17c4423-83f,pdf,pdf_b17c4423-83f.pdf,False,,legit_doc,0,0,high,high,16caace437cd
56ad1b49-7b5,social,2025-08-28T18:34:24.247173Z,Sana Ahmed,public,,Interview leaked - audio attached,none,none,False,,benign,0,0,high,high,79a46382962e
86ac1e34-cdc,email,2025-10-30T15:33:35.247207Z,user965@parcel-track.net,user1998@example.com,loanfast.info,Action required: Confirm your payment method at https://loanfast.info/?id=86ac1e34-cdc. Invoice attached: invoice_86ac1e34-cdc.pdf,pdf,pdf_86ac1e34-cdc.pdf,True,https://loanfast.info/?id=86ac1e34-cdc,phishing,0,0,medium,medium,7723dc8d9452
c1eab6f4-996,email,2025-11-10T06:34:47.247247Z,user252@loanfast.info,user1464@example.com,secure-bank.com,Urgent: Your account will be suspended. Click https://secure-bank.com/?id=c1eab6f4-996 to verify now.,png,png_c1eab6f4-996.png,True,https://secure-bank.com/?id=c1eab6f4-996,job_scam,0,0,medium,medium,9e111f14f571
4270f59f-dde,sms,2025-10-29T04:04:11.247287Z,+918699732937,+919825414974,secure-bank.com,Package delivery failed. Confirm at http://secure-bank.com/surveys?id=4270f59f-dde,none,none,True,http://secure-bank.com/surveys?id=4270f59f-dde,loan_scam,0,0,critical,critical,45fedc1e7641
ad5c6e76-f7a,sms,2025-10-10T16:51:13.247325Z,+917082001959,+919082045549,loanfast.info,Your OTP is 123456 - never share it,none,none,False,,benign,0,0,low,low,cce4509b64ab
c896cc9f-45c,email,2025-10-10T09:00:04.247363Z,user139@loanfast.info,user1116@example.com,trusted-health.org,Security alert: New sign-in from unknown device. Reset here: https://trusted-health.org/?id=c896cc9f-45c,mp4,mp4_c896cc9f-45c.mp4,True,https://trusted-health.org/?id=c896cc9f-45c,benign,0,0,high,high,305b32a0488c
bfd77795-ea6,sms,2025-10-26T21:19:30.247405Z,+916856032058,+916495288208,gov-id.org,Your exam result updated. Login at http://gov-id.org/surveys?id=bfd77795-ea6,none,none,True,http://gov-id.org/surveys?id=bfd77795-ea6,scam_sms,0,0,high,high,7ee43b705b4c
a818a008-651,sms,2025-09-20T23:02:38.247442Z,+919584858161,+917425055191,trusted-health.org,Package delivery failed. Confirm at http://trusted-health.org/surveys?id=a818a008-651,none,none,True,http://trusted-health.org/surveys?id=a818a008-651,scam_sms,0,0,low,low,dcf698681986
b2134f3c-269,document,2025-10-15T11:33:35.247480Z,globaluni@secure-bank.com,records@company.com,,Medical test report - Patient: John Smith - Result: Pending - Ref b2134f3c-269,docx,docx_b2134f3c-269.docx,False,,legit_doc,0,0,low,low,6530f938e27e
205c7250-10e,sms,2025-09-20T02:12:29.247519Z,+919146623199,+919226714104,trusted-health.org,Loan approved! Complete KYC at http://trusted-health.org/surveys?id=205c7250-10e,none,none,True,http://trusted-health.org/surveys?id=205c7250-10e,benign,0,0,medium,medium,4e9d1c8417f7
bcaf6d4d-05e,sms,2025-10-07T06:32:05.247556Z,+917366162164,+917182920910,docverify.net,Your exam result updated. Login at http://docverify.net/surveys?id=bcaf6d4d-05e,none,none,True,http://docverify.net/surveys?id=bcaf6d4d-05e,scam_sms,0,0,medium,medium,4242ecc8e9bf
87d0f43a-577,email,2025-10-15T08:46:36.247617Z,user195@loanfast.info,user1816@example.com,docverify.net,Payroll issue: update your bank details: https://docverify.net/?id=87d0f43a-577,png,png_87d0f43a-577.png,True,https://docverify.net/?id=87d0f43a-577,phishing,0,0,medium,medium,98d32edca952
2d3c34d2-b7b,email,2025-10-28T17:24:05.247660Z,user847@payments-update.com,user1605@example.com,secure-bank.com,Urgent: Your account will be suspended. Click https://secure-bank.com/?id=2d3c34d2-b7b to verify now.,none,none,True,https://secure-bank.com/?id=2d3c34d2-b7b,benign,0,0,medium,medium,6df07a593370
3ef8eb3d-0cf,sms,2025-09-17T10:27:22.247699Z,+916013985026,+917027934734,secure-bank.com,Your exam result updated. Login at http://secure-bank.com/surveys?id=3ef8eb3d-0cf,none,none,True,http://secure-bank.com/surveys?id=3ef8eb3d-0cf,benign,0,0,low,low,531352065659
31c826eb-39f,sms,2025-10-07T01:22:06.247736Z,+918048254940,+919842545909,uni-scholar.org,Your OTP is 123456 - never share it,none,none,False,,scam_sms,0,0,medium,medium,e088210a7b67
4571dee3-5ea,email,2025-11-18T10:35:24.247776Z,user659@payments-update.com,user1223@example.com,docverify.net,Security alert: New sign-in from unknown device. Reset here: https://docverify.net/?id=4571dee3-5ea,png,png_4571dee3-5ea.png,True,https://docverify.net/?id=4571dee3-5ea,benign,0,0,medium,medium,882955fc27cc
5202ee92-7f7,email,2025-10-11T16:15:01.247816Z,user910@secure-bank.com,user1350@example.com,parcel-track.net,Action required: Confirm your payment method at https://parcel-track.net/?id=5202ee92-7f7. Invoice attached: invoice_5202ee92-7f7.pdf,pdf,pdf_5202ee92-7f7.pdf,True,https://parcel-track.net/?id=5202ee92-7f7,invoice_fraud,0,0,high,high,fcb277ffa393
e8d5f383-2ed,social,2025-10-10T18:50:57.247858Z,Rahul Verma,public,,Interview leaked - audio attached,none,none,False,,harassment,0,0,medium,medium,bdcd661249e3
d2e95a50-70a,document,2025-09-22T15:02:38.247891Z,medilifehospital@secure-bank.com,records@company.com,,Medical test report - Patient: Aisha Khan - Result: Pending - Ref d2e95a50-70a | DOB: 1977-01-23,docx,docx_d2e95a50-70a.docx,False,,legit_doc,0,1,low,low,45ca6d20fac4
4aa84c0f-df7,sms,2025-09-07T16:23:14.247940Z,+917380187522,+917520561316,docverify.net,Loan approved! Complete KYC at http://docverify.net/surveys?id=4aa84c0f-df7,none,none,True,http://docverify.net/surveys?id=4aa84c0f-df7,scam_sms,0,0,medium,medium,b2f36ed23936
6b68808b-16d,email,2025-10-17T23:30:28.247981Z,user300@loanfast.info,user1536@example.com,secure-bank.com,Payroll issue: update your bank details: https://secure-bank.com/?id=6b68808b-16d,png,png_6b68808b-16d.png,True,https://secure-bank.com/?id=6b68808b-16d,invoice_fraud,0,0,medium,medium,d84bca61e2f7
3cf2d8fb-f64,sms,2025-09-03T10:44:23.248024Z,+916299216260,+917678503807,payments-update.com,Package delivery failed. Confirm at http://payments-update.com/surveys?id=3cf2d8fb-f64,none,none,True,http://payments-update.com/surveys?id=3cf2d8fb-f64,benign,0,0,medium,medium,098ba53c56f7
c76e7bcc-c8d,email,2025-10-25T05:58:47.248059Z,user284@gov-id.org,user1950@example.com,uni-scholar.org,"Hello, please review attached report",none,none,False,,benign,0,0,high,high,70a6f1063544
9acea258-543,sms,2025-09-15T23:39:06.248105Z,+917957188270,+919232723361,secure-bank.com,Package delivery failed. Confirm at http://secure-bank.com/surveys?id=9acea258-543,none,none,True,http://secure-bank.com/surveys?id=9acea258-543,scam_sms,0,0,low,low,5473f155ce0b
709246de-a9c,email,2025-08-28T21:03:23.248147Z,user154@trusted-health.org,user1923@example.com,parcel-track.net,"Scholarship awarded! Apply here: https://parcel-track.net/?id=709246de-a9c — limited seats. Patient: Rahul Verma, Acc: XXXX-XXXX-6418",mp4,mp4_709246de-a9c.mp4,True,https://parcel-track.net/?id=709246de-a9c,benign,0,1,low,low,03e149a52024
7031b8a6-39c,sms,2025-11-02T16:51:48.248195Z,+917318580898,+919944417437,trusted-health.org,Your OTP is 123456 - never share it,none,none,False,,scam_sms,0,0,low,low,cdab261da4c9
5ab883ba-c1b,sms,2025-11-22T00:44:23.248230Z,+919299151639,+917139564407,trusted-health.org,Package delivery failed. Confirm at http://trusted-health.org/surveys?id=5ab883ba-c1b,none,none,True,http://trusted-health.org/surveys?id=5ab883ba-c1b,scam_sms,0,0,low,low,ed58a048ebc0
7dc53800-03d,email,2025-10-22T20:44:10.248269Z,user376@parcel-track.net,user1577@example.com,secure-bank.com,Action required: Confirm your payment method at https://secure-bank.com/?id=7dc53800-03d. Invoice attached: invoice_7dc53800-03d.pdf,pdf,pdf_7dc53800-03d.pdf,True,https://secure-bank.com/?id=7dc53800-03d,benign,0,0,medium,medium,6a340d76be9b
8641bf21-579,document,2025-10-23T04:11:56.248316Z,medilifehospital@loanfast.info,records@company.com,,Government ID correction letter - Ref: 8641bf21-579,docx,docx_8641bf21-579.docx,False,,legit_doc,0,0,low,low,2e3e1b1082d0
0396d3b2-ee2,email,2025-08-25T03:37:35.248359Z,user873@uni-scholar.org,user1126@example.com,docverify.net,Payroll issue: update your bank details: https://docverify.net/?id=0396d3b2-ee2,mp4,mp4_0396d3b2-ee2.mp4,True,https://docverify.net/?id=0396d3b2-ee2,invoice_fraud,0,0,high,high,50e3d1faa7c4
00169995-a2e,email,2025-09-15T07:31:27.248399Z,user706@docverify.net,user1909@example.com,docverify.net,Action required: Confirm your payment method at https://docverify.net/?id=00169995-a2e. Invoice attached: invoice_00169995-a2e.pdf,pdf,pdf_00169995-a2e.pdf,True,https://docverify.net/?id=00169995-a2e,benign,0,0,low,low,405cbafaf902
e41382fe-293,sms,2025-09-19T11:29:12.248439Z,+919670652056,+918433232088,uni-scholar.org,Your OTP is 123456 - never share it,none,none,False,,benign,0,0,low,low,0113fbaca96d
2741735e-af8,sms,2025-10-01T05:36:10.248473Z,+918644770990,+919076921094,loanfast.info,Free voucher! Redeem at http://loanfast.info/surveys?id=2741735e-af8,none,none,True,http://loanfast.info/surveys?id=2741735e-af8,benign,0,0,high,high,83832027434d
799a4566-4df,email,2025-09-30T01:27:24.248509Z,user772@uni-scholar.org,user1756@example.com,docverify.net,Security alert: New sign-in from unknown device. Reset here: https://docverify.net/?id=799a4566-4df,png,png_799a4566-4df.png,True,https://docverify.net/?id=799a4566-4df,invoice_fraud,0,0,medium,medium,6a3d24a5f94c
d57197e5-f97,document,2025-10-10T09:29:51.248548Z,fintrustltd@docverify.net,records@gov.org,,Medical test report - Patient: Aisha Khan - Result: Pending - Ref d57197e5-f97,pdf,pdf_d57197e5-f97.pdf,False,,legit_doc,0,0,medium,medium,17100b90bde2
a6cbdc03-109,sms,2025-10-15T05:52:05.248597Z,+919846939973,+918327458546,gov-id.org,Free voucher! Redeem at http://gov-id.org/surveys?id=a6cbdc03-109,none,none,True,http://gov-id.org/surveys?id=a6cbdc03-109,benign,0,0,medium,medium,4296e18817f4
7e583a62-891,document,2025-10-07T02:37:07.248636Z,medilifehospital@parcel-track.net,records@hospital.org,,Medical test report - Patient: John Smith - Result: Pending - Ref 7e583a62-891 | DOB: 1999-07-10,pdf,pdf_7e583a62-891.pdf,False,,legit_doc,0,1,medium,medium,489b57600c90
f338a9b5-6dc,document,2025-10-05T23:59:37.248679Z,fintrustltd@secure-bank.com,records@hospital.org,,Offer letter - Company: MediLife Hospital - Candidate: Meera Patel,pdf,pdf_f338a9b5-6dc.pdf,False,,fake_doc,1,0,medium,medium,f456761f9ea3
772e5e69-879,social,2025-11-03T19:22:44.248719Z,Aisha Khan,public,,Viral video: unbelievable transformation - shared by Vikram Rao,mp4,mp4_772e5e69-879.mp4,False,,deepfake_media,1,0,high,high,bf4503c85670
c69c03e4-d69,social,2025-10-22T16:17:00.248755Z,Sana Ahmed,public,,Viral video: unbelievable transformation - shared by Rahul Verma,jpg,jpg_c69c03e4-d69.jpg,False,,benign,0,0,medium,medium,4845b5afc851
9d199098-c9b,social,2025-11-12T07:14:06.248790Z,John Smith,public,,Interview leaked - audio attached,mp4,mp4_9d199098-c9b.mp4,False,,benign,0,0,high,high,49cb3d2cad5b
b3a6705d-e71,sms,2025-10-03T16:44:10.248823Z,+917891362408,+918848405845,trusted-health.org,Your exam result updated. Login at http://trusted-health.org/surveys?id=b3a6705d-e71,none,none,True,http://trusted-health.org/surveys?id=b3a6705d-e71,benign,0,0,low,low,597a63ff24db
98d70f42-ce3,sms,2025-10-30T10:50:26.248861Z,+919418421754,+916710813013,gov-id.org,Your exam result updated. Login at http://gov-id.org/surveys?id=98d70f42-ce3,none,none,True,http://gov-id.org/surveys?id=98d70f42-ce3,benign,0,0,low,low,eb0ca3f51790
438f1ce5-d6b,sms,2025-09-08T08:28:30.248962Z,+916812912912,+917643308852,gov-id.org,Package delivery failed. Confirm at http://gov-id.org/surveys?id=438f1ce5-d6b,none,none,True,http://gov-id.org/surveys?id=438f1ce5-d6b,benign,0,0,high,high,618e962615f9
8b9e1cff-e35,document,2025-09-08T00:52:19.249005Z,medilifehospital@docverify.net,records@company.com,,Hospital discharge summary - Patient: Vikram Rao - MRN: 8b9e1cff-e35,docx,docx_8b9e1cff-e35.docx,False,,legit_doc,0,0,low,low,c89814c8d2e8
5259954f-09f,document,2025-09-13T14:00:57.249050Z,jobhubpvtltd@payments-update.com,records@hospital.org,,Government ID correction letter - Ref: 5259954f-09f,docx,docx_5259954f-09f.docx,False,,legit_doc,0,0,high,high,2778cd9eeb57
02b36209-1e6,email,2025-11-14T11:58:58.249092Z,user696@gov-id.org,user1652@example.com,uni-scholar.org,Security alert: New sign-in from unknown device. Reset here: https://uni-scholar.org/?id=02b36209-1e6,none,none,True,https://uni-scholar.org/?id=02b36209-1e6,benign,0,0,medium,medium,4fe5e4964bab
f1cd5b60-bc3,email,2025-10-18T03:11:28.249131Z,user987@gov-id.org,user1669@example.com,gov-id.org,"Action required: Confirm your payment method at https://gov-id.org/?id=f1cd5b60-bc3. Invoice attached: invoice_f1cd5b60-bc3.pdf Patient: Vikram Rao, Acc: XXXX-XXXX-6451",pdf,pdf_f1cd5b60-bc3.pdf,True,https://gov-id.org/?id=f1cd5b60-bc3,scholarship_scam,0,1,low,low,fca8c7b443d4
dbf845df-cac,document,2025-10-14T03:56:11.249173Z,jobhubpvtltd@gov-id.org,records@gov.org,,Certified true copy - see attached,docx,docx_dbf845df-cac.docx,False,,fake_doc,0,0,medium,medium,65132fe031e5
51d5f398-414,email,2025-10-27T16:26:47.249212Z,user935@loanfast.info,user1152@example.com,docverify.net,Action required: Confirm your payment method at https://docverify.net/?id=51d5f398-414. Invoice attached: invoice_51d5f398-414.pdf,pdf,pdf_51d5f398-414.pdf,True,https://docverify.net/?id=51d5f398-414,benign,0,0,low,low,f2582eb769d2
7c52b78a-9be,sms,2025-11-03T20:30:24.249256Z,+919054923004,+917193556289,docverify.net,Package delivery failed. Confirm at http://docverify.net/surveys?id=7c52b78a-9be,none,none,True,http://docverify.net/surveys?id=7c52b78a-9be,benign,0,0,medium,medium,f8280977e98a
20d679fe-600,social,2025-10-01T07:53:20.249295Z,John Smith,public,,Interview leaked - audio attached,none,none,False,,benign,0,0,critical,critical,1d8d2e619b4a
6690a171-314,document,2025-10-11T01:48:03.249328Z,jobhubpvtltd@uni-scholar.org,records@hospital.org,,Offer letter - Company: FinTrust Ltd - Candidate: John Smith | DOB: 1984-05-20,docx,docx_6690a171-314.docx,False,,legit_doc,0,1,high,high,199afb86da47
a3388fb5-cb3,document,2025-11-22T23:58:03.249370Z,jobhubpvtltd@trusted-health.org,records@company.com,,Offer letter - Company: MediLife Hospital - Candidate: Meera Patel | DOB: 1994-02-21,docx,docx_a3388fb5-cb3.docx,False,,legit_doc,0,1,low,low,95b4306951bb
248b2005-bb7,document,2025-10-21T04:29:29.249412Z,medilifehospital@payments-update.com,records@company.com,,Medical test report - Patient: Sana Ahmed - Result: Pending - Ref 248b2005-bb7,pdf,pdf_248b2005-bb7.pdf,False,,legit_doc,0,0,low,low,477a9c62f202
095534ab-f79,social,2025-11-09T19:41:29.249450Z,John Smith,public,,Watch this shocking reveal video (see attachment),mp4,mp4_095534ab-f79.mp4,False,,deepfake_media,1,0,medium,medium,cffa89959160
f2273a62-132,sms,2025-09-10T00:16:54.249485Z,+918817505925,+917956943868,gov-id.org,Your exam result updated. Login at http://gov-id.org/surveys?id=f2273a62-132,none,none,True,http://gov-id.org/surveys?id=f2273a62-132,benign,0,0,low,low,7424926173f5
d2a36ac4-5e9,email,2025-08-30T14:43:00.249521Z,user541@parcel-track.net,user1727@example.com,uni-scholar.org,"Hello, please review attached report",mp4,mp4_d2a36ac4-5e9.mp4,False,,phishing,0,0,medium,medium,211e48e3d579
ec458a0d-5ee,document,2025-10-29T00:48:23.249560Z,acmecorp@secure-bank.com,records@company.com,,Government ID correction letter - Ref: ec458a0d-5ee,pdf,pdf_ec458a0d-5ee.pdf,False,,legit_doc,0,0,low,low,2ba36c337d5d
9311963f-4a0,document,2025-09-18T13:18:43.249599Z,acmecorp@trusted-health.org,records@company.com,,Government ID correction letter - Ref: 9311963f-4a0,docx,docx_9311963f-4a0.docx,False,,fake_doc,0,0,high,high,168d41fe741c
cfea4000-6ef,sms,2025-09-10T00:18:25.249638Z,+918169647776,+919693458612,secure-bank.com,Free voucher! Redeem at http://secure-bank.com/surveys?id=cfea4000-6ef,none,none,True,http://secure-bank.com/surveys?id=cfea4000-6ef,benign,0,0,medium,medium,161f387e325d
698d1894-56a,social,2025-09-25T04:04:04.249675Z,Meera Patel,public,,Viral video: unbelievable transformation - shared by Aisha Khan,jpg,jpg_698d1894-56a.jpg,False,,benign,0,0,low,low,80205edcf77b
4a104fa9-60d,document,2025-11-19T19:32:02.249714Z,fintrustltd@secure-bank.com,records@gov.org,,Government ID correction letter - Ref: 4a104fa9-60d | DOB: 2010-04-23,pdf,pdf_4a104fa9-60d.pdf,False,,fake_doc,0,1,medium,medium,a91316839ffa
671b91f6-9b7,document,2025-09-06T22:39:50.249757Z,jobhubpvtltd@secure-bank.com,records@company.com,,Offer letter - Company: Acme Corp - Candidate: Rahul Verma,pdf,pdf_671b91f6-9b7.pdf,False,,fake_doc,1,0,high,high,ae31f7bded19
86377bc1-89f,email,2025-10-24T17:17:36.249795Z,user450@trusted-health.org,user1373@example.com,trusted-health.org,"Payroll issue: update your bank details: https://trusted-health.org/?id=86377bc1-89f Patient: Aisha Khan, Acc: XXXX-XXXX-3406",png,png_86377bc1-89f.png,True,https://trusted-health.org/?id=86377bc1-89f,benign,0,1,high,high,a2745c19401f
a49d5b36-35a,sms,2025-10-07T16:11:43.249827Z,+918556583210,+917533790064,uni-scholar.org,Your exam result updated. Login at http://uni-scholar.org/surveys?id=a49d5b36-35a,none,none,True,http://uni-scholar.org/surveys?id=a49d5b36-35a,benign,0,0,medium,medium,cd04661089b9
6c75aed1-860,email,2025-10-04T02:18:00.249862Z,user613@secure-bank.com,user1785@example.com,docverify.net,Urgent: Your account will be suspended. Click https://docverify.net/?id=6c75aed1-860 to verify now.,none,none,True,https://docverify.net/?id=6c75aed1-860,phishing,0,0,medium,medium,5b72d3b6dead
f80a78a3-b7f,document,2025-11-04T04:46:58.249901Z,fintrustltd@loanfast.info,records@gov.org,,Government ID correction letter - Ref: f80a78a3-b7f,docx,docx_f80a78a3-b7f.docx,False,,fake_doc,1,0,medium,medium,506c0dc24c50
02c6e2fa-ed5,email,2025-10-08T01:16:47.249936Z,user135@secure-bank.com,user1897@example.com,trusted-health.org,"Hello, please review attached report",none,none,False,,benign,0,0,high,high,ed2f7e5b563a
bc2c1bbc-dee,email,2025-08-28T12:53:50.249971Z,user633@docverify.net,user1536@example.com,trusted-health.org,Security alert: New sign-in from unknown device. Reset here: https://trusted-health.org/?id=bc2c1bbc-dee,pdf,pdf_bc2c1bbc-dee.pdf,True,https://trusted-health.org/?id=bc2c1bbc-dee,benign,0,0,low,low,c7a5e9cadbde
0d59fced-3d4,sms,2025-10-15T04:16:28.250009Z,+917485509978,+919959968374,secure-bank.com,Loan approved! Complete KYC at http://secure-bank.com/surveys?id=0d59fced-3d4,none,none,True,http://secure-bank.com/surveys?id=0d59fced-3d4,scam_sms,0,0,medium,medium,fbe02d97553d
8f01c049-927,social,2025-10-12T09:05:30.250048Z,Sana Ahmed,public,,Viral video: unbelievable transformation - shared by Rahul Verma,mp4,mp4_8f01c049-927.mp4,False,,deepfake_media,1,0,medium,medium,1299e31efa98
2bef036f-5fc,sms,2025-09-19T21:32:57.250084Z,+919218526346,+918991932577,trusted-health.org,Package delivery failed. Confirm at http://trusted-health.org/surveys?id=2bef036f-5fc,none,none,True,http://trusted-health.org/surveys?id=2bef036f-5fc,scam_sms,0,0,low,low,6389d820cb6a
dd93ae18-8be,social,2025-09-03T00:44:28.250119Z,Rahul Verma,public,,Watch this shocking reveal video (see attachment),jpg,jpg_dd93ae18-8be.jpg,False,,deepfake_media,1,0,medium,medium,54826b11e808
7532c5c6-fd2,sms,2025-09-24T21:41:52.250145Z,+918077771269,+917113205340,trusted-health.org,Your exam result updated. Login at http://trusted-health.org/surveys?id=7532c5c6-fd2,none,none,True,http://trusted-health.org/surveys?id=7532c5c6-fd2,benign,0,0,high,high,aa1d32089c03
64837293-8ef,social,2025-09-09T15:25:34.250172Z,Rahul Verma,public,,Watch this shocking reveal video (see attachment),none,none,False,,benign,0,0,low,low,9a814b8c0ecb
b7db3639-b14,social,2025-09-08T19:41:06.250217Z,John Smith,public,,Viral video: unbelievable transformation - shared by Meera Patel,none,none,False,,benign,0,0,low,low,5bba4e6c52e7
2bf6ee6d-abe,document,2025-10-24T23:01:55.250241Z,fintrustltd@parcel-track.net,records@gov.org,,Hospital discharge summary - Patient: Vikram Rao - MRN: 2bf6ee6d-abe,docx,docx_2bf6ee6d-abe.docx,False,,legit_doc,0,0,critical,critical,2c487b6b86b7
9d83daef-04f,document,2025-09-26T23:43:52.250269Z,fintrustltd@secure-bank.com,records@company.com,,Hospital discharge summary - Patient: Meera Patel - MRN: 9d83daef-04f,pdf,pdf_9d83daef-04f.pdf,False,,legit_doc,0,0,low,low,3ad5f5c05ed7
d56b889c-639,social,2025-09-08T16:13:08.250296Z,Sana Ahmed,public,,Viral video: unbelievable transformation - shared by Meera Patel,mp4,mp4_d56b889c-639.mp4,False,,benign,0,0,low,low,775777eb6cfd
6452ffbb-182,sms,2025-10-29T09:55:57.250319Z,+918818627113,+917109554862,uni-scholar.org,Loan approved! Complete KYC at http://uni-scholar.org/surveys?id=6452ffbb-182,none,none,True,http://uni-scholar.org/surveys?id=6452ffbb-182,scam_sms,0,0,high,high,0234ce0dbfd2
bc1d3e54-d92,sms,2025-09-14T17:28:52.250346Z,+918409692335,+919393169378,loanfast.info,Free voucher! Redeem at http://loanfast.info/surveys?id=bc1d3e54-d92,none,none,True,http://loanfast.info/surveys?id=bc1d3e54-d92,benign,0,0,high,high,a4fe1c7fc5a7
2ad32414-354,email,2025-08-30T05:51:53.250375Z,user717@uni-scholar.org,user1213@example.com,docverify.net,Urgent: Your account will be suspended. Click https://docverify.net/?id=2ad32414-354 to verify now.,png,png_2ad32414-354.png,True,https://docverify.net/?id=2ad32414-354,phishing,0,0,high,high,88e555a531ed
26e87a07-f8b,email,2025-09-10T07:41:47.250410Z,user229@loanfast.info,user1511@example.com,loanfast.info,Urgent: Your account will be suspended. Click https://loanfast.info/?id=26e87a07-f8b to verify now.,pdf,pdf_26e87a07-f8b.pdf,True,https://loanfast.info/?id=26e87a07-f8b,invoice_fraud,0,0,high,high,71fdc150060b
2e4d8dc4-61d,social,2025-10-07T03:03:05.250440Z,Vikram Rao,public,,Watch this shocking reveal video (see attachment),jpg,jpg_2e4d8dc4-61d.jpg,False,,deepfake_media,1,0,high,high,222d3b5a7abe
1accd291-507,email,2025-10-17T16:04:54.250465Z,user425@loanfast.info,user1171@example.com,gov-id.org,"Hello, please review attached report",pdf,pdf_1accd291-507.pdf,False,,benign,0,0,critical,critical,dd1c1a991aa2
b1736e22-f47,email,2025-08-28T20:41:14.250495Z,user212@gov-id.org,user1618@example.com,gov-id.org,Action required: Confirm your payment method at https://gov-id.org/?id=b1736e22-f47. Invoice attached: invoice_b1736e22-f47.pdf,pdf,pdf_b1736e22-f47.pdf,True,https://gov-id.org/?id=b1736e22-f47,benign,0,0,medium,medium,485743fc59f0
84f082bd-991,social,2025-11-13T23:12:11.250525Z,Rahul Verma,public,,Interview leaked - audio attached,none,none,False,,deepfake_media,1,0,medium,medium,f610738b8ecd
d06a6bdc-5bd,email,2025-09-25T22:27:21.250549Z,user581@trusted-health.org,user1328@example.com,parcel-track.net,Scholarship awarded! Apply here: https://parcel-track.net/?id=d06a6bdc-5bd — limited seats.,none,none,True,https://parcel-track.net/?id=d06a6bdc-5bd,benign,0,0,low,low,501eaee50fa4
5b0e484c-6b5,social,2025-10-19T11:47:07.250589Z,Rahul Verma,public,,Viral video: unbelievable transformation - shared by Vikram Rao,mp4,mp4_5b0e484c-6b5.mp4,False,,benign,0,0,low,low,6898455c68f9
fdd94c7e-7c8,social,2025-09-05T20:21:50.250615Z,Rahul Verma,public,,Watch this shocking reveal video (see attachment),none,none,False,,deepfake_media,1,0,medium,medium,6e25c8bdf51f
d8f7b979-a18,sms,2025-08-29T00:07:55.250639Z,+917925929725,+917343951570,payments-update.com,Your exam result updated. Login at http://payments-update.com/surveys?id=d8f7b979-a18,none,none,True,http://payments-update.com/surveys?id=d8f7b979-a18,benign,0,0,high,high,f1419a02c0f8
b71374cf-3f1,social,2025-11-06T18:59:18.250666Z,Rahul Verma,public,,Viral video: unbelievable transformation - shared by Meera Patel,none,none,False,,deepfake_media,1,0,high,high,4f1eefc2cd2b
4b55ec3d-aad,email,2025-10-26T23:49:09.250692Z,user374@trusted-health.org,user1863@example.com,trusted-health.org,"Hello, please review attached report",docx,docx_4b55ec3d-aad.docx,False,,phishing,0,0,high,high,34c564524e5c
81834ca0-1ef,email,2025-10-31T09:43:55.250719Z,user791@trusted-health.org,user1338@example.com,loanfast.info,Urgent: Your account will be suspended. Click https://loanfast.info/?id=81834ca0-1ef to verify now.,none,none,True,https://loanfast.info/?id=81834ca0-1ef,benign,0,0,low,low,7a82e9a9f46f
3e29b5d3-566,email,2025-08-31T02:07:06.250748Z,user250@parcel-track.net,user1963@example.com,gov-id.org,Scholarship awarded! Apply here: https://gov-id.org/?id=3e29b5d3-566 — limited seats.,mp4,mp4_3e29b5d3-566.mp4,True,https://gov-id.org/?id=3e29b5d3-566,phishing,0,0,high,high,c325cdd4867e
680b7f4b-03a,sms,2025-09-13T19:41:47.250785Z,+916507143277,+919757842624,gov-id.org,Loan approved! Complete KYC at http://gov-id.org/surveys?id=680b7f4b-03a,none,none,True,http://gov-id.org/surveys?id=680b7f4b-03a,benign,0,0,medium,medium,494e909109e2
4a38038d-fd6,email,2025-10-21T12:06:29.250815Z,user513@secure-bank.com,user1894@example.com,payments-update.com,Urgent: Your account will be suspended. Click https://payments-update.com/?id=4a38038d-fd6 to verify now.,pdf,pdf_4a38038d-fd6.pdf,True,https://payments-update.com/?id=4a38038d-fd6,phishing,0,0,high,high,97baae402336
95d455e2-3ce,email,2025-11-03T09:37:42.250843Z,user239@payments-update.com,user1258@example.com,loanfast.info,Urgent: Your account will be suspended. Click https://loanfast.info/?id=95d455e2-3ce to verify now.,pdf,pdf_95d455e2-3ce.pdf,True,https://loanfast.info/?id=95d455e2-3ce,phishing,0,0,critical,critical,2ac580e9a97d
7776275d-a35,email,2025-09-01T08:00:04.250871Z,user723@trusted-health.org,user1736@example.com,docverify.net,"Hello, please review attached report",mp4,mp4_7776275d-a35.mp4,False,,phishing,0,0,high,high,5c95f44025d8
2463a391-0d1,sms,2025-11-08T23:40:40.250896Z,+917434900760,+919049219769,docverify.net,Free voucher! Redeem at http://docverify.net/surveys?id=2463a391-0d1,none,none,True,http://docverify.net/surveys?id=2463a391-0d1,benign,0,0,medium,medium,24768211b664
629446ff-a37,sms,2025-09-05T21:16:20.250922Z,+916915786499,+919618825767,trusted-health.org,Loan approved! Complete KYC at http://trusted-health.org/surveys?id=629446ff-a37,none,none,True,http://trusted-health.org/surveys?id=629446ff-a37,benign,0,0,high,high,39d7cd5e8a6a
3d1f4d98-f5e,email,2025-09-23T23:13:58.250947Z,user711@secure-bank.com,user1290@example.com,loanfast.info,"Action required: Confirm your payment method at https://loanfast.info/?id=3d1f4d98-f5e. Invoice attached: invoice_3d1f4d98-f5e.pdf Patient: Rahul Verma, Acc: XXXX-XXXX-5200",pdf,pdf_3d1f4d98-f5e.pdf,True,https://loanfast.info/?id=3d1f4d98-f5e,phishing,0,1,high,high,9d74ee763d62
b6cd2b66-dfc,email,2025-11-13T13:09:01.250976Z,user193@docverify.net,user1232@example.com,loanfast.info,"Hello, please review attached report",none,none,False,,benign,0,0,medium,medium,bade7cd84e83
ec2074b2-6d2,email,2025-11-12T22:48:58.251002Z,user111@secure-bank.com,user1012@example.com,docverify.net,"Hello, please review attached report",docx,docx_ec2074b2-6d2.docx,False,,benign,0,0,medium,medium,1be8420a8e15
95985ec6-af2,social,2025-08-28T05:24:37.251027Z,John Smith,public,,Interview leaked - audio attached,jpg,jpg_95985ec6-af2.jpg,False,,benign,0,0,medium,medium,b179dd6d292d
500cab0f-322,email,2025-10-08T18:07:11.251050Z,user224@trusted-health.org,user1953@example.com,uni-scholar.org,Payroll issue: update your bank details: https://uni-scholar.org/?id=500cab0f-322,pdf,pdf_500cab0f-322.pdf,True,https://uni-scholar.org/?id=500cab0f-322,benign,0,0,low,low,4739c85ce81a
b9050782-039,sms,2025-09-21T20:00:22.251077Z,+919130803367,+918548504314,docverify.net,Loan approved! Complete KYC at http://docverify.net/surveys?id=b9050782-039,none,none,True,http://docverify.net/surveys?id=b9050782-039,benign,0,0,low,low,032fd15b224d
5ef6e969-87f,social,2025-10-05T10:57:40.251102Z,Vikram Rao,public,,Watch this shocking reveal video (see attachment),mp4,mp4_5ef6e969-87f.mp4,False,,benign,0,0,high,high,6cdbe240eb75
4e0a96ac-937,upload,2025-11-05T12:30:37.251141Z,John Smith,admin,,Uploaded media for review,png,png_4e0a96ac-937.png,False,,benign,0,0,low,low,1aa5eb54b0d3
a52c0d8f-b9f,social,2025-08-29T02:05:12.251164Z,Meera Patel,public,,Viral video: unbelievable transformation - shared by Meera Patel,none,none,False,,benign,0,0,low,low,e1989480853e
6f26fd69-c0a,sms,2025-11-03T02:45:44.251187Z,+917457186713,+918147298473,secure-bank.com,Package delivery failed. Confirm at http://secure-bank.com/surveys?id=6f26fd69-c0a,none,none,True,http://secure-bank.com/surveys?id=6f26fd69-c0a,benign,0,0,low,low,a5cd48b01e22
d8cb65bb-1b2,email,2025-08-28T18:32:24.251212Z,user810@gov-id.org,user1344@example.com,gov-id.org,Action required: Confirm your payment method at https://gov-id.org/?id=d8cb65bb-1b2. Invoice attached: invoice_d8cb65bb-1b2.pdf,pdf,pdf_d8cb65bb-1b2.pdf,True,https://gov-id.org/?id=d8cb65bb-1b2,benign,0,0,high,high,2895109587fd
9ddbe31d-d83,document,2025-11-02T11:44:05.251240Z,fintrustltd@trusted-health.org,records@gov.org,,Offer letter - Company: MediLife Hospital - Candidate: Sana Ahmed | DOB: 2000-02-11,pdf,pdf_9ddbe31d-d83.pdf,False,,fake_doc,1,1,medium,medium,6717ac79f701
bd9cfb07-738,social,2025-09-11T13:16:59.251269Z,Sana Ahmed,public,,Viral video: unbelievable transformation - shared by Rahul Verma,none,none,False,,benign,0,0,critical,critical,2864044f1d47
927f4ef1-89e,email,2025-10-16T00:19:39.251293Z,user500@gov-id.org,user1360@example.com,parcel-track.net,Security alert: New sign-in from unknown device. Reset here: https://parcel-track.net/?id=927f4ef1-89e,docx,docx_927f4ef1-89e.docx,True,https://parcel-track.net/?id=927f4ef1-89e,job_scam,0,0,low,low,ad627e48a0a7
55990690-753,email,2025-11-06T16:56:14.251320Z,user211@parcel-track.net,user1378@example.com,parcel-track.net,Scholarship awarded! Apply here: https://parcel-track.net/?id=55990690-753 — limited seats.,jpg,jpg_55990690-753.jpg,True,https://parcel-track.net/?id=55990690-753,benign,0,0,low,low,f0145750a98c
b2530093-150,social,2025-10-17T17:18:33.251348Z,John Smith,public,,Interview leaked - audio attached,jpg,jpg_b2530093-150.jpg,False,,benign,0,0,low,low,9345daa044a6
05fb0de0-481,email,2025-10-06T00:39:35.251376Z,user139@docverify.net,user1659@example.com,docverify.net,Urgent: Your account will be suspended. Click https://docverify.net/?id=05fb0de0-481 to verify now.,mp4,mp4_05fb0de0-481.mp4,True,https://docverify.net/?id=05fb0de0-481,phishing,0,0,high,high,1637596acf20
d99ca3d8-348,social,2025-10-22T17:34:07.251408Z,Aisha Khan,public,,Watch this shocking reveal video (see attachment),jpg,jpg_d99ca3d8-348.jpg,False,,benign,0,0,low,low,24c82473db2e
6c80273b-e96,email,2025-09-22T02:21:14.251431Z,user761@payments-update.com,user1008@example.com,uni-scholar.org,Action required: Confirm your payment method at https://uni-scholar.org/?id=6c80273b-e96. Invoice attached: invoice_6c80273b-e96.pdf,pdf,pdf_6c80273b-e96.pdf,True,https://uni-scholar.org/?id=6c80273b-e96,benign,0,0,low,low,28dd17d6eaa9
a60cc7fb-b53,upload,2025-09-30T03:37:32.251459Z,John Smith,admin,,Uploaded media for review,mp4,mp4_a60cc7fb-b53.mp4,False,,benign,0,0,medium,medium,2803de20af07
f7dc6393-93f,email,2025-09-13T12:31:38.251481Z,user831@docverify.net,user1682@example.com,uni-scholar.org,Security alert: New sign-in from unknown device. Reset here: https://uni-scholar.org/?id=f7dc6393-93f,none,none,True,https://uni-scholar.org/?id=f7dc6393-93f,benign,0,0,medium,medium,7e8b5f799095
31499510-b79,email,2025-11-21T11:07:45.251507Z,user425@gov-id.org,user1741@example.com,loanfast.info,Action required: Confirm your payment method at https://loanfast.info/?id=31499510-b79. Invoice attached: invoice_31499510-b79.pdf,pdf,pdf_31499510-b79.pdf,True,https://loanfast.info/?id=31499510-b79,benign,0,0,low,low,308c18474f2e
6e39c214-13c,email,2025-11-07T17:39:41.251534Z,user901@trusted-health.org,user1270@example.com,uni-scholar.org,Security alert: New sign-in from unknown device. Reset here: https://uni-scholar.org/?id=6e39c214-13c,jpg,jpg_6e39c214-13c.jpg,True,https://uni-scholar.org/?id=6e39c214-13c,job_scam,0,0,low,low,6b02e4015c35
4b2fe81f-e4b,email,2025-09-01T17:09:56.251561Z,user418@payments-update.com,user1260@example.com,loanfast.info,Urgent: Your account will be suspended. Click https://loanfast.info/?id=4b2fe81f-e4b to verify now.,none,none,True,https://loanfast.info/?id=4b2fe81f-e4b,benign,0,0,low,low,51e4e6c7b0f9
68783058-d82,sms,2025-10-21T00:13:34.251587Z,+916226714404,+919024199818,uni-scholar.org,Your exam result updated. Login at http://uni-scholar.org/surveys?id=68783058-d82,none,none,True,http://uni-scholar.org/surveys?id=68783058-d82,scam_sms,0,0,low,low,86db34696757
29693e8c-b03,email,2025-11-06T07:54:29.251613Z,user250@uni-scholar.org,user1380@example.com,payments-update.com,Action required: Confirm your payment method at https://payments-update.com/?id=29693e8c-b03. Invoice attached: invoice_29693e8c-b03.pdf,pdf,pdf_29693e8c-b03.pdf,True,https://payments-update.com/?id=29693e8c-b03,scholarship_scam,0,0,low,low,433b4559f7b5
0f878259-be4,social,2025-11-09T04:45:02.251641Z,Meera Patel,public,,Watch this shocking reveal video (see attachment),mp4,mp4_0f878259-be4.mp4,False,,benign,0,0,low,low,be7f40ec2998
32a9f31e-f32,sms,2025-08-31T23:09:37.251664Z,+917768332515,+918019163867,uni-scholar.org,Your OTP is 123456 - never share it,none,none,False,,benign,0,0,low,low,816b8984b531
2c752ef9-d3d,sms,2025-09-02T05:09:49.251689Z,+917031782403,+916719664786,trusted-health.org,Package delivery failed. Confirm at http://trusted-health.org/surveys?id=2c752ef9-d3d,none,none,True,http://trusted-health.org/surveys?id=2c752ef9-d3d,benign,0,0,critical,critical,1d5b2c8522d8
4efa09f3-a9d,sms,2025-10-16T14:34:19.251714Z,+919711927389,+918736267487,gov-id.org,Free voucher! Redeem at http://gov-id.org/surveys?id=4efa09f3-a9d,none,none,True,http://gov-id.org/surveys?id=4efa09f3-a9d,scam_sms,0,0,medium,medium,7f0124cdd26b
877fafcb-03d,sms,2025-08-26T16:22:42.251739Z,+916365743810,+918414619377,loanfast.info,Package delivery failed. Confirm at http://loanfast.info/surveys?id=877fafcb-03d,none,none,True,http://loanfast.info/surveys?id=877fafcb-03d,benign,0,0,low,low,8d53895d0d0f
2dadccd3-45a,document,2025-09-15T20:29:57.251763Z,globaluni@docverify.net,records@gov.org,,Medical test report - Patient: Meera Patel - Result: Pending - Ref 2dadccd3-45a | DOB: 2007-05-19,pdf,pdf_2dadccd3-45a.pdf,False,,legit_doc,0,1,high,high,7ac7e4c8d83a
ccd7f117-ac0,upload,2025-09-28T17:27:18.251800Z,Sana Ahmed,admin,,Uploaded media for review,jpg,jpg_ccd7f117-ac0.jpg,False,,benign,0,0,low,low,d2f5e5766a61
2ae8e9ee-7fe,email,2025-09-02T13:24:42.251822Z,user433@docverify.net,user1085@example.com,gov-id.org,"Security alert: New sign-in from unknown device. Reset here: https://gov-id.org/?id=2ae8e9ee-7fe Patient: John Smith, Acc: XXXX-XXXX-1436",pdf,pdf_2ae8e9ee-7fe.pdf,True,https://gov-id.org/?id=2ae8e9ee-7fe,phishing,0,1,critical,critical,bc23d147e89e
8ea255f7-91d,social,2025-10-07T13:03:58.251855Z,Rahul Verma,public,,Viral video: unbelievable transformation - shared by Aisha Khan,none,none,False,,harassment,0,0,medium,medium,3439715444a8
1098ae99-74b,email,2025-11-18T06:27:59.251881Z,user176@loanfast.info,user1377@example.com,docverify.net,Payroll issue: update your bank details: https://docverify.net/?id=1098ae99-74b,jpg,jpg_1098ae99-74b.jpg,True,https://docverify.net/?id=1098ae99-74b,benign,0,0,medium,medium,7a99d794fe95
8859343b-948,email,2025-10-29T09:01:21.251908Z,user981@uni-scholar.org,user1256@example.com,secure-bank.com,"Hello, please review attached report",pdf,pdf_8859343b-948.pdf,False,,phishing,0,0,critical,critical,0468862cb548
24f03120-b45,email,2025-08-29T11:35:58.251934Z,user346@parcel-track.net,user1972@example.com,payments-update.com,Payroll issue: update your bank details: https://payments-update.com/?id=24f03120-b45,png,png_24f03120-b45.png,True,https://payments-update.com/?id=24f03120-b45,phishing,0,0,medium,medium,dfa66caafffd
9817ec7a-165,document,2025-09-27T23:23:09.251962Z,globaluni@gov-id.org,records@gov.org,,Offer letter - Company: MediLife Hospital - Candidate: Meera Patel | DOB: 1982-02-17,pdf,pdf_9817ec7a-165.pdf,False,,legit_doc,0,1,low,low,a23f91b89dec
d5dbdbd3-cf0,email,2025-11-05T07:33:30.252006Z,user156@secure-bank.com,user1062@example.com,docverify.net,"Urgent: Your account will be suspended. Click https://docverify.net/?id=d5dbdbd3-cf0 to verify now. Patient: Aisha Khan, Acc: XXXX-XXXX-8420",png,png_d5dbdbd3-cf0.png,True,https://docverify.net/?id=d5dbdbd3-cf0,benign,0,1,low,low,58437fdb0474
b95f3bf8-f03,email,2025-10-28T14:31:00.252037Z,user643@trusted-health.org,user1581@example.com,parcel-track.net,Scholarship awarded! Apply here: https://parcel-track.net/?id=b95f3bf8-f03 — limited seats.,none,none,True,https://parcel-track.net/?id=b95f3bf8-f03,job_scam,0,0,medium,medium,eda5ec83ea6d
335e8953-8b8,email,2025-10-20T19:55:48.252067Z,user990@trusted-health.org,user1139@example.com,loanfast.info,Payroll issue: update your bank details: https://loanfast.info/?id=335e8953-8b8,none,none,True,https://loanfast.info/?id=335e8953-8b8,benign,0,0,low,low,400f769a3eae
d2942006-c8c,social,2025-10-26T09:11:35.252093Z,John Smith,public,,Interview leaked - audio attached,jpg,jpg_d2942006-c8c.jpg,False,,deepfake_media,1,0,medium,medium,0388f188d717
46d848aa-b4b,upload,2025-11-03T18:00:03.252117Z,Meera Patel,admin,,Uploaded media for review,png,png_46d848aa-b4b.png,False,,benign,0,0,medium,medium,4b9ca12370db
0f11b7f8-913,sms,2025-10-18T21:53:12.252140Z,+919863252805,+919283884896,uni-scholar.org,Your exam result updated. Login at http://uni-scholar.org/surveys?id=0f11b7f8-913,none,none,True,http://uni-scholar.org/surveys?id=0f11b7f8-913,benign,0,0,low,low,a41bfea58a68
47513dfc-def,social,2025-09-01T23:28:38.252166Z,Sana Ahmed,public,,Watch this shocking reveal video (see attachment),jpg,jpg_47513dfc-def.jpg,False,,harassment,0,0,low,low,45bf8565d073
59e71939-859,document,2025-10-13T15:56:08.252189Z,acmecorp@loanfast.info,records@company.com,,Medical test report - Patient: Aisha Khan - Result: Pending - Ref 59e71939-859,docx,docx_59e71939-859.docx,False,,fake_doc,0,0,high,high,c78ff46d7a0f
616fbdfb-6e8,email,2025-08-25T11:43:48.252216Z,user502@uni-scholar.org,user1769@example.com,secure-bank.com,"Action required: Confirm your payment method at https://secure-bank.com/?id=616fbdfb-6e8. Invoice attached: invoice_616fbdfb-6e8.pdf Patient: John Smith, Acc: XXXX-XXXX-1709",pdf,pdf_616fbdfb-6e8.pdf,True,https://secure-bank.com/?id=616fbdfb-6e8,benign,0,1,critical,critical,bc03e6247648
e47d8e32-363,upload,2025-11-07T02:26:35.252245Z,Vikram Rao,admin,,Uploaded media for review,png,png_e47d8e32-363.png,False,,benign,0,0,medium,medium,cb36a5573ff4
d4ece4af-393,sms,2025-10-18T04:23:22.252267Z,+918771487964,+919596030627,payments-update.com,Your exam result updated. Login at http://payments-update.com/surveys?id=d4ece4af-393,none,none,True,http://payments-update.com/surveys?id=d4ece4af-393,benign,0,0,high,high,11b18af060a4
8a68f244-35b,social,2025-08-31T10:33:10.252292Z,Rahul Verma,public,,Interview leaked - audio attached,none,none,False,,benign,0,0,low,low,ea3709d6a0b1
906a64b5-080,sms,2025-09-05T01:27:43.252325Z,+919681229733,+918867038884,uni-scholar.org,Your exam result updated. Login at http://uni-scholar.org/surveys?id=906a64b5-080,none,none,True,http://uni-scholar.org/surveys?id=906a64b5-080,benign,0,0,medium,medium,a9e3218beaee
2dbb82cd-792,social,2025-09-11T14:55:35.252354Z,Aisha Khan,public,,Interview leaked - audio attached,none,none,False,,harassment,0,0,low,low,5f3126c94e86
59f56e85-6b2,upload,2025-10-17T19:06:26.252377Z,Meera Patel,admin,,Uploaded media for review,png,png_59f56e85-6b2.png,False,,benign,0,0,medium,medium,e06802114d5f
09aa8396-0a2,sms,2025-10-16T07:32:39.252399Z,+916684496122,+917078662485,parcel-track.net,Your OTP is 123456 - never share it,none,none,False,,benign,0,0,medium,medium,940ede776734
4655742f-5e4,email,2025-10-21T12:57:41.252423Z,user276@payments-update.com,user1549@example.com,uni-scholar.org,"Hello, please review attached report",png,png_4655742f-5e4.png,False,,benign,0,0,low,low,ea3d90501eec
9b5dff41-171,email,2025-11-16T09:22:34.252449Z,user264@gov-id.org,user1919@example.com,secure-bank.com,Action required: Confirm your payment method at https://secure-bank.com/?id=9b5dff41-171. Invoice attached: invoice_9b5dff41-171.pdf,pdf,pdf_9b5dff41-171.pdf,True,https://secure-bank.com/?id=9b5dff41-171,benign,0,0,low,low,b0f0ced05ece
8c8e907e-1ff,email,2025-09-13T19:09:56.252476Z,user348@parcel-track.net,user1355@example.com,parcel-track.net,"Action required: Confirm your payment method at https://parcel-track.net/?id=8c8e907e-1ff. Invoice attached: invoice_8c8e907e-1ff.pdf Patient: Vikram Rao, Acc: XXXX-XXXX-9556",pdf,pdf_8c8e907e-1ff.pdf,True,https://parcel-track.net/?id=8c8e907e-1ff,benign,0,1,low,low,f03bb371eb62
b45569a3-9d4,email,2025-11-08T18:35:15.252505Z,user126@payments-update.com,user1492@example.com,trusted-health.org,Security alert: New sign-in from unknown device. Reset here: https://trusted-health.org/?id=b45569a3-9d4,png,png_b45569a3-9d4.png,True,https://trusted-health.org/?id=b45569a3-9d4,phishing,0,0,high,high,f244ea53cfe6
fefae01d-19a,email,2025-09-20T20:39:55.252533Z,user926@gov-id.org,user1316@example.com,trusted-health.org,Scholarship awarded! Apply here: https://trusted-health.org/?id=fefae01d-19a — limited seats.,pdf,pdf_fefae01d-19a.pdf,True,https://trusted-health.org/?id=fefae01d-19a,benign,0,0,critical,critical,30fb6211dd5e
eb13c2b9-4d7,sms,2025-09-28T21:15:21.252562Z,+917481372307,+916013421769,uni-scholar.org,Your exam result updated. Login at http://uni-scholar.org/surveys?id=eb13c2b9-4d7,none,none,True,http://uni-scholar.org/surveys?id=eb13c2b9-4d7,scam_sms,0,0,medium,medium,58b9fc5a6c76
ba058828-605,document,2025-10-16T21:16:13.252589Z,fintrustltd@loanfast.info,records@hospital.org,,Government ID correction letter - Ref: ba058828-605 | DOB: 1999-03-23,docx,docx_ba058828-605.docx,False,,legit_doc,0,1,medium,medium,83a363ef3d32
4322f057-69b,email,2025-09-11T14:51:21.252617Z,user283@gov-id.org,user1882@example.com,uni-scholar.org,Action required: Confirm your payment method at https://uni-scholar.org/?id=4322f057-69b. Invoice attached: invoice_4322f057-69b.pdf,pdf,pdf_4322f057-69b.pdf,True,https://uni-scholar.org/?id=4322f057-69b,phishing,0,0,medium,medium,c9c3cb0a942b
e8d4cac1-469,upload,2025-10-02T00:00:45.252646Z,Meera Patel,admin,,Uploaded media for review,mp4,mp4_e8d4cac1-469.mp4,False,,deepfake_media,1,0,critical,critical,db1c0f274f1f
7265e2c4-372,social,2025-11-09T13:17:51.252668Z,John Smith,public,,Interview leaked - audio attached,none,none,False,,benign,0,0,low,low,14680d5a1d72
9b414dea-13c,sms,2025-10-24T15:44:05.252690Z,+919087166739,+918135403492,uni-scholar.org,Your OTP is 123456 - never share it,none,none,False,,benign,0,0,low,low,de5912c982cc
ccb5aa72-3e0,document,2025-10-14T23:13:07.252714Z,medilifehospital@trusted-health.org,records@gov.org,,Medical test report - Patient: Meera Patel - Result: Pending - Ref ccb5aa72-3e0 | DOB: 1984-06-15,pdf,pdf_ccb5aa72-3e0.pdf,False,,legit_doc,0,1,low,low,368d3549366b
ece15dc5-c40,sms,2025-11-04T18:24:16.252742Z,+918968558654,+918037170921,loanfast.info,Free voucher! Redeem at http://loanfast.info/surveys?id=ece15dc5-c40,none,none,True,http://loanfast.info/surveys?id=ece15dc5-c40,benign,0,0,low,low,335669a508f2
10be6514-1be,social,2025-10-24T15:29:21.252768Z,Meera Patel,public,,Viral video: unbelievable transformation - shared by Meera Patel,none,none,False,,benign,0,0,medium,medium,c58b06885eb0
b7ec9ab8-b56,document,2025-10-26T16:44:10.252796Z,medilifehospital@payments-update.com,records@gov.org,,Offer letter - Company: Global Uni - Candidate: Rahul Verma,docx,docx_b7ec9ab8-b56.docx,False,,fake_doc,1,0,medium,medium,2d3ec7e01a66
8c229bbd-78e,document,2025-10-17T15:59:56.252834Z,jobhubpvtltd@trusted-health.org,records@gov.org,,Government ID correction letter - Ref: 8c229bbd-78e,docx,docx_8c229bbd-78e.docx,False,,legit_doc,0,0,critical,critical,3a5fe1ed1f6d
e2bf9d15-4c6,email,2025-09-02T18:39:04.252863Z,user991@loanfast.info,user1057@example.com,uni-scholar.org,Urgent: Your account will be suspended. Click https://uni-scholar.org/?id=e2bf9d15-4c6 to verify now.,none,none,True,https://uni-scholar.org/?id=e2bf9d15-4c6,scholarship_scam,0,0,high,high,491cc83feb60
8a6ad6e0-3fd,sms,2025-10-21T20:37:23.252904Z,+916619251637,+917542306212,uni-scholar.org,Loan approved! Complete KYC at http://uni-scholar.org/surveys?id=8a6ad6e0-3fd,none,none,True,http://uni-scholar.org/surveys?id=8a6ad6e0-3fd,benign,0,0,low,low,521fb801a3d7
75f6f2b8-5ad,document,2025-10-16T07:02:38.252931Z,jobhubpvtltd@docverify.net,records@company.com,,Government ID correction letter - Ref: 75f6f2b8-5ad | DOB: 2000-09-21,docx,docx_75f6f2b8-5ad.docx,False,,legit_doc,0,1,low,low,2ccb2dba0898
dda53d1c-5fe,document,2025-10-30T16:06:44.252959Z,jobhubpvtltd@docverify.net,records@company.com,,Medical test report - Patient: Sana Ahmed - Result: Pending - Ref dda53d1c-5fe | DOB: 1972-09-25,pdf,pdf_dda53d1c-5fe.pdf,False,,legit_doc,0,1,high,high,8362d2eed7a1
614a6bd4-63c,document,2025-10-09T22:03:09.252987Z,acmecorp@gov-id.org,records@gov.org,,Medical test report - Patient: Meera Patel - Result: Pending - Ref 614a6bd4-63c | DOB: 1989-02-23,docx,docx_614a6bd4-63c.docx,False,,legit_doc,0,1,low,low,cd9b74a7c2fc
82a6bdc0-66d,email,2025-09-13T21:23:23.253014Z,user274@trusted-health.org,user1710@example.com,trusted-health.org,Payroll issue: update your bank details: https://trusted-health.org/?id=82a6bdc0-66d,none,none,True,https://trusted-health.org/?id=82a6bdc0-66d,benign,0,0,high,high,c1db09afc5d8
f77f04e9-80d,sms,2025-11-06T10:54:18.253039Z,+919405803469,+918103693964,loanfast.info,Free voucher! Redeem at http://loanfast.info/surveys?id=f77f04e9-80d,none,none,True,http://loanfast.info/surveys?id=f77f04e9-80d,scam_sms,0,0,low,low,321e433b6cf8
1f423c61-c8a,email,2025-10-27T10:28:17.253065Z,user551@uni-scholar.org,user1445@example.com,loanfast.info,Urgent: Your account will be suspended. Click https://loanfast.info/?id=1f423c61-c8a to verify now.,jpg,jpg_1f423c61-c8a.jpg,True,https://loanfast.info/?id=1f423c61-c8a,benign,0,0,low,low,f3f1b6dff6c1
fdf960b2-986,email,2025-10-04T22:43:20.253091Z,user457@trusted-health.org,user1956@example.com,docverify.net,Urgent: Your account will be suspended. Click https://docverify.net/?id=fdf960b2-986 to verify now.,docx,docx_fdf960b2-986.docx,True,https://docverify.net/?id=fdf960b2-986,job_scam,0,0,high,high,545eff692948
46f302dc-90e,document,2025-09-02T23:45:45.253118Z,acmecorp@payments-update.com,records@gov.org,,Government ID correction letter - Ref: 46f302dc-90e,docx,docx_46f302dc-90e.docx,False,,fake_doc,1,0,medium,medium,b17d782d6449
d5ee2d83-b83,email,2025-09-23T16:10:05.253145Z,user199@trusted-health.org,user1468@example.com,uni-scholar.org,Urgent: Your account will be suspended. Click https://uni-scholar.org/?id=d5ee2d83-b83 to verify now.,jpg,jpg_d5ee2d83-b83.jpg,True,https://uni-scholar.org/?id=d5ee2d83-b83,benign,0,0,low,low,4482a72ab04d
efc38e31-757,email,2025-10-06T02:42:34.253171Z,user846@loanfast.info,user1854@example.com,uni-scholar.org,Payroll issue: update your bank details: https://uni-scholar.org/?id=efc38e31-757,docx,docx_efc38e31-757.docx,True,https://uni-scholar.org/?id=efc38e31-757,benign,0,0,critical,critical,dd6a68b2f3f9
78a30b25-eac,email,2025-09-24T04:18:11.253197Z,user942@secure-bank.com,user1799@example.com,secure-bank.com,Action required: Confirm your payment method at https://secure-bank.com/?id=78a30b25-eac. Invoice attached: invoice_78a30b25-eac.pdf,pdf,pdf_78a30b25-eac.pdf,True,https://secure-bank.com/?id=78a30b25-eac,invoice_fraud,0,0,critical,critical,2adbbaadd2cf
25280654-1d3,document,2025-11-08T10:57:30.253226Z,jobhubpvtltd@secure-bank.com,records@company.com,,Offer letter - Company: FinTrust Ltd - Candidate: Sana Ahmed | DOB: 2006-04-13,pdf,pdf_25280654-1d3.pdf,False,,legit_doc,0,1,medium,medium,4522e034cf19
1d8a6b04-b03,email,2025-11-13T02:00:42.253253Z,user166@docverify.net,user1234@example.com,gov-id.org,Scholarship awarded! Apply here: https://gov-id.org/?id=1d8a6b04-b03 — limited seats.,png,png_1d8a6b04-b03.png,True,https://gov-id.org/?id=1d8a6b04-b03,phishing,0,0,high,high,2ec0e6d9ae55
857b65be-4be,email,2025-11-17T12:22:00.253282Z,user192@parcel-track.net,user1014@example.com,parcel-track.net,Urgent: Your account will be suspended. Click https://parcel-track.net/?id=857b65be-4be to verify now.,png,png_857b65be-4be.png,True,https://parcel-track.net/?id=857b65be-4be,phishing,0,0,high,high,b364d725758f
9a21e12f-f96,email,2025-11-21T10:56:22.253308Z,user387@secure-bank.com,user1770@example.com,payments-update.com,Payroll issue: update your bank details: https://payments-update.com/?id=9a21e12f-f96,none,none,True,https://payments-update.com/?id=9a21e12f-f96,job_scam,0,0,medium,medium,c5435bfe19d5
47b63f96-22d,sms,2025-11-03T12:18:56.253334Z,+919483099182,+918828896558,loanfast.info,Your exam result updated. Login at http://loanfast.info/surveys?id=47b63f96-22d,none,none,True,http://loanfast.info/surveys?id=47b63f96-22d,benign,0,0,low,low,e3d7068defe0
26c4413d-c63,email,2025-08-31T09:37:32.253359Z,user884@loanfast.info,user1917@example.com,loanfast.info,Urgent: Your account will be suspended. Click https://loanfast.info/?id=26c4413d-c63 to verify now.,docx,docx_26c4413d-c63.docx,True,https://loanfast.info/?id=26c4413d-c63,invoice_fraud,0,0,medium,medium,ca16657aa1ad
60c24334-025,document,2025-09-09T15:58:48.253386Z,medilifehospital@gov-id.org,records@hospital.org,,Medical test report - Patient: Meera Patel - Result: Pending - Ref 60c24334-025,docx,docx_60c24334-025.docx,False,,fake_doc,0,0,high,high,dfa0fee4a316
7fd86d03-b70,email,2025-10-19T12:54:12.253412Z,user929@docverify.net,user1630@example.com,docverify.net,Payroll issue: update your bank details: https://docverify.net/?id=7fd86d03-b70,docx,docx_7fd86d03-b70.docx,True,https://docverify.net/?id=7fd86d03-b70,phishing,0,0,high,high,3c653c71242d
04947514-2e6,upload,2025-09-12T19:22:05.253439Z,Sana Ahmed,admin,,Uploaded media for review,jpg,jpg_04947514-2e6.jpg,False,,benign,0,0,low,low,7a87fffaa1e7
0b378736-042,email,2025-08-28T06:57:23.253461Z,user657@parcel-track.net,user1517@example.com,loanfast.info,Scholarship awarded! Apply here: https://loanfast.info/?id=0b378736-042 — limited seats.,pdf,pdf_0b378736-042.pdf,True,https://loanfast.info/?id=0b378736-042,benign,0,0,low,low,ad7b98328be3
7ec74754-144,email,2025-10-02T14:16:09.253489Z,user333@secure-bank.com,user1919@example.com,payments-update.com,Action required: Confirm your payment method at https://payments-update.com/?id=7ec74754-144. Invoice attached: invoice_7ec74754-144.pdf,pdf,pdf_7ec74754-144.pdf,True,https://payments-update.com/?id=7ec74754-144,benign,0,0,low,low,749d6f99376d
d60e9760-aac,email,2025-09-16T05:12:29.253516Z,user198@docverify.net,user1477@example.com,docverify.net,Scholarship awarded! Apply here: https://docverify.net/?id=d60e9760-aac — limited seats.,jpg,jpg_d60e9760-aac.jpg,True,https://docverify.net/?id=d60e9760-aac,benign,0,0,low,low,eb00c35bbf99
78784894-951,email,2025-09-27T11:53:24.253542Z,user599@docverify.net,user1113@example.com,loanfast.info,Scholarship awarded! Apply here: https://loanfast.info/?id=78784894-951 — limited seats.,none,none,True,https://loanfast.info/?id=78784894-951,phishing,0,0,medium,medium,d7eee263ac1a
1de17bb9-f7c,social,2025-10-08T13:14:38.253575Z,John Smith,public,,Watch this shocking reveal video (see attachment),mp4,mp4_1de17bb9-f7c.mp4,False,,benign,0,0,low,low,5f5fe5b6a844
4d35abaf-ca6,email,2025-09-03T21:01:32.253599Z,user709@docverify.net,user1688@example.com,gov-id.org,Payroll issue: update your bank details: https://gov-id.org/?id=4d35abaf-ca6,jpg,jpg_4d35abaf-ca6.jpg,True,https://gov-id.org/?id=4d35abaf-ca6,benign,0,0,low,low,5f37bf4273d0
a982fddc-701,social,2025-11-22T20:33:59.253626Z,Meera Patel,public,,Viral video: unbelievable transformation - shared by John Smith,none,none,False,,benign,0,0,high,high,5fe61937743d
ddbe765c-76a,email,2025-09-10T12:36:59.253649Z,user205@docverify.net,user1761@example.com,payments-update.com,Scholarship awarded! Apply here: https://payments-update.com/?id=ddbe765c-76a — limited seats.,none,none,True,https://payments-update.com/?id=ddbe765c-76a,benign,0,0,high,high,e23df6a55248
f9554d8d-c8e,sms,2025-10-20T16:03:42.253676Z,+917768243021,+919857888409,loanfast.info,Your exam result updated. Login at http://loanfast.info/surveys?id=f9554d8d-c8e,none,none,True,http://loanfast.info/surveys?id=f9554d8d-c8e,benign,0,0,low,low,3dff67e3f848
0dcb4c77-06f,email,2025-09-22T09:33:51.253714Z,user453@secure-bank.com,user1236@example.com,uni-scholar.org,Urgent: Your account will be suspended. Click https://uni-scholar.org/?id=0dcb4c77-06f to verify now.,mp4,mp4_0dcb4c77-06f.mp4,True,https://uni-scholar.org/?id=0dcb4c77-06f,benign,0,0,low,low,27dde163d6b8
4f829058-3ad,social,2025-09-30T13:18:06.253743Z,Aisha Khan,public,,Watch this shocking reveal video (see attachment),mp4,mp4_4f829058-3ad.mp4,False,,benign,0,0,medium,medium,bf16f9d3bd45
b6de33e4-667,document,2025-10-01T11:59:21.253767Z,jobhubpvtltd@docverify.net,records@hospital.org,,Offer letter - Company: JobHub Pvt Ltd - Candidate: Meera Patel,pdf,pdf_b6de33e4-667.pdf,False,,fake_doc,1,0,high,high,ae0c96e5dc3c
4ef99096-c0f,social,2025-10-03T12:25:06.253794Z,Sana Ahmed,public,,Interview leaked - audio attached,mp4,mp4_4ef99096-c0f.mp4,False,,benign,0,0,low,low,6fb6b431c877
df094730-503,sms,2025-10-14T22:28:15.253816Z,+916191142963,+916682194678,parcel-track.net,Your exam result updated. Login at http://parcel-track.net/surveys?id=df094730-503,none,none,True,http://parcel-track.net/surveys?id=df094730-503,benign,0,0,high,high,de06c5b794cb
614daf28-511,email,2025-10-31T10:26:29.253842Z,user913@uni-scholar.org,user1058@example.com,uni-scholar.org,Payroll issue: update your bank details: https://uni-scholar.org/?id=614daf28-511,docx,docx_614daf28-511.docx,True,https://uni-scholar.org/?id=614daf28-511,scholarship_scam,0,0,low,low,dffe75d3895b
a76a762e-de5,sms,2025-11-02T14:22:16.253868Z,+916212603521,+917604372896,secure-bank.com,Your OTP is 123456 - never share it,none,none,False,,benign,0,0,medium,medium,6c2e18391fff
dab5ad57-7b3,document,2025-09-17T21:49:10.253892Z,jobhubpvtltd@trusted-health.org,records@company.com,,Offer letter - Company: MediLife Hospital - Candidate: Aisha Khan,docx,docx_dab5ad57-7b3.docx,False,,fake_doc,0,0,medium,medium,90e5a45cd400
1d9b96d4-ca3,upload,2025-10-08T00:26:26.253918Z,John Smith,admin,,Uploaded media for review,jpg,jpg_1d9b96d4-ca3.jpg,False,,deepfake_media,1,0,medium,medium,14fad2007b6c
d947c2e7-447,sms,2025-11-12T11:14:47.253965Z,+917326879662,+918152026735,docverify.net,Loan approved! Complete KYC at http://docverify.net/surveys?id=d947c2e7-447,none,none,True,http://docverify.net/surveys?id=d947c2e7-447,scam_sms,0,0,low,low,86b6c1b1eb78
3d80767c-702,document,2025-09-05T05:39:15.253993Z,globaluni@gov-id.org,records@company.com,,Medical test report - Patient: Sana Ahmed - Result: Pending - Ref 3d80767c-702 | DOB: 1977-04-26,docx,docx_3d80767c-702.docx,False,,legit_doc,0,1,low,low,33bed8614f46
1981e576-fd3,sms,2025-10-10T03:32:38.254022Z,+919028648320,+918830922591,parcel-track.net,Free voucher! Redeem at http://parcel-track.net/surveys?id=1981e576-fd3,none,none,True,http://parcel-track.net/surveys?id=1981e576-fd3,benign,0,0,low,low,607ecc29808e
1b1020c5-265,social,2025-10-04T08:16:15.254046Z,Meera Patel,public,,Watch this shocking reveal video (see attachment),none,none,False,,benign,0,0,high,high,aafc85404ca9
5bf485bc-8fe,email,2025-10-29T20:59:42.254070Z,user879@payments-update.com,user1509@example.com,parcel-track.net,Security alert: New sign-in from unknown device. Reset here: https://parcel-track.net/?id=5bf485bc-8fe,png,png_5bf485bc-8fe.png,True,https://parcel-track.net/?id=5bf485bc-8fe,benign,0,0,low,low,fe50cd7c1251
b0664418-c21,social,2025-10-21T11:47:58.254096Z,John Smith,public,,Watch this shocking reveal video (see attachment),mp4,mp4_b0664418-c21.mp4,False,,benign,0,0,low,low,9170ce7c4d22
64cff353-e62,email,2025-10-31T06:13:26.254120Z,user165@gov-id.org,user1750@example.com,secure-bank.com,Payroll issue: update your bank details: https://secure-bank.com/?id=64cff353-e62,jpg,jpg_64cff353-e62.jpg,True,https://secure-bank.com/?id=64cff353-e62,phishing,0,0,high,high,ad67dc55919b
2a687aa9-285,email,2025-11-05T16:03:28.254146Z,user994@payments-update.com,user1864@example.com,loanfast.info,Scholarship awarded! Apply here: https://loanfast.info/?id=2a687aa9-285 — limited seats.,docx,docx_2a687aa9-285.docx,True,https://loanfast.info/?id=2a687aa9-285,phishing,0,0,critical,critical,35f2a06c8dd2
634ad498-e43,email,2025-09-23T23:08:51.254176Z,user173@payments-update.com,user1255@example.com,uni-scholar.org,"Payroll issue: update your bank details: https://uni-scholar.org/?id=634ad498-e43 Patient: Sana Ahmed, Acc: XXXX-XXXX-2846",none,none,True,https://uni-scholar.org/?id=634ad498-e43,benign,0,1,critical,critical,661740b79222
d0f7c397-418,document,2025-09-07T23:38:58.254203Z,fintrustltd@trusted-health.org,records@company.com,,Hospital discharge summary - Patient: Aisha Khan - MRN: d0f7c397-418,docx,docx_d0f7c397-418.docx,False,,legit_doc,0,0,critical,critical,e8d6a9968b26
793ea3cf-783,email,2025-09-29T04:53:19.254229Z,user467@gov-id.org,user1229@example.com,trusted-health.org,"Hello, please review attached report Patient: Meera Patel, Acc: XXXX-XXXX-3789",docx,docx_793ea3cf-783.docx,False,,benign,0,1,low,low,0b2e78c4b906
b27003b4-d1a,sms,2025-08-31T03:48:17.254256Z,+917032223045,+918911805352,trusted-health.org,Free voucher! Redeem at http://trusted-health.org/surveys?id=b27003b4-d1a,none,none,True,http://trusted-health.org/surveys?id=b27003b4-d1a,benign,0,0,low,low,842d01b5a52f
6f375cd9-6f8,email,2025-10-18T14:08:20.254281Z,user166@docverify.net,user1941@example.com,loanfast.info,Payroll issue: update your bank details: https://loanfast.info/?id=6f375cd9-6f8,pdf,pdf_6f375cd9-6f8.pdf,True,https://loanfast.info/?id=6f375cd9-6f8,benign,0,0,low,low,efc41ebed289
76ed228c-000,sms,2025-10-19T05:21:23.254307Z,+919653926629,+918499138097,docverify.net,Loan approved! Complete KYC at http://docverify.net/surveys?id=76ed228c-000,none,none,True,http://docverify.net/surveys?id=76ed228c-000,benign,0,0,low,low,0dce1a5649b8
c6a4e9bc-c7f,email,2025-08-30T03:55:32.254338Z,user427@loanfast.info,user1284@example.com,docverify.net,Action required: Confirm your payment method at https://docverify.net/?id=c6a4e9bc-c7f. Invoice attached: invoice_c6a4e9bc-c7f.pdf,pdf,pdf_c6a4e9bc-c7f.pdf,True,https://docverify.net/?id=c6a4e9bc-c7f,phishing,0,0,high,high,5b3debed4a12
8b851a84-e49,document,2025-11-04T06:23:35.254368Z,acmecorp@gov-id.org,records@hospital.org,,Hospital discharge summary - Patient: John Smith - MRN: 8b851a84-e49,docx,docx_8b851a84-e49.docx,False,,legit_doc,0,0,high,high,0b971e718427
c7885892-fef,document,2025-09-02T17:29:58.254394Z,globaluni@payments-update.com,records@hospital.org,,Hospital discharge summary - Patient: Rahul Verma - MRN: c7885892-fef | DOB: 1993-06-25,pdf,pdf_c7885892-fef.pdf,False,,legit_doc,0,1,low,low,2f3df31e2417
f7eacc8e-7c5,email,2025-10-26T09:20:21.254421Z,user191@trusted-health.org,user1536@example.com,uni-scholar.org,"Hello, please review attached report",none,none,False,,benign,0,0,high,high,4c1f903a812d
b17b2d0e-089,document,2025-09-02T22:25:37.254446Z,jobhubpvtltd@parcel-track.net,records@gov.org,,Certified true copy - see attached,docx,docx_b17b2d0e-089.docx,False,,fake_doc,1,0,high,high,eee059d9683c
ea55c29f-0f3,sms,2025-09-27T14:38:25.254472Z,+919056852427,+916591117926,uni-scholar.org,Your OTP is 123456 - never share it,none,none,False,,loan_scam,0,0,low,low,8849e74562ee
484aac09-d14,upload,2025-10-31T23:32:39.254496Z,Vikram Rao,admin,,Uploaded media for review,mp4,mp4_484aac09-d14.mp4,False,,benign,0,0,low,low,cbb0736f9e7a
bcce3bcc-3b2,social,2025-10-22T11:44:30.254518Z,Rahul Verma,public,,Interview leaked - audio attached,none,none,False,,benign,0,0,medium,medium,b541a9a3fff6
ff4ec34e-b2b,document,2025-09-18T22:06:37.254542Z,jobhubpvtltd@payments-update.com,records@hospital.org,,Hospital discharge summary - Patient: Rahul Verma - MRN: ff4ec34e-b2b,pdf,pdf_ff4ec34e-b2b.pdf,False,,legit_doc,0,0,medium,medium,ef4fa05f093c
57c263fd-523,sms,2025-10-05T06:27:57.254573Z,+919374063069,+916729326531,docverify.net,Your OTP is 123456 - never share it,none,none,False,,benign,0,0,low,low,5b6794b299c9
18ee2d4f-555,email,2025-09-30T10:12:44.254598Z,user946@docverify.net,user1661@example.com,payments-update.com,Urgent: Your account will be suspended. Click https://payments-update.com/?id=18ee2d4f-555 to verify now.,jpg,jpg_18ee2d4f-555.jpg,True,https://payments-update.com/?id=18ee2d4f-555,phishing,0,0,medium,medium,ca0d6f0e5076
8dd74012-dcd,sms,2025-10-27T05:24:36.254673Z,+918442218885,+918062943568,uni-scholar.org,Free voucher! Redeem at http://uni-scholar.org/surveys?id=8dd74012-dcd,none,none,True,http://uni-scholar.org/surveys?id=8dd74012-dcd,benign,0,0,high,high,fe94d2863460
53a9a854-a0f,email,2025-11-09T12:02:46.254701Z,user131@secure-bank.com,user1701@example.com,loanfast.info,Payroll issue: update your bank details: https://loanfast.info/?id=53a9a854-a0f,pdf,pdf_53a9a854-a0f.pdf,True,https://loanfast.info/?id=53a9a854-a0f,benign,0,0,critical,critical,b9020ee9c03f
df0714d7-8e6,email,2025-11-13T06:56:59.254728Z,user284@trusted-health.org,user1898@example.com,trusted-health.org,Security alert: New sign-in from unknown device. Reset here: https://trusted-health.org/?id=df0714d7-8e6,docx,docx_df0714d7-8e6.docx,True,https://trusted-health.org/?id=df0714d7-8e6,benign,0,0,low,low,bf35c15822d5
4ca86a11-096,email,2025-10-31T19:50:50.254755Z,user623@payments-update.com,user1893@example.com,docverify.net,Scholarship awarded! Apply here: https://docverify.net/?id=4ca86a11-096 — limited seats.,png,png_4ca86a11-096.png,True,https://docverify.net/?id=4ca86a11-096,benign,0,0,low,low,bd4047fbc1ca
059653ed-48a,email,2025-09-05T00:23:07.254783Z,user834@secure-bank.com,user1865@example.com,docverify.net,Action required: Confirm your payment method at https://docverify.net/?id=059653ed-48a. Invoice attached: invoice_059653ed-48a.pdf,pdf,pdf_059653ed-48a.pdf,True,https://docverify.net/?id=059653ed-48a,job_scam,0,0,low,low,a3c6c54fcd25
b055956f-fdd,email,2025-10-15T02:52:48.254811Z,user974@payments-update.com,user1550@example.com,payments-update.com,Action required: Confirm your payment method at https://payments-update.com/?id=b055956f-fdd. Invoice attached: invoice_b055956f-fdd.pdf,pdf,pdf_b055956f-fdd.pdf,True,https://payments-update.com/?id=b055956f-fdd,phishing,0,0,medium,medium,b8457b07c938
a05233f9-a56,email,2025-09-13T23:29:02.254838Z,user457@docverify.net,user1938@example.com,loanfast.info,"Hello, please review attached report",mp4,mp4_a05233f9-a56.mp4,False,,benign,0,0,medium,medium,bf176f6904d3
b13c5e9e-c41,sms,2025-09-12T06:43:35.254863Z,+919700356165,+918973829553,payments-update.com,Package delivery failed. Confirm at http://payments-update.com/surveys?id=b13c5e9e-c41,none,none,True,http://payments-update.com/surveys?id=b13c5e9e-c41,benign,0,0,low,low,f85124f8d977
955f3bb3-737,email,2025-11-13T04:30:37.254889Z,user781@loanfast.info,user1037@example.com,payments-update.com,Action required: Confirm your payment method at https://payments-update.com/?id=955f3bb3-737. Invoice attached: invoice_955f3bb3-737.pdf,pdf,pdf_955f3bb3-737.pdf,True,https://payments-update.com/?id=955f3bb3-737,benign,0,0,low,low,8c779c48268c
00f05623-b1f,email,2025-09-20T18:09:45.254917Z,user919@trusted-health.org,user1449@example.com,uni-scholar.org,Action required: Confirm your payment method at https://uni-scholar.org/?id=00f05623-b1f. Invoice attached: invoice_00f05623-b1f.pdf,pdf,pdf_00f05623-b1f.pdf,True,https://uni-scholar.org/?id=00f05623-b1f,phishing,0,0,medium,medium,4422eb138d80
9576b6aa-93a,email,2025-10-20T23:54:12.254944Z,user794@docverify.net,user1794@example.com,gov-id.org,Urgent: Your account will be suspended. Click https://gov-id.org/?id=9576b6aa-93a to verify now.,mp4,mp4_9576b6aa-93a.mp4,True,https://gov-id.org/?id=9576b6aa-93a,phishing,0,0,medium,medium,137665f80eb9
d92ce091-d9a,social,2025-09-12T18:48:34.254971Z,Sana Ahmed,public,,Viral video: unbelievable transformation - shared by Meera Patel,mp4,mp4_d92ce091-d9a.mp4,False,,benign,0,0,medium,medium,1f4cfe85ac9e
3095f908-4e7,email,2025-11-02T20:30:22.254995Z,user153@loanfast.info,user1512@example.com,secure-bank.com,"Hello, please review attached report",mp4,mp4_3095f908-4e7.mp4,False,,benign,0,0,low,low,3f676632a13b
555bef2a-0d8,email,2025-11-10T16:39:10.255019Z,user370@loanfast.info,user1236@example.com,trusted-health.org,"Hello, please review attached report",none,none,False,,phishing,0,0,medium,medium,5eea8e7e0572
f677c67d-70b,sms,2025-09-10T05:51:57.255044Z,+919698368992,+916911964248,parcel-track.net,Your OTP is 123456 - never share it,none,none,False,,benign,0,0,medium,medium,4d21aa58ecab
48152850-704,email,2025-10-08T23:56:45.255069Z,user926@payments-update.com,user1299@example.com,docverify.net,Security alert: New sign-in from unknown device. Reset here: https://docverify.net/?id=48152850-704,docx,docx_48152850-704.docx,True,https://docverify.net/?id=48152850-704,phishing,0,0,medium,medium,6953b8028c9b
fe51dcd8-dad,email,2025-10-25T23:33:11.255095Z,user181@loanfast.info,user1744@example.com,docverify.net,Action required: Confirm your payment method at https://docverify.net/?id=fe51dcd8-dad. Invoice attached: invoice_fe51dcd8-dad.pdf,pdf,pdf_fe51dcd8-dad.pdf,True,https://docverify.net/?id=fe51dcd8-dad,phishing,0,0,medium,medium,009f96966312
337620c3-073,upload,2025-11-03T01:27:50.255122Z,John Smith,admin,,Uploaded media for review,mp4,mp4_337620c3-073.mp4,False,,benign,0,0,low,low,43d847cd7f01
84ca1e4b-021,sms,2025-11-09T14:16:10.255144Z,+919204759388,+918403977033,payments-update.com,Your exam result updated. Login at http://payments-update.com/surveys?id=84ca1e4b-021,none,none,True,http://payments-update.com/surveys?id=84ca1e4b-021,scam_sms,0,0,medium,medium,023d93d95ad1
70eb349f-fb4,social,2025-10-17T13:24:04.255170Z,John Smith,public,,Viral video: unbelievable transformation - shared by Rahul Verma,jpg,jpg_70eb349f-fb4.jpg,False,,benign,0,0,critical,critical,5820fce79426
48889521-18f,sms,2025-09-07T01:57:33.255194Z,+917545591588,+918137755241,gov-id.org,Your OTP is 123456 - never share it,none,none,False,,benign,0,0,medium,medium,0a4b37c210f2
549207a1-7df,document,2025-08-28T04:42:44.255217Z,acmecorp@gov-id.org,records@gov.org,,Hospital discharge summary - Patient: Rahul Verma - MRN: 549207a1-7df,docx,docx_549207a1-7df.docx,False,,legit_doc,0,0,low,low,3247e8c1d9ff
c13ffba3-306,sms,2025-10-25T01:39:39.255243Z,+917417168896,+917625632557,secure-bank.com,Free voucher! Redeem at http://secure-bank.com/surveys?id=c13ffba3-306,none,none,True,http://secure-bank.com/surveys?id=c13ffba3-306,scam_sms,0,0,medium,medium,212c63799be6
82d9923f-4bb,document,2025-11-13T04:13:48.255267Z,globaluni@loanfast.info,records@company.com,,Government ID correction letter - Ref: 82d9923f-4bb | DOB: 2007-06-23,pdf,pdf_82d9923f-4bb.pdf,False,,legit_doc,0,1,critical,critical,5d2ce61f88a8
968b069d-74b,email,2025-09-02T17:25:23.255295Z,user487@loanfast.info,user1127@example.com,payments-update.com,"Hello, please review attached report",png,png_968b069d-74b.png,False,,benign,0,0,low,low,951ba5c112e4
d90d0571-56c,sms,2025-09-19T01:53:32.255324Z,+916881942316,+917500160174,trusted-health.org,Your OTP is 123456 - never share it,none,none,False,,scam_sms,0,0,medium,medium,7b4999730c1b
6885c31c-f11,social,2025-09-22T01:02:58.255349Z,Aisha Khan,public,,Interview leaked - audio attached,mp4,mp4_6885c31c-f11.mp4,False,,benign,0,0,low,low,2f9b67161a7a
5b489c7a-381,email,2025-11-16T13:49:57.255371Z,user586@secure-bank.com,user1269@example.com,loanfast.info,Security alert: New sign-in from unknown device. Reset here: https://loanfast.info/?id=5b489c7a-381,mp4,mp4_5b489c7a-381.mp4,True,https://loanfast.info/?id=5b489c7a-381,phishing,0,0,high,high,49e9aa4c3c66
89735697-946,email,2025-11-21T12:03:17.255398Z,user640@docverify.net,user1972@example.com,payments-update.com,Payroll issue: update your bank details: https://payments-update.com/?id=89735697-946,pdf,pdf_89735697-946.pdf,True,https://payments-update.com/?id=89735697-946,phishing,0,0,high,high,6705ff41d581
e6a0ebc8-056,email,2025-09-22T04:01:46.255424Z,user903@uni-scholar.org,user1636@example.com,gov-id.org,"Hello, please review attached report",jpg,jpg_e6a0ebc8-056.jpg,False,,benign,0,0,low,low,690496c49a5a
14facde4-cb5,email,2025-10-12T18:10:58.255448Z,user211@trusted-health.org,user1420@example.com,docverify.net,Action required: Confirm your payment method at https://docverify.net/?id=14facde4-cb5. Invoice attached: invoice_14facde4-cb5.pdf,pdf,pdf_14facde4-cb5.pdf,True,https://docverify.net/?id=14facde4-cb5,job_scam,0,0,low,low,7967999ff5aa
f951aaf9-4b2,sms,2025-11-21T18:39:41.255475Z,+917762478113,+918288724185,secure-bank.com,Package delivery failed. Confirm at http://secure-bank.com/surveys?id=f951aaf9-4b2,none,none,True,http://secure-bank.com/surveys?id=f951aaf9-4b2,benign,0,0,low,low,c5aee3ef10b0
4196b8ea-a5d,sms,2025-10-07T21:04:16.255510Z,+917998571087,+918973521002,loanfast.info,Loan approved! Complete KYC at http://loanfast.info/surveys?id=4196b8ea-a5d,none,none,True,http://loanfast.info/surveys?id=4196b8ea-a5d,scam_sms,0,0,medium,medium,c1fc01182e23
4bdb13ad-f89,sms,2025-10-13T18:44:27.255536Z,+917697167768,+918169156604,parcel-track.net,Loan approved! Complete KYC at http://parcel-track.net/surveys?id=4bdb13ad-f89,none,none,True,http://parcel-track.net/surveys?id=4bdb13ad-f89,scam_sms,0,0,high,high,383abb5f44d7
bf542db4-619,sms,2025-10-22T16:35:51.255563Z,+918986915747,+916056838973,gov-id.org,Package delivery failed. Confirm at http://gov-id.org/surveys?id=bf542db4-619,none,none,True,http://gov-id.org/surveys?id=bf542db4-619,scam_sms,0,0,high,high,0658d55b99ec
30c1576c-b16,email,2025-11-01T05:11:02.255593Z,user523@parcel-track.net,user1968@example.com,docverify.net,Action required: Confirm your payment method at https://docverify.net/?id=30c1576c-b16. Invoice attached: invoice_30c1576c-b16.pdf,pdf,pdf_30c1576c-b16.pdf,True,https://docverify.net/?id=30c1576c-b16,phishing,0,0,medium,medium,a18ddbf5af04
96893a01-1fa,sms,2025-09-04T12:24:36.255623Z,+919591300462,+916210597123,trusted-health.org,Loan approved! Complete KYC at http://trusted-health.org/surveys?id=96893a01-1fa,none,none,True,http://trusted-health.org/surveys?id=96893a01-1fa,benign,0,0,medium,medium,dd7a7836eeb6
291a8f36-d26,sms,2025-10-08T16:20:10.255648Z,+916895610397,+917209987101,secure-bank.com,Your OTP is 123456 - never share it,none,none,False,,benign,0,0,low,low,23d858b4f69a
40d34be2-f69,document,2025-10-19T02:06:04.255672Z,medilifehospital@uni-scholar.org,records@gov.org,,Hospital discharge summary - Patient: Rahul Verma - MRN: 40d34be2-f69,docx,docx_40d34be2-f69.docx,False,,legit_doc,0,0,low,low,47b91d445607
8b58d525-636,email,2025-11-19T13:52:09.255698Z,user964@gov-id.org,user1204@example.com,payments-update.com,Urgent: Your account will be suspended. Click https://payments-update.com/?id=8b58d525-636 to verify now.,png,png_8b58d525-636.png,True,https://payments-update.com/?id=8b58d525-636,benign,0,0,low,low,1d14eab3b723
25c382cb-192,sms,2025-11-18T07:46:54.255726Z,+918542730252,+918432668123,gov-id.org,Loan approved! Complete KYC at http://gov-id.org/surveys?id=25c382cb-192,none,none,True,http://gov-id.org/surveys?id=25c382cb-192,benign,0,0,low,low,37dae681f9f6
68b3686e-a21,email,2025-09-12T04:21:46.255751Z,user782@docverify.net,user1657@example.com,uni-scholar.org,Payroll issue: update your bank details: https://uni-scholar.org/?id=68b3686e-a21,pdf,pdf_68b3686e-a21.pdf,True,https://uni-scholar.org/?id=68b3686e-a21,invoice_fraud,0,0,high,high,52253ddcfd63
cd02d92b-0a3,document,2025-09-24T14:29:53.255777Z,globaluni@trusted-health.org,records@hospital.org,,Hospital discharge summary - Patient: John Smith - MRN: cd02d92b-0a3 | DOB: 1995-02-14,docx,docx_cd02d92b-0a3.docx,False,,legit_doc,0,1,low,low,dbb71f9c392a
52dcb07b-90e,sms,2025-09-29T04:11:19.255805Z,+917481932540,+917371540362,docverify.net,Loan approved! Complete KYC at http://docverify.net/surveys?id=52dcb07b-90e,none,none,True,http://docverify.net/surveys?id=52dcb07b-90e,benign,0,0,medium,medium,66cd663e9fc1
87aa9e17-b13,email,2025-10-13T12:02:07.255830Z,user380@parcel-track.net,user1917@example.com,parcel-track.net,Security alert: New sign-in from unknown device. Reset here: https://parcel-track.net/?id=87aa9e17-b13,none,none,True,https://parcel-track.net/?id=87aa9e17-b13,job_scam,0,0,high,high,9153c1ccf625
0a405f55-fdc,sms,2025-11-15T19:42:18.255857Z,+919786030504,+916825926046,loanfast.info,Package delivery failed. Confirm at http://loanfast.info/surveys?id=0a405f55-fdc,none,none,True,http://loanfast.info/surveys?id=0a405f55-fdc,scam_sms,0,0,high,high,6c961e5cd378
c2b7cec1-661,social,2025-11-01T09:41:51.255888Z,Meera Patel,public,,Watch this shocking reveal video (see attachment),none,none,False,,benign,0,0,low,low,f0a2245941b9
96452f59-dce,email,2025-09-28T07:20:31.255912Z,user238@payments-update.com,user1589@example.com,secure-bank.com,Urgent: Your account will be suspended. Click https://secure-bank.com/?id=96452f59-dce to verify now.,mp4,mp4_96452f59-dce.mp4,True,https://secure-bank.com/?id=96452f59-dce,scholarship_scam,0,0,low,low,3cec6647a492
593ec125-950,email,2025-09-23T20:21:26.255939Z,user603@loanfast.info,user1081@example.com,gov-id.org,Action required: Confirm your payment method at https://gov-id.org/?id=593ec125-950. Invoice attached: invoice_593ec125-950.pdf,pdf,pdf_593ec125-950.pdf,True,https://gov-id.org/?id=593ec125-950,phishing,0,0,high,high,a6d08ecd45e9
f6aa8d08-707,sms,2025-10-18T18:16:39.255967Z,+919332631926,+916870118172,parcel-track.net,Free voucher! Redeem at http://parcel-track.net/surveys?id=f6aa8d08-707,none,none,True,http://parcel-track.net/surveys?id=f6aa8d08-707,scam_sms,0,0,high,high,724cf380ab55
86202169-dd9,upload,2025-08-30T02:35:28.255992Z,John Smith,admin,,Uploaded media for review,jpg,jpg_86202169-dd9.jpg,False,,deepfake_media,1,0,critical,critical,b91e251a1d93
383a0fb1-553,document,2025-11-09T06:41:05.256016Z,medilifehospital@secure-bank.com,records@company.com,,Medical test report - Patient: Rahul Verma - Result: Pending - Ref 383a0fb1-553 | DOB: 2009-09-19,pdf,pdf_383a0fb1-553.pdf,False,,legit_doc,0,1,low,low,514bde157066
c47275b6-6b6,email,2025-09-18T08:07:39.256049Z,user815@payments-update.com,user1108@example.com,loanfast.info,Security alert: New sign-in from unknown device. Reset here: https://loanfast.info/?id=c47275b6-6b6,jpg,jpg_c47275b6-6b6.jpg,True,https://loanfast.info/?id=c47275b6-6b6,benign,0,0,medium,medium,c00a40035ea0
e287e608-731,email,2025-10-24T22:28:27.256084Z,user871@gov-id.org,user1359@example.com,uni-scholar.org,Security alert: New sign-in from unknown device. Reset here: https://uni-scholar.org/?id=e287e608-731,png,png_e287e608-731.png,True,https://uni-scholar.org/?id=e287e608-731,phishing,0,0,medium,medium,352c215018fb
44284057-e86,email,2025-10-06T07:48:34.256113Z,user726@docverify.net,user1129@example.com,loanfast.info,Scholarship awarded! Apply here: https://loanfast.info/?id=44284057-e86 — limited seats.,mp4,mp4_44284057-e86.mp4,True,https://loanfast.info/?id=44284057-e86,phishing,0,0,medium,medium,42e7ebf131d0
a9df3c80-1f6,social,2025-10-15T04:24:49.256142Z,Meera Patel,public,,Viral video: unbelievable transformation - shared by John Smith,mp4,mp4_a9df3c80-1f6.mp4,False,,benign,0,0,medium,medium,017619b4cb25
096f270b-9fc,sms,2025-11-15T22:46:19.256166Z,+917765966701,+919970733324,trusted-health.org,Your OTP is 123456 - never share it,none,none,False,,benign,0,0,low,low,fd02a926629f
898442bd-b18,email,2025-09-01T16:05:00.256191Z,user181@payments-update.com,user1279@example.com,docverify.net,Scholarship awarded! Apply here: https://docverify.net/?id=898442bd-b18 — limited seats.,jpg,jpg_898442bd-b18.jpg,True,https://docverify.net/?id=898442bd-b18,job_scam,0,0,medium,medium,2a5c6db65e3f
29cb8797-952,sms,2025-08-26T21:49:42.256219Z,+916671296232,+916057116557,secure-bank.com,Free voucher! Redeem at http://secure-bank.com/surveys?id=29cb8797-952,none,none,True,http://secure-bank.com/surveys?id=29cb8797-952,benign,0,0,low,low,0fa422498d6d
6e93f077-bae,email,2025-10-13T13:52:04.256246Z,user915@trusted-health.org,user1742@example.com,loanfast.info,Action required: Confirm your payment method at https://loanfast.info/?id=6e93f077-bae. Invoice attached: invoice_6e93f077-bae.pdf,pdf,pdf_6e93f077-bae.pdf,True,https://loanfast.info/?id=6e93f077-bae,benign,0,0,low,low,7ac3d92176f5
a8cbc50b-9b5,document,2025-11-19T03:03:49.256274Z,acmecorp@secure-bank.com,records@company.com,,Hospital discharge summary - Patient: Meera Patel - MRN: a8cbc50b-9b5,pdf,pdf_a8cbc50b-9b5.pdf,False,,legit_doc,0,0,low,low,d570e91acdb9
3f3b33e0-909,upload,2025-10-18T05:57:50.256304Z,Vikram Rao,admin,,Uploaded media for review,png,png_3f3b33e0-909.png,False,,benign,0,0,low,low,35bcbee77dfa
77a1efc2-e54,social,2025-11-14T02:48:55.256333Z,Meera Patel,public,,Viral video: unbelievable transformation - shared by Meera Patel,jpg,jpg_77a1efc2-e54.jpg,False,,benign,0,0,medium,medium,fabdf77bd335
419245f2-67f,sms,2025-09-27T03:03:54.256360Z,+916704157027,+919388579438,loanfast.info,Your exam result updated. Login at http://loanfast.info/surveys?id=419245f2-67f,none,none,True,http://loanfast.info/surveys?id=419245f2-67f,benign,0,0,medium,medium,1ea24309e03a
a51da7b0-825,sms,2025-10-01T08:39:41.256397Z,+919726181300,+918530884522,loanfast.info,Free voucher! Redeem at http://loanfast.info/surveys?id=a51da7b0-825,none,none,True,http://loanfast.info/surveys?id=a51da7b0-825,benign,0,0,high,high,f3ae98e5473c
e5647545-38a,sms,2025-08-31T01:12:13.256423Z,+916906556208,+919137371203,docverify.net,Your exam result updated. Login at http://docverify.net/surveys?id=e5647545-38a,none,none,True,http://docverify.net/surveys?id=e5647545-38a,benign,0,0,low,low,d576eb33cccc
5986c2f5-c34,email,2025-09-09T18:42:50.256449Z,user427@trusted-health.org,user1933@example.com,payments-update.com,Security alert: New sign-in from unknown device. Reset here: https://payments-update.com/?id=5986c2f5-c34,none,none,True,https://payments-update.com/?id=5986c2f5-c34,benign,0,0,medium,medium,6264780f59e8
2bd02fa1-f3d,email,2025-10-29T00:57:09.256476Z,user657@uni-scholar.org,user1654@example.com,trusted-health.org,Payroll issue: update your bank details: https://trusted-health.org/?id=2bd02fa1-f3d,docx,docx_2bd02fa1-f3d.docx,True,https://trusted-health.org/?id=2bd02fa1-f3d,benign,0,0,medium,medium,5b6a3b187032
78b07bc8-e5d,email,2025-11-03T10:04:45.256504Z,user361@docverify.net,user1344@example.com,docverify.net,Scholarship awarded! Apply here: https://docverify.net/?id=78b07bc8-e5d — limited seats.,jpg,jpg_78b07bc8-e5d.jpg,True,https://docverify.net/?id=78b07bc8-e5d,benign,0,0,critical,critical,ad008c990898
f2570677-3d1,email,2025-10-20T05:55:36.256533Z,user462@gov-id.org,user1595@example.com,secure-bank.com,Security alert: New sign-in from unknown device. Reset here: https://secure-bank.com/?id=f2570677-3d1,none,none,True,https://secure-bank.com/?id=f2570677-3d1,benign,0,0,medium,medium,7f2c60ea42f6
9af9450e-0dc,social,2025-09-27T11:09:27.256559Z,Aisha Khan,public,,Watch this shocking reveal video (see attachment),none,none,False,,benign,0,0,low,low,a1d6b35ae561
4ab281d2-751,sms,2025-11-08T07:22:27.256582Z,+918297629426,+917341027611,loanfast.info,Loan approved! Complete KYC at http://loanfast.info/surveys?id=4ab281d2-751,none,none,True,http://loanfast.info/surveys?id=4ab281d2-751,scam_sms,0,0,high,high,65f31f77ee25
20bb0d17-63b,sms,2025-09-24T17:17:06.256608Z,+919716246795,+916031542558,loanfast.info,Free voucher! Redeem at http://loanfast.info/surveys?id=20bb0d17-63b,none,none,True,http://loanfast.info/surveys?id=20bb0d17-63b,scam_sms,0,0,medium,medium,414e3fe8a53b
3f8b13c2-7bf,email,2025-10-13T11:53:37.256633Z,user773@uni-scholar.org,user1731@example.com,loanfast.info,Security alert: New sign-in from unknown device. Reset here: https://loanfast.info/?id=3f8b13c2-7bf,pdf,pdf_3f8b13c2-7bf.pdf,True,https://loanfast.info/?id=3f8b13c2-7bf,benign,0,0,medium,medium,402ca38391b1
7a3c7df6-09b,document,2025-11-07T22:22:04.256659Z,globaluni@trusted-health.org,records@hospital.org,,Medical test report - Patient: Meera Patel - Result: Pending - Ref 7a3c7df6-09b | DOB: 1997-06-19,docx,docx_7a3c7df6-09b.docx,False,,fake_doc,1,1,medium,medium,c450e7d28e0b
450441e6-e64,email,2025-09-09T08:48:50.256689Z,user585@loanfast.info,user1581@example.com,gov-id.org,Urgent: Your account will be suspended. Click https://gov-id.org/?id=450441e6-e64 to verify now.,mp4,mp4_450441e6-e64.mp4,True,https://gov-id.org/?id=450441e6-e64,benign,0,0,low,low,8ed70c6fa342
e111dec4-985,sms,2025-09-20T04:40:35.256716Z,+919707099046,+916526906448,payments-update.com,Your exam result updated. Login at http://payments-update.com/surveys?id=e111dec4-985,none,none,True,http://payments-update.com/surveys?id=e111dec4-985,benign,0,0,low,low,aeb4e059ef1b
bf08788c-562,sms,2025-10-19T03:45:16.256741Z,+916693881596,+916585341608,trusted-health.org,Package delivery failed. Confirm at http://trusted-health.org/surveys?id=bf08788c-562,none,none,True,http://trusted-health.org/surveys?id=bf08788c-562,benign,0,0,medium,medium,ab35037bf965
768f48cb-5ff,upload,2025-11-19T19:18:27.256765Z,John Smith,admin,,Uploaded media for review,jpg,jpg_768f48cb-5ff.jpg,False,,benign,0,0,low,low,8c7be5e49902
18a3e579-1a1,email,2025-09-19T08:25:58.256791Z,user750@parcel-track.net,user1878@example.com,secure-bank.com,Payroll issue: update your bank details: https://secure-bank.com/?id=18a3e579-1a1,jpg,jpg_18a3e579-1a1.jpg,True,https://secure-bank.com/?id=18a3e579-1a1,benign,0,0,medium,medium,c4f32fdd6565
acd81e87-d11,sms,2025-09-09T04:43:56.256824Z,+917780971594,+917599240424,uni-scholar.org,Loan approved! Complete KYC at http://uni-scholar.org/surveys?id=acd81e87-d11,none,none,True,http://uni-scholar.org/surveys?id=acd81e87-d11,benign,0,0,high,high,7e4693062795
688f7aec-4e0,email,2025-10-20T02:51:15.256856Z,user456@payments-update.com,user1006@example.com,payments-update.com,Scholarship awarded! Apply here: https://payments-update.com/?id=688f7aec-4e0 — limited seats.,pdf,pdf_688f7aec-4e0.pdf,True,https://payments-update.com/?id=688f7aec-4e0,benign,0,0,medium,medium,ed913cf55c50
45d7cba9-a08,document,2025-09-24T21:21:40.256896Z,globaluni@payments-update.com,records@gov.org,,Government ID correction letter - Ref: 45d7cba9-a08 | DOB: 2007-09-18,docx,docx_45d7cba9-a08.docx,False,,legit_doc,0,1,low,low,52da30fb4c66
0326e7d1-8e7,document,2025-10-16T11:46:16.256924Z,medilifehospital@secure-bank.com,records@company.com,,Hospital discharge summary - Patient: Sana Ahmed - MRN: 0326e7d1-8e7 | DOB: 2006-07-16,pdf,pdf_0326e7d1-8e7.pdf,False,,legit_doc,0,1,high,high,c146ac8bf0bf
d7d59cd7-e65,sms,2025-09-30T14:02:44.256952Z,+916630531840,+917280495245,payments-update.com,Your OTP is 123456 - never share it,none,none,False,,benign,0,0,medium,medium,62a0536c7375
b4991c79-70e,email,2025-09-14T20:19:50.256977Z,user704@secure-bank.com,user1503@example.com,docverify.net,Payroll issue: update your bank details: https://docverify.net/?id=b4991c79-70e,jpg,jpg_b4991c79-70e.jpg,True,https://docverify.net/?id=b4991c79-70e,benign,0,0,critical,critical,e22300506d64
5f0e9072-3f6,email,2025-09-09T21:58:07.257003Z,user798@docverify.net,user1186@example.com,loanfast.info,Urgent: Your account will be suspended. Click https://loanfast.info/?id=5f0e9072-3f6 to verify now.,mp4,mp4_5f0e9072-3f6.mp4,True,https://loanfast.info/?id=5f0e9072-3f6,benign,0,0,low,low,721ddca5de86
2354896b-9e7,sms,2025-11-19T06:21:33.257033Z,+917101013161,+916511293085,payments-update.com,Loan approved! Complete KYC at http://payments-update.com/surveys?id=2354896b-9e7,none,none,True,http://payments-update.com/surveys?id=2354896b-9e7,benign,0,0,medium,medium,a20c2cc925f9
2a974845-f4b,upload,2025-11-10T07:15:33.257061Z,Aisha Khan,admin,,Uploaded media for review,jpg,jpg_2a974845-f4b.jpg,False,,benign,0,0,low,low,0a3549deb9b6
014bb451-735,sms,2025-10-01T01:42:05.257084Z,+916860305108,+919491475649,gov-id.org,Free voucher! Redeem at http://gov-id.org/surveys?id=014bb451-735,none,none,True,http://gov-id.org/surveys?id=014bb451-735,benign,0,0,medium,medium,1c87aeb89ae4
8c8e0b46-af5,social,2025-09-18T07:16:10.257109Z,Sana Ahmed,public,,Interview leaked - audio attached,mp4,mp4_8c8e0b46-af5.mp4,False,,benign,0,0,low,low,80c301c9a9af
a98b5b07-dde,sms,2025-10-04T05:28:26.257132Z,+918951281408,+919534782421,parcel-track.net,Your exam result updated. Login at http://parcel-track.net/surveys?id=a98b5b07-dde,none,none,True,http://parcel-track.net/surveys?id=a98b5b07-dde,loan_scam,0,0,medium,medium,a947c8e392db
8ef5c4af-4e3,social,2025-10-12T19:28:10.257157Z,Rahul Verma,public,,Interview leaked - audio attached,none,none,False,,benign,0,0,low,low,e1d28a2fe689
8beddc6b-065,email,2025-11-22T06:11:54.257180Z,user316@loanfast.info,user1950@example.com,docverify.net,"Security alert: New sign-in from unknown device. Reset here: https://docverify.net/?id=8beddc6b-065 Patient: Meera Patel, Acc: XXXX-XXXX-4439",mp4,mp4_8beddc6b-065.mp4,True,https://docverify.net/?id=8beddc6b-065,benign,0,1,low,low,b1ed7279c922
a8429165-754,email,2025-11-03T17:49:37.257209Z,user845@gov-id.org,user1837@example.com,trusted-health.org,Scholarship awarded! Apply here: https://trusted-health.org/?id=a8429165-754 — limited seats.,none,none,True,https://trusted-health.org/?id=a8429165-754,phishing,0,0,high,high,7abbf5fd0512
1be64397-123,upload,2025-10-05T04:02:09.257238Z,Vikram Rao,admin,,Uploaded media for review,mp4,mp4_1be64397-123.mp4,False,,deepfake_media,0,0,low,low,609a60166890
042f7a77-2fc,email,2025-10-05T15:24:48.257276Z,user157@trusted-health.org,user1803@example.com,loanfast.info,"Urgent: Your account will be suspended. Click https://loanfast.info/?id=042f7a77-2fc to verify now. Patient: Meera Patel, Acc: XXXX-XXXX-9074",docx,docx_042f7a77-2fc.docx,True,https://loanfast.info/?id=042f7a77-2fc,job_scam,0,1,medium,medium,5f8cc1b6c088
24276428-391,email,2025-09-27T07:48:25.257311Z,user462@gov-id.org,user1865@example.com,trusted-health.org,Action required: Confirm your payment method at https://trusted-health.org/?id=24276428-391. Invoice attached: invoice_24276428-391.pdf,pdf,pdf_24276428-391.pdf,True,https://trusted-health.org/?id=24276428-391,phishing,0,0,medium,medium,dc5727c72ab0
ed799f5d-d92,sms,2025-09-22T23:42:15.257352Z,+919404496592,+917079139155,uni-scholar.org,Package delivery failed. Confirm at http://uni-scholar.org/surveys?id=ed799f5d-d92,none,none,True,http://uni-scholar.org/surveys?id=ed799f5d-d92,benign,0,0,high,high,c42d995fb01b
2fbd5567-edf,social,2025-10-28T15:54:03.257383Z,Vikram Rao,public,,Watch this shocking reveal video (see attachment),mp4,mp4_2fbd5567-edf.mp4,False,,benign,0,0,low,low,a402048b13c3
ec40acb0-be8,email,2025-10-30T08:17:09.257408Z,user539@docverify.net,user1140@example.com,secure-bank.com,Scholarship awarded! Apply here: https://secure-bank.com/?id=ec40acb0-be8 — limited seats.,pdf,pdf_ec40acb0-be8.pdf,True,https://secure-bank.com/?id=ec40acb0-be8,phishing,0,0,medium,medium,a6aa7722621c
8029fd08-28e,sms,2025-08-24T15:30:34.257439Z,+918655554449,+918109496828,parcel-track.net,Your OTP is 123456 - never share it,none,none,False,,benign,0,0,low,low,26fdb75c37af
bab03cf6-b45,sms,2025-10-26T15:22:53.257464Z,+917764025539,+916346286770,uni-scholar.org,Your OTP is 123456 - never share it,none,none,False,,benign,0,0,medium,medium,604137bcec74
a5fbefd5-e2a,email,2025-10-24T00:37:14.257488Z,user782@gov-id.org,user1349@example.com,parcel-track.net,"Payroll issue: update your bank details: https://parcel-track.net/?id=a5fbefd5-e2a Patient: Meera Patel, Acc: XXXX-XXXX-4323",docx,docx_a5fbefd5-e2a.docx,True,https://parcel-track.net/?id=a5fbefd5-e2a,phishing,0,1,medium,medium,cca51cdff5b1
4a86cd55-cca,email,2025-11-22T11:33:55.257517Z,user802@uni-scholar.org,user1249@example.com,secure-bank.com,Action required: Confirm your payment method at https://secure-bank.com/?id=4a86cd55-cca. Invoice attached: invoice_4a86cd55-cca.pdf,pdf,pdf_4a86cd55-cca.pdf,True,https://secure-bank.com/?id=4a86cd55-cca,benign,0,0,high,high,fdb676dd4402
a7153681-dc4,email,2025-10-08T17:08:11.257544Z,user836@payments-update.com,user1644@example.com,parcel-track.net,Payroll issue: update your bank details: https://parcel-track.net/?id=a7153681-dc4,docx,docx_a7153681-dc4.docx,True,https://parcel-track.net/?id=a7153681-dc4,benign,0,0,low,low,de940ba3596c
7c3ba585-374,upload,2025-09-15T09:19:24.257571Z,John Smith,admin,,Uploaded media for review,jpg,jpg_7c3ba585-374.jpg,False,,deepfake_media,1,0,medium,medium,bf95d7bacf1d
d9b556f8-f7b,document,2025-09-19T18:33:46.257594Z,jobhubpvtltd@trusted-health.org,records@hospital.org,,Certified true copy - see attached | DOB: 1980-01-14,docx,docx_d9b556f8-f7b.docx,False,,legit_doc,0,1,medium,medium,2d8eb602856e
69af0c19-210,email,2025-11-05T17:18:14.257624Z,user414@secure-bank.com,user1660@example.com,uni-scholar.org,Urgent: Your account will be suspended. Click https://uni-scholar.org/?id=69af0c19-210 to verify now.,png,png_69af0c19-210.png,True,https://uni-scholar.org/?id=69af0c19-210,invoice_fraud,0,0,high,high,fa256c87ecd3
a26b34d7-910,email,2025-09-18T05:54:03.257652Z,user596@docverify.net,user1660@example.com,parcel-track.net,"Hello, please review attached report",mp4,mp4_a26b34d7-910.mp4,False,,invoice_fraud,0,0,high,high,c77e2769033d
cf2bf47e-ce9,sms,2025-10-24T14:20:16.257679Z,+916214005040,+919040962365,loanfast.info,Loan approved! Complete KYC at http://loanfast.info/surveys?id=cf2bf47e-ce9,none,none,True,http://loanfast.info/surveys?id=cf2bf47e-ce9,benign,0,0,low,low,4ebe26436f66
40d67355-54b,email,2025-10-25T03:39:17.257705Z,user723@parcel-track.net,user1685@example.com,loanfast.info,Urgent: Your account will be suspended. Click https://loanfast.info/?id=40d67355-54b to verify now.,docx,docx_40d67355-54b.docx,True,https://loanfast.info/?id=40d67355-54b,benign,0,0,medium,medium,8ff598a7212d
3882e9d6-59e,email,2025-10-22T22:12:58.257732Z,user615@trusted-health.org,user1424@example.com,trusted-health.org,Security alert: New sign-in from unknown device. Reset here: https://trusted-health.org/?id=3882e9d6-59e,png,png_3882e9d6-59e.png,True,https://trusted-health.org/?id=3882e9d6-59e,phishing,0,0,medium,medium,178e2bd1dcb2
045948cb-919,sms,2025-08-29T19:59:48.257759Z,+918154319007,+918464513417,gov-id.org,Your exam result updated. Login at http://gov-id.org/surveys?id=045948cb-919,none,none,True,http://gov-id.org/surveys?id=045948cb-919,benign,0,0,high,high,7b385019a809
09c3881b-4ec,email,2025-10-18T17:55:09.257791Z,user730@parcel-track.net,user1627@example.com,parcel-track.net,"Scholarship awarded! Apply here: https://parcel-track.net/?id=09c3881b-4ec — limited seats. Patient: John Smith, Acc: XXXX-XXXX-1422",jpg,jpg_09c3881b-4ec.jpg,True,https://parcel-track.net/?id=09c3881b-4ec,scholarship_scam,0,1,medium,medium,ac2e24a620bb
39cb03ce-5b4,email,2025-09-16T19:17:50.257824Z,user110@docverify.net,user1217@example.com,gov-id.org,Scholarship awarded! Apply here: https://gov-id.org/?id=39cb03ce-5b4 — limited seats.,pdf,pdf_39cb03ce-5b4.pdf,True,https://gov-id.org/?id=39cb03ce-5b4,phishing,0,0,medium,medium,be3184dd269c
537041d5-eac,email,2025-11-10T19:16:20.257853Z,user658@uni-scholar.org,user1721@example.com,secure-bank.com,"Hello, please review attached report",jpg,jpg_537041d5-eac.jpg,False,,benign,0,0,medium,medium,ace58f59cd3d
d0087cc6-827,upload,2025-10-30T04:01:28.257878Z,Meera Patel,admin,,Uploaded media for review,jpg,jpg_d0087cc6-827.jpg,False,,deepfake_media,0,0,low,low,8502ccb5e72c
cebe30c9-686,email,2025-09-29T08:53:54.257900Z,user850@gov-id.org,user1479@example.com,loanfast.info,Payroll issue: update your bank details: https://loanfast.info/?id=cebe30c9-686,pdf,pdf_cebe30c9-686.pdf,True,https://loanfast.info/?id=cebe30c9-686,benign,0,0,medium,medium,76240e58431b
7ce4baff-f7f,email,2025-08-26T14:23:26.257926Z,user709@uni-scholar.org,user1296@example.com,docverify.net,Urgent: Your account will be suspended. Click https://docverify.net/?id=7ce4baff-f7f to verify now.,png,png_7ce4baff-f7f.png,True,https://docverify.net/?id=7ce4baff-f7f,phishing,0,0,high,high,fd604077c06d
d65e3044-f64,sms,2025-08-31T01:18:09.257953Z,+917205917767,+916690662480,payments-update.com,Package delivery failed. Confirm at http://payments-update.com/surveys?id=d65e3044-f64,none,none,True,http://payments-update.com/surveys?id=d65e3044-f64,benign,0,0,low,low,bb6a95c573d0
511af810-ea9,social,2025-10-20T02:39:40.257978Z,Aisha Khan,public,,Interview leaked - audio attached,jpg,jpg_511af810-ea9.jpg,False,,deepfake_media,1,0,high,high,a048b4a78602
2cedb713-b5b,email,2025-08-24T22:24:10.258002Z,user833@uni-scholar.org,user1540@example.com,parcel-track.net,Security alert: New sign-in from unknown device. Reset here: https://parcel-track.net/?id=2cedb713-b5b,docx,docx_2cedb713-b5b.docx,True,https://parcel-track.net/?id=2cedb713-b5b,phishing,0,0,high,high,96a7040c43e0
20c7a898-f46,social,2025-11-05T02:02:06.258029Z,John Smith,public,,Viral video: unbelievable transformation - shared by Vikram Rao,jpg,jpg_20c7a898-f46.jpg,False,,benign,0,0,low,low,a6cdc44b2d89
8a8ea118-889,sms,2025-09-11T10:53:10.258052Z,+917652828887,+917496442574,gov-id.org,Free voucher! Redeem at http://gov-id.org/surveys?id=8a8ea118-889,none,none,True,http://gov-id.org/surveys?id=8a8ea118-889,benign,0,0,low,low,7e5d30919f15
54805a77-02a,sms,2025-09-26T07:35:16.258083Z,+916940577363,+919008063611,payments-update.com,Loan approved! Complete KYC at http://payments-update.com/surveys?id=54805a77-02a,none,none,True,http://payments-update.com/surveys?id=54805a77-02a,benign,0,0,medium,medium,0c6535aa4e97
6b6d4c14-c35,social,2025-08-31T21:49:43.258111Z,Vikram Rao,public,,Viral video: unbelievable transformation - shared by Vikram Rao,mp4,mp4_6b6d4c14-c35.mp4,False,,harassment,0,0,medium,medium,f7b969b244a2
b1bfbc21-845,sms,2025-09-04T12:39:43.258152Z,+916877717108,+918251391391,trusted-health.org,Free voucher! Redeem at http://trusted-health.org/surveys?id=b1bfbc21-845,none,none,True,http://trusted-health.org/surveys?id=b1bfbc21-845,scam_sms,0,0,high,high,ffeab660838d
d2ccd06a-c6b,email,2025-10-07T02:07:16.258179Z,user740@docverify.net,user1710@example.com,parcel-track.net,Action required: Confirm your payment method at https://parcel-track.net/?id=d2ccd06a-c6b. Invoice attached: invoice_d2ccd06a-c6b.pdf,pdf,pdf_d2ccd06a-c6b.pdf,True,https://parcel-track.net/?id=d2ccd06a-c6b,benign,0,0,medium,medium,074e4e35f85d
86ebaab1-302,email,2025-11-05T15:10:53.258207Z,user372@loanfast.info,user1619@example.com,gov-id.org,"Hello, please review attached report",docx,docx_86ebaab1-302.docx,False,,scholarship_scam,0,0,low,low,49ae4b3434ed
88a3f3d1-20d,sms,2025-11-17T06:23:54.258233Z,+916581827760,+917785374588,loanfast.info,Loan approved! Complete KYC at http://loanfast.info/surveys?id=88a3f3d1-20d,none,none,True,http://loanfast.info/surveys?id=88a3f3d1-20d,scam_sms,0,0,low,low,2a484b53596d
127f71c7-66c,document,2025-11-16T05:43:37.258258Z,acmecorp@payments-update.com,records@gov.org,,Certified true copy - see attached | DOB: 1975-02-15,pdf,pdf_127f71c7-66c.pdf,False,,legit_doc,0,1,low,low,9cb538d8f2b2
50b90336-0b2,email,2025-11-04T20:41:42.258286Z,user346@trusted-health.org,user1488@example.com,payments-update.com,Action required: Confirm your payment method at https://payments-update.com/?id=50b90336-0b2. Invoice attached: invoice_50b90336-0b2.pdf,pdf,pdf_50b90336-0b2.pdf,True,https://payments-update.com/?id=50b90336-0b2,phishing,0,0,critical,critical,da0f9283beab
b0086d48-b15,email,2025-11-06T21:27:17.258315Z,user777@secure-bank.com,user1540@example.com,trusted-health.org,Payroll issue: update your bank details: https://trusted-health.org/?id=b0086d48-b15,mp4,mp4_b0086d48-b15.mp4,True,https://trusted-health.org/?id=b0086d48-b15,benign,0,0,low,low,34fdc718afc5
3969ebf4-681,sms,2025-11-10T20:19:16.258341Z,+917438489579,+919598883386,docverify.net,Package delivery failed. Confirm at http://docverify.net/surveys?id=3969ebf4-681,none,none,True,http://docverify.net/surveys?id=3969ebf4-681,benign,0,0,medium,medium,3cc286166073
94be20da-6dd,sms,2025-11-08T19:59:07.258367Z,+916286525640,+918427893981,trusted-health.org,Your OTP is 123456 - never share it,none,none,False,,scam_sms,0,0,medium,medium,ee4f4132b870
fa944a07-57d,email,2025-10-07T03:52:41.258391Z,user199@payments-update.com,user1692@example.com,payments-update.com,Urgent: Your account will be suspended. Click https://payments-update.com/?id=fa944a07-57d to verify now.,pdf,pdf_fa944a07-57d.pdf,True,https://payments-update.com/?id=fa944a07-57d,benign,0,0,low,low,73eda20d5f03
f6186035-b7f,upload,2025-10-07T10:46:08.258418Z,Rahul Verma,admin,,Uploaded media for review,jpg,jpg_f6186035-b7f.jpg,False,,benign,0,0,high,high,6c1b6c965431
536ac26b-177,email,2025-10-13T01:35:51.258439Z,user168@gov-id.org,user1141@example.com,secure-bank.com,Action required: Confirm your payment method at https://secure-bank.com/?id=536ac26b-177. Invoice attached: invoice_536ac26b-177.pdf,pdf,pdf_536ac26b-177.pdf,True,https://secure-bank.com/?id=536ac26b-177,phishing,0,0,high,high,0164588ba946
8f17a440-4ac,sms,2025-09-04T16:56:49.258467Z,+918759394682,+916946915628,docverify.net,Package delivery failed. Confirm at http://docverify.net/surveys?id=8f17a440-4ac,none,none,True,http://docverify.net/surveys?id=8f17a440-4ac,benign,0,0,medium,medium,c12c424b8c1e
eb3f0c1e-4d4,document,2025-09-03T05:49:08.258493Z,acmecorp@trusted-health.org,records@company.com,,Medical test report - Patient: Vikram Rao - Result: Pending - Ref eb3f0c1e-4d4,pdf,pdf_eb3f0c1e-4d4.pdf,False,,fake_doc,0,0,medium,medium,8c7040be994c
f1f6b2da-b5c,sms,2025-11-13T15:56:57.258520Z,+918471998456,+916577211601,secure-bank.com,Free voucher! Redeem at http://secure-bank.com/surveys?id=f1f6b2da-b5c,none,none,True,http://secure-bank.com/surveys?id=f1f6b2da-b5c,benign,0,0,medium,medium,4bbefa2283b5
3651b746-f31,sms,2025-08-30T14:27:38.258548Z,+918073097041,+917530496041,loanfast.info,Your exam result updated. Login at http://loanfast.info/surveys?id=3651b746-f31,none,none,True,http://loanfast.info/surveys?id=3651b746-f31,benign,0,0,medium,medium,7e0696c1f213
95ca43b2-c3e,email,2025-09-06T12:03:38.258577Z,user806@trusted-health.org,user1476@example.com,docverify.net,Scholarship awarded! Apply here: https://docverify.net/?id=95ca43b2-c3e — limited seats.,mp4,mp4_95ca43b2-c3e.mp4,True,https://docverify.net/?id=95ca43b2-c3e,benign,0,0,medium,medium,1f68c1ec87c3
a30f918c-ccb,upload,2025-11-19T03:38:19.258606Z,Aisha Khan,admin,,Uploaded media for review,png,png_a30f918c-ccb.png,False,,deepfake_media,1,0,low,low,ec522ca1dec5
e9f8e67b-cef,sms,2025-11-04T04:33:45.258629Z,+919031266758,+918191885297,docverify.net,Free voucher! Redeem at http://docverify.net/surveys?id=e9f8e67b-cef,none,none,True,http://docverify.net/surveys?id=e9f8e67b-cef,scam_sms,0,0,low,low,786d92e85490
f59399c2-287,email,2025-11-15T14:37:48.258655Z,user470@uni-scholar.org,user1802@example.com,gov-id.org,Action required: Confirm your payment method at https://gov-id.org/?id=f59399c2-287. Invoice attached: invoice_f59399c2-287.pdf,pdf,pdf_f59399c2-287.pdf,True,https://gov-id.org/?id=f59399c2-287,benign,0,0,medium,medium,e36cd8c3fdf6
eb2ce1c6-1c5,email,2025-11-02T00:23:03.258681Z,user578@gov-id.org,user1955@example.com,secure-bank.com,Payroll issue: update your bank details: https://secure-bank.com/?id=eb2ce1c6-1c5,none,none,True,https://secure-bank.com/?id=eb2ce1c6-1c5,phishing,0,0,high,high,799db23378f9
3681407a-813,social,2025-09-30T18:02:28.258708Z,Sana Ahmed,public,,Watch this shocking reveal video (see attachment),jpg,jpg_3681407a-813.jpg,False,,benign,0,0,medium,medium,e72d1d016f04
185f4257-e22,sms,2025-08-29T05:33:26.258732Z,+918074577196,+916897106624,secure-bank.com,Loan approved! Complete KYC at http://secure-bank.com/surveys?id=185f4257-e22,none,none,True,http://secure-bank.com/surveys?id=185f4257-e22,scam_sms,0,0,medium,medium,4d29872ba696
cb159595-a2a,document,2025-09-22T03:17:42.258758Z,medilifehospital@trusted-health.org,records@company.com,,Offer letter - Company: MediLife Hospital - Candidate: Aisha Khan | DOB: 2007-02-27,pdf,pdf_cb159595-a2a.pdf,False,,legit_doc,0,1,medium,medium,5cb5263e73e7
76b1ca4d-9fe,sms,2025-09-20T08:07:29.258792Z,+919919749452,+917621651362,uni-scholar.org,Loan approved! Complete KYC at http://uni-scholar.org/surveys?id=76b1ca4d-9fe,none,none,True,http://uni-scholar.org/surveys?id=76b1ca4d-9fe,scam_sms,0,0,high,high,c26fe05bccd1
4780c074-a36,document,2025-10-24T12:35:12.258819Z,fintrustltd@uni-scholar.org,records@gov.org,,Offer letter - Company: FinTrust Ltd - Candidate: Vikram Rao | DOB: 1976-04-22,docx,docx_4780c074-a36.docx,False,,legit_doc,0,1,medium,medium,57f2eba5bd17
79ccc707-37e,sms,2025-11-07T14:25:04.258847Z,+918589947953,+919391367499,payments-update.com,Your OTP is 123456 - never share it,none,none,False,,benign,0,0,low,low,255b3bddc18d
573a0bcf-51b,sms,2025-11-07T18:48:50.258871Z,+916036171309,+919752456284,secure-bank.com,Free voucher! Redeem at http://secure-bank.com/surveys?id=573a0bcf-51b,none,none,True,http://secure-bank.com/surveys?id=573a0bcf-51b,benign,0,0,low,low,5fd9f70426a8
cec62cc9-83f,email,2025-09-08T21:40:44.258895Z,user565@gov-id.org,user1327@example.com,secure-bank.com,Payroll issue: update your bank details: https://secure-bank.com/?id=cec62cc9-83f,none,none,True,https://secure-bank.com/?id=cec62cc9-83f,scholarship_scam,0,0,critical,critical,c9dffe6c0751
4ee927bd-572,social,2025-10-03T10:12:29.258921Z,Rahul Verma,public,,Interview leaked - audio attached,mp4,mp4_4ee927bd-572.mp4,False,,benign,0,0,low,low,259a9f43a3ef
963deee0-efd,email,2025-10-22T15:58:50.258944Z,user830@loanfast.info,user1183@example.com,trusted-health.org,Action required: Confirm your payment method at https://trusted-health.org/?id=963deee0-efd. Invoice attached: invoice_963deee0-efd.pdf,pdf,pdf_963deee0-efd.pdf,True,https://trusted-health.org/?id=963deee0-efd,phishing,0,0,medium,medium,fbd061981f45
b8f780dd-231,social,2025-10-05T11:56:59.258972Z,Aisha Khan,public,,Viral video: unbelievable transformation - shared by John Smith,none,none,False,,benign,0,0,low,low,f98cbc19255b
03349eb4-0f1,sms,2025-10-05T01:28:47.259007Z,+917543683125,+919460964989,uni-scholar.org,Free voucher! Redeem at http://uni-scholar.org/surveys?id=03349eb4-0f1,none,none,True,http://uni-scholar.org/surveys?id=03349eb4-0f1,benign,0,0,critical,critical,8dd16dfefae4
51aa926e-f71,email,2025-11-05T10:33:37.259034Z,user366@loanfast.info,user1798@example.com,payments-update.com,"Hello, please review attached report Patient: Rahul Verma, Acc: XXXX-XXXX-3935",jpg,jpg_51aa926e-f71.jpg,False,,benign,0,1,low,low,db18e92e403d
a2b61e52-354,document,2025-11-15T14:38:54.259060Z,globaluni@trusted-health.org,records@hospital.org,,Offer letter - Company: JobHub Pvt Ltd - Candidate: Vikram Rao,pdf,pdf_a2b61e52-354.pdf,False,,legit_doc,0,0,medium,medium,b88be1451f3b
8cc2546c-12b,document,2025-09-30T21:48:00.259086Z,jobhubpvtltd@gov-id.org,records@gov.org,,Offer letter - Company: MediLife Hospital - Candidate: Aisha Khan | DOB: 1976-04-23,docx,docx_8cc2546c-12b.docx,False,,fake_doc,1,1,high,high,419be21e1aff
355bef70-783,upload,2025-11-20T20:52:28.259115Z,Aisha Khan,admin,,Uploaded media for review,jpg,jpg_355bef70-783.jpg,False,,deepfake_media,0,0,critical,critical,a9a2a4a6047f
398cc69c-48d,document,2025-09-23T17:14:49.259137Z,acmecorp@payments-update.com,records@gov.org,,Medical test report - Patient: Vikram Rao - Result: Pending - Ref 398cc69c-48d,docx,docx_398cc69c-48d.docx,False,,fake_doc,1,0,high,high,be172c57c522
b5fad9ac-c69,email,2025-09-17T07:12:58.259168Z,user600@loanfast.info,user1905@example.com,loanfast.info,Action required: Confirm your payment method at https://loanfast.info/?id=b5fad9ac-c69. Invoice attached: invoice_b5fad9ac-c69.pdf,pdf,pdf_b5fad9ac-c69.pdf,True,https://loanfast.info/?id=b5fad9ac-c69,benign,0,0,medium,medium,280007375a62
448823e5-201,email,2025-10-04T16:18:27.259196Z,user764@gov-id.org,user1165@example.com,trusted-health.org,Security alert: New sign-in from unknown device. Reset here: https://trusted-health.org/?id=448823e5-201,docx,docx_448823e5-201.docx,True,https://trusted-health.org/?id=448823e5-201,benign,0,0,medium,medium,de0b9c26a5db
fec6f32a-7a1,sms,2025-09-20T19:32:48.259223Z,+918244057835,+918463573519,uni-scholar.org,Free voucher! Redeem at http://uni-scholar.org/surveys?id=fec6f32a-7a1,none,none,True,http://uni-scholar.org/surveys?id=fec6f32a-7a1,scam_sms,0,0,high,high,4141b7408264
37aaef3c-84c,social,2025-09-14T06:18:19.259249Z,John Smith,public,,Interview leaked - audio attached,none,none,False,,benign,0,0,low,low,85ec5918467a
fe3cc655-e37,document,2025-11-12T11:19:07.259271Z,fintrustltd@secure-bank.com,records@hospital.org,,Medical test report - Patient: Rahul Verma - Result: Pending - Ref fe3cc655-e37 | DOB: 2003-04-21,pdf,pdf_fe3cc655-e37.pdf,False,,legit_doc,0,1,medium,medium,857c8c44b294
8e3f68f6-f39,email,2025-11-12T05:57:50.259299Z,user708@gov-id.org,user1101@example.com,uni-scholar.org,Security alert: New sign-in from unknown device. Reset here: https://uni-scholar.org/?id=8e3f68f6-f39,mp4,mp4_8e3f68f6-f39.mp4,True,https://uni-scholar.org/?id=8e3f68f6-f39,phishing,0,0,critical,critical,e0ec8b4b8806
7d918e7e-fd6,sms,2025-09-02T18:08:00.259327Z,+918590668773,+918929559356,docverify.net,Package delivery failed. Confirm at http://docverify.net/surveys?id=7d918e7e-fd6,none,none,True,http://docverify.net/surveys?id=7d918e7e-fd6,scam_sms,0,0,low,low,dfe3126c8194
54e0a78e-9b0,email,2025-10-03T12:30:35.259353Z,user942@secure-bank.com,user1911@example.com,parcel-track.net,"Hello, please review attached report Patient: John Smith, Acc: XXXX-XXXX-7104",none,none,False,,benign,0,1,low,low,a4e3328c5db0
179c335d-79e,sms,2025-11-18T09:03:14.259379Z,+917438742700,+917929965118,secure-bank.com,Free voucher! Redeem at http://secure-bank.com/surveys?id=179c335d-79e,none,none,True,http://secure-bank.com/surveys?id=179c335d-79e,loan_scam,0,0,medium,medium,11c37b1fbaae
a14f77de-e96,sms,2025-11-01T03:48:59.259403Z,+916859319819,+918975356820,gov-id.org,Your OTP is 123456 - never share it,none,none,False,,benign,0,0,high,high,b8e5a497df31
fe5ba9a6-dc0,document,2025-09-13T21:27:49.259426Z,acmecorp@parcel-track.net,records@hospital.org,,Certified true copy - see attached | DOB: 1997-05-19,docx,docx_fe5ba9a6-dc0.docx,False,,legit_doc,0,1,high,high,2fb542d3da25
d0e0419d-ad0,email,2025-11-10T09:52:03.259453Z,user423@payments-update.com,user1064@example.com,secure-bank.com,Payroll issue: update your bank details: https://secure-bank.com/?id=d0e0419d-ad0,docx,docx_d0e0419d-ad0.docx,True,https://secure-bank.com/?id=d0e0419d-ad0,phishing,0,0,medium,medium,f074ddfa293f
06277b8e-7db,sms,2025-09-26T15:56:41.259481Z,+918402899246,+916350983621,loanfast.info,Your OTP is 123456 - never share it,none,none,False,,benign,0,0,low,low,869bb715202e
7a91d974-afe,social,2025-09-22T09:39:48.259505Z,Vikram Rao,public,,Interview leaked - audio attached,none,none,False,,benign,0,0,medium,medium,c5632d14299c
56719a9c-70e,sms,2025-11-10T13:48:35.259528Z,+916219386374,+918360137716,loanfast.info,Loan approved! Complete KYC at http://loanfast.info/surveys?id=56719a9c-70e,none,none,True,http://loanfast.info/surveys?id=56719a9c-70e,loan_scam,0,0,critical,critical,552d0479d4f5
5a4f7c34-d22,sms,2025-09-22T07:28:15.259553Z,+919657919124,+917046602485,loanfast.info,Package delivery failed. Confirm at http://loanfast.info/surveys?id=5a4f7c34-d22,none,none,True,http://loanfast.info/surveys?id=5a4f7c34-d22,benign,0,0,low,low,a79bc24c2be1
8a3fc415-f1f,email,2025-08-26T00:58:59.259578Z,user560@parcel-track.net,user1095@example.com,payments-update.com,"Hello, please review attached report",png,png_8a3fc415-f1f.png,False,,invoice_fraud,0,0,high,high,b5e6dcb69ea5
95d12ad5-ad4,upload,2025-10-05T11:18:43.259604Z,Rahul Verma,admin,,Uploaded media for review,jpg,jpg_95d12ad5-ad4.jpg,False,,benign,0,0,low,low,55432ab7f19c
61ffe369-c8e,social,2025-09-20T18:00:27.259626Z,Vikram Rao,public,,Interview leaked - audio attached,mp4,mp4_61ffe369-c8e.mp4,False,,benign,0,0,low,low,c577183e747a
e1881305-363,email,2025-09-07T18:21:21.259648Z,user641@parcel-track.net,user1991@example.com,trusted-health.org,Security alert: New sign-in from unknown device. Reset here: https://trusted-health.org/?id=e1881305-363,jpg,jpg_e1881305-363.jpg,True,https://trusted-health.org/?id=e1881305-363,invoice_fraud,0,0,medium,medium,d710f33ddc81
7f9c0833-97a,email,2025-09-29T06:58:52.259676Z,user526@loanfast.info,user1745@example.com,loanfast.info,Scholarship awarded! Apply here: https://loanfast.info/?id=7f9c0833-97a — limited seats.,pdf,pdf_7f9c0833-97a.pdf,True,https://loanfast.info/?id=7f9c0833-97a,job_scam,0,0,medium,medium,099839ea5782
13ae299a-e94,email,2025-08-27T21:15:30.259705Z,user941@secure-bank.com,user1762@example.com,gov-id.org,Scholarship awarded! Apply here: https://gov-id.org/?id=13ae299a-e94 — limited seats.,jpg,jpg_13ae299a-e94.jpg,True,https://gov-id.org/?id=13ae299a-e94,phishing,0,0,medium,medium,c6c9daedfe79
ddf56ef8-012,email,2025-10-23T06:45:18.259733Z,user633@uni-scholar.org,user1224@example.com,parcel-track.net,Action required: Confirm your payment method at https://parcel-track.net/?id=ddf56ef8-012. Invoice attached: invoice_ddf56ef8-012.pdf,pdf,pdf_ddf56ef8-012.pdf,True,https://parcel-track.net/?id=ddf56ef8-012,phishing,0,0,critical,critical,ba39f468b6db
7bd10f3f-9d1,document,2025-11-03T10:08:54.259761Z,fintrustltd@docverify.net,records@hospital.org,,Medical test report - Patient: Vikram Rao - Result: Pending - Ref 7bd10f3f-9d1,pdf,pdf_7bd10f3f-9d1.pdf,False,,legit_doc,0,0,low,low,316b821896e3
836c5a17-201,upload,2025-08-31T10:35:19.259787Z,Rahul Verma,admin,,Uploaded media for review,mp4,mp4_836c5a17-201.mp4,False,,benign,0,0,low,low,bdd2a8bfc386
ad72ecb1-a9f,upload,2025-10-08T08:24:13.259809Z,Vikram Rao,admin,,Uploaded media for review,png,png_ad72ecb1-a9f.png,False,,deepfake_media,1,0,low,low,c3a2dd6f9fe0
f58bd03c-5d3,sms,2025-09-25T20:25:33.259841Z,+916148062379,+918309776710,trusted-health.org,Loan approved! Complete KYC at http://trusted-health.org/surveys?id=f58bd03c-5d3,none,none,True,http://trusted-health.org/surveys?id=f58bd03c-5d3,benign,0,0,medium,medium,36d7ce886eb4
c9172dab-b26,email,2025-09-01T11:40:30.259868Z,user228@docverify.net,user1568@example.com,gov-id.org,"Security alert: New sign-in from unknown device. Reset here: https://gov-id.org/?id=c9172dab-b26 Patient: Meera Patel, Acc: XXXX-XXXX-9770",jpg,jpg_c9172dab-b26.jpg,True,https://gov-id.org/?id=c9172dab-b26,invoice_fraud,0,1,high,high,00cae3d53192
dac688b2-7c1,sms,2025-11-13T18:18:07.259909Z,+916992520557,+917279675272,uni-scholar.org,Your exam result updated. Login at http://uni-scholar.org/surveys?id=dac688b2-7c1,none,none,True,http://uni-scholar.org/surveys?id=dac688b2-7c1,benign,0,0,high,high,d12c37564062
d332a11e-d8f,email,2025-11-10T05:58:06.259935Z,user122@parcel-track.net,user1034@example.com,docverify.net,Security alert: New sign-in from unknown device. Reset here: https://docverify.net/?id=d332a11e-d8f,docx,docx_d332a11e-d8f.docx,True,https://docverify.net/?id=d332a11e-d8f,phishing,0,0,critical,critical,c2ecacd028ef
e6a83a49-78c,email,2025-10-11T01:47:56.259963Z,user782@payments-update.com,user1482@example.com,parcel-track.net,Action required: Confirm your payment method at https://parcel-track.net/?id=e6a83a49-78c. Invoice attached: invoice_e6a83a49-78c.pdf,pdf,pdf_e6a83a49-78c.pdf,True,https://parcel-track.net/?id=e6a83a49-78c,benign,0,0,low,low,665ff45b50f9
69eac995-41b,email,2025-09-02T14:26:04.259991Z,user849@docverify.net,user1736@example.com,parcel-track.net,Security alert: New sign-in from unknown device. Reset here: https://parcel-track.net/?id=69eac995-41b,none,none,True,https://parcel-track.net/?id=69eac995-41b,benign,0,0,low,low,9c0bd5447611
96c7d67e-7ca,document,2025-10-17T15:23:46.260016Z,jobhubpvtltd@docverify.net,records@gov.org,,Hospital discharge summary - Patient: Rahul Verma - MRN: 96c7d67e-7ca | DOB: 1975-02-21,pdf,pdf_96c7d67e-7ca.pdf,False,,legit_doc,0,1,low,low,7b3db683e2ba
e8257dc1-f3d,social,2025-09-10T07:30:11.260044Z,Meera Patel,public,,Viral video: unbelievable transformation - shared by Vikram Rao,none,none,False,,deepfake_media,0,0,medium,medium,c98d2203a1b6
0ef0c6b4-c59,document,2025-09-06T09:06:10.260069Z,jobhubpvtltd@docverify.net,records@company.com,,Hospital discharge summary - Patient: Rahul Verma - MRN: 0ef0c6b4-c59,pdf,pdf_0ef0c6b4-c59.pdf,False,,fake_doc,1,0,medium,medium,296b09e26e26
c03d4e34-dc8,social,2025-10-30T09:40:00.260096Z,Sana Ahmed,public,,Watch this shocking reveal video (see attachment),none,none,False,,deepfake_media,1,0,high,high,e1f5fe10b58b
b2a02cf8-d2e,email,2025-10-06T18:15:41.260120Z,user772@payments-update.com,user1070@example.com,docverify.net,Urgent: Your account will be suspended. Click https://docverify.net/?id=b2a02cf8-d2e to verify now.,png,png_b2a02cf8-d2e.png,True,https://docverify.net/?id=b2a02cf8-d2e,benign,0,0,low,low,81acafc587bd
3c612f62-d76,email,2025-10-17T09:07:38.260150Z,user191@parcel-track.net,user1403@example.com,parcel-track.net,Security alert: New sign-in from unknown device. Reset here: https://parcel-track.net/?id=3c612f62-d76,pdf,pdf_3c612f62-d76.pdf,True,https://parcel-track.net/?id=3c612f62-d76,benign,0,0,medium,medium,1359d92bd68a
9df8dbfc-f46,email,2025-10-24T09:31:59.260179Z,user231@trusted-health.org,user1010@example.com,uni-scholar.org,Payroll issue: update your bank details: https://uni-scholar.org/?id=9df8dbfc-f46,pdf,pdf_9df8dbfc-f46.pdf,True,https://uni-scholar.org/?id=9df8dbfc-f46,phishing,0,0,critical,critical,78f709c57d76
3702f523-274,email,2025-10-30T23:59:25.260206Z,user664@secure-bank.com,user1789@example.com,loanfast.info,Security alert: New sign-in from unknown device. Reset here: https://loanfast.info/?id=3702f523-274,png,png_3702f523-274.png,True,https://loanfast.info/?id=3702f523-274,benign,0,0,low,low,2f4df9860971
0d2e967c-ec5,email,2025-09-29T08:52:00.260232Z,user778@loanfast.info,user1219@example.com,gov-id.org,"Urgent: Your account will be suspended. Click https://gov-id.org/?id=0d2e967c-ec5 to verify now. Patient: John Smith, Acc: XXXX-XXXX-6484",mp4,mp4_0d2e967c-ec5.mp4,True,https://gov-id.org/?id=0d2e967c-ec5,phishing,0,1,medium,medium,6d8db6275753
7a4e3579-0bf,document,2025-11-01T15:46:00.260260Z,medilifehospital@docverify.net,records@company.com,,Medical test report - Patient: Meera Patel - Result: Pending - Ref 7a4e3579-0bf | DOB: 1980-05-26,docx,docx_7a4e3579-0bf.docx,False,,legit_doc,0,1,low,low,0f9ef03a0db2
ce147532-198,email,2025-09-05T05:18:43.260288Z,user361@parcel-track.net,user1167@example.com,payments-update.com,Action required: Confirm your payment method at https://payments-update.com/?id=ce147532-198. Invoice attached: invoice_ce147532-198.pdf,pdf,pdf_ce147532-198.pdf,True,https://payments-update.com/?id=ce147532-198,scholarship_scam,0,0,low,low,082f451740db
df7dc133-789,social,2025-11-20T09:11:45.260316Z,John Smith,public,,Interview leaked - audio attached,jpg,jpg_df7dc133-789.jpg,False,,deepfake_media,0,0,medium,medium,8911d6973c99
e63ca291-f10,email,2025-10-31T22:23:16.260341Z,user580@trusted-health.org,user1553@example.com,gov-id.org,Urgent: Your account will be suspended. Click https://gov-id.org/?id=e63ca291-f10 to verify now.,docx,docx_e63ca291-f10.docx,True,https://gov-id.org/?id=e63ca291-f10,benign,0,0,high,high,c41948e63b36
3f3b107e-a0e,email,2025-09-11T05:47:09.260367Z,user531@uni-scholar.org,user1075@example.com,trusted-health.org,Security alert: New sign-in from unknown device. Reset here: https://trusted-health.org/?id=3f3b107e-a0e,docx,docx_3f3b107e-a0e.docx,True,https://trusted-health.org/?id=3f3b107e-a0e,benign,0,0,critical,critical,7382e824e49a
dcbb6024-3a3,social,2025-08-29T19:20:01.260394Z,Aisha Khan,public,,Viral video: unbelievable transformation - shared by Meera Patel,mp4,mp4_dcbb6024-3a3.mp4,False,,deepfake_media,1,0,medium,medium,0c3dba22e19e
0de1ac71-23a,email,2025-11-09T12:57:07.260418Z,user925@payments-update.com,user1704@example.com,secure-bank.com,"Hello, please review attached report",mp4,mp4_0de1ac71-23a.mp4,False,,benign,0,0,low,low,383feeb3a651
ef15274b-67d,document,2025-08-24T20:21:28.260443Z,medilifehospital@trusted-health.org,records@company.com,,Hospital discharge summary - Patient: Meera Patel - MRN: ef15274b-67d,docx,docx_ef15274b-67d.docx,False,,fake_doc,0,0,medium,medium,b7a10dffb51b
44136fbe-cbc,email,2025-11-19T00:21:09.260469Z,user529@loanfast.info,user1480@example.com,loanfast.info,"Hello, please review attached report",docx,docx_44136fbe-cbc.docx,False,,benign,0,0,medium,medium,5670bae6be34
a25fade5-ae7,sms,2025-10-07T05:10:46.260494Z,+918721630986,+918039732922,uni-scholar.org,Package delivery failed. Confirm at http://uni-scholar.org/surveys?id=a25fade5-ae7,none,none,True,http://uni-scholar.org/surveys?id=a25fade5-ae7,benign,0,0,low,low,fbe9191a4640
a25327df-857,social,2025-09-20T20:35:26.260519Z,Aisha Khan,public,,Interview leaked - audio attached,none,none,False,,harassment,0,0,low,low,69939723103a
1bdab614-0f8,email,2025-09-11T04:36:31.260542Z,user123@gov-id.org,user1340@example.com,parcel-track.net,Payroll issue: update your bank details: https://parcel-track.net/?id=1bdab614-0f8,pdf,pdf_1bdab614-0f8.pdf,True,https://parcel-track.net/?id=1bdab614-0f8,benign,0,0,medium,medium,b144eca0d1e7
051ec768-ed5,email,2025-08-29T11:34:51.260568Z,user766@docverify.net,user1917@example.com,loanfast.info,Scholarship awarded! Apply here: https://loanfast.info/?id=051ec768-ed5 — limited seats.,mp4,mp4_051ec768-ed5.mp4,True,https://loanfast.info/?id=051ec768-ed5,benign,0,0,low,low,2f55d619e383
b68e044f-824,email,2025-11-02T02:47:10.260595Z,user476@docverify.net,user1852@example.com,uni-scholar.org,Scholarship awarded! Apply here: https://uni-scholar.org/?id=b68e044f-824 — limited seats.,pdf,pdf_b68e044f-824.pdf,True,https://uni-scholar.org/?id=b68e044f-824,benign,0,0,low,low,e793623d6154
fe8d3999-95c,document,2025-11-07T08:41:07.260621Z,fintrustltd@docverify.net,records@company.com,,Government ID correction letter - Ref: fe8d3999-95c | DOB: 1971-05-18,pdf,pdf_fe8d3999-95c.pdf,False,,fake_doc,1,1,medium,medium,f0bf2dd1a940
8a2397e3-e9a,email,2025-09-05T02:24:40.260650Z,user748@trusted-health.org,user1342@example.com,gov-id.org,"Hello, please review attached report Patient: Rahul Verma, Acc: XXXX-XXXX-8895",mp4,mp4_8a2397e3-e9a.mp4,False,,benign,0,1,low,low,1cfa843915e1
f77f3cab-dab,email,2025-11-02T03:44:39.260675Z,user727@gov-id.org,user1391@example.com,payments-update.com,Security alert: New sign-in from unknown device. Reset here: https://payments-update.com/?id=f77f3cab-dab,pdf,pdf_f77f3cab-dab.pdf,True,https://payments-update.com/?id=f77f3cab-dab,benign,0,0,low,low,ba5de5debf61
6d94515a-494,sms,2025-09-26T06:27:36.260712Z,+919682471921,+917428815384,gov-id.org,Package delivery failed. Confirm at http://gov-id.org/surveys?id=6d94515a-494,none,none,True,http://gov-id.org/surveys?id=6d94515a-494,benign,0,0,high,high,3ac3b1e48802
b5c6edd5-cec,sms,2025-10-29T21:05:37.260738Z,+918137152913,+918252481981,payments-update.com,Package delivery failed. Confirm at http://payments-update.com/surveys?id=b5c6edd5-cec,none,none,True,http://payments-update.com/surveys?id=b5c6edd5-cec,benign,0,0,medium,medium,26f04d430609
9ec2d162-f85,email,2025-09-28T03:42:22.260763Z,user359@docverify.net,user1384@example.com,parcel-track.net,Action required: Confirm your payment method at https://parcel-track.net/?id=9ec2d162-f85. Invoice attached: invoice_9ec2d162-f85.pdf,pdf,pdf_9ec2d162-f85.pdf,True,https://parcel-track.net/?id=9ec2d162-f85,phishing,0,0,critical,critical,5205087986a7
240746d4-659,document,2025-10-05T16:12:17.260799Z,globaluni@parcel-track.net,records@company.com,,Certified true copy - see attached,pdf,pdf_240746d4-659.pdf,False,,fake_doc,0,0,high,high,af517de2bc31
b22edb32-9ac,document,2025-09-11T05:33:53.260833Z,acmecorp@payments-update.com,records@gov.org,,Certified true copy - see attached | DOB: 1970-04-19,docx,docx_b22edb32-9ac.docx,False,,legit_doc,0,1,low,low,8ef16ad04bfa
ed89795c-1e1,sms,2025-09-11T06:14:33.260870Z,+918278716790,+919698934164,trusted-health.org,Your OTP is 123456 - never share it,none,none,False,,loan_scam,0,0,medium,medium,7d593423b895
f7dd357b-5fa,email,2025-09-30T22:18:21.260905Z,user689@docverify.net,user1252@example.com,loanfast.info,Urgent: Your account will be suspended. Click https://loanfast.info/?id=f7dd357b-5fa to verify now.,png,png_f7dd357b-5fa.png,True,https://loanfast.info/?id=f7dd357b-5fa,benign,0,0,low,low,7fd95dcd4ce9
424f8986-5b7,sms,2025-09-28T14:24:18.260944Z,+916440446951,+916390926915,payments-update.com,Your OTP is 123456 - never share it,none,none,False,,benign,0,0,critical,critical,64e1b828d468
b6e31657-7b8,document,2025-08-31T05:19:56.260971Z,fintrustltd@gov-id.org,records@hospital.org,,Certified true copy - see attached | DOB: 2002-05-25,pdf,pdf_b6e31657-7b8.pdf,False,,legit_doc,0,1,medium,medium,59724b9177db
d8edff6d-136,sms,2025-09-08T17:53:35.261010Z,+916277789757,+918630157636,payments-update.com,Package delivery failed. Confirm at http://payments-update.com/surveys?id=d8edff6d-136,none,none,True,http://payments-update.com/surveys?id=d8edff6d-136,benign,0,0,low,low,50100bbc4961
6349314d-056,email,2025-09-25T20:11:51.261049Z,user714@loanfast.info,user1140@example.com,parcel-track.net,"Hello, please review attached report",mp4,mp4_6349314d-056.mp4,False,,phishing,0,0,medium,medium,3dabcc0f8950
35141c20-c30,social,2025-10-03T13:35:18.261087Z,Rahul Verma,public,,Viral video: unbelievable transformation - shared by Sana Ahmed,jpg,jpg_35141c20-c30.jpg,False,,benign,0,0,low,low,12e39eca70f5
65b3ea33-900,email,2025-10-14T11:58:04.261128Z,user621@parcel-track.net,user1391@example.com,docverify.net,Urgent: Your account will be suspended. Click https://docverify.net/?id=65b3ea33-900 to verify now.,pdf,pdf_65b3ea33-900.pdf,True,https://docverify.net/?id=65b3ea33-900,job_scam,0,0,low,low,4c6729bf595e
003762d4-7c8,email,2025-09-19T07:06:06.261170Z,user236@uni-scholar.org,user1404@example.com,loanfast.info,Payroll issue: update your bank details: https://loanfast.info/?id=003762d4-7c8,docx,docx_003762d4-7c8.docx,True,https://loanfast.info/?id=003762d4-7c8,benign,0,0,medium,medium,b311ad250dd2
9e037421-630,email,2025-09-19T03:27:41.261210Z,user858@uni-scholar.org,user1781@example.com,gov-id.org,Scholarship awarded! Apply here: https://gov-id.org/?id=9e037421-630 — limited seats.,none,none,True,https://gov-id.org/?id=9e037421-630,benign,0,0,low,low,fc6732e4bd40
7f4f773c-1ed,sms,2025-09-10T23:38:52.261252Z,+917815087924,+916751648855,loanfast.info,Your exam result updated. Login at http://loanfast.info/surveys?id=7f4f773c-1ed,none,none,True,http://loanfast.info/surveys?id=7f4f773c-1ed,benign,0,0,low,low,799a1874309e
50e85557-d5e,sms,2025-11-02T20:15:51.261289Z,+917245581608,+919971202781,parcel-track.net,Your exam result updated. Login at http://parcel-track.net/surveys?id=50e85557-d5e,none,none,True,http://parcel-track.net/surveys?id=50e85557-d5e,benign,0,0,medium,medium,6dca4536230c
d59cc5cc-36d,email,2025-09-27T09:04:56.261325Z,user409@loanfast.info,user1827@example.com,gov-id.org,"Hello, please review attached report",pdf,pdf_d59cc5cc-36d.pdf,False,,phishing,0,0,high,high,b2e86fe5f81d
cc13a241-d51,upload,2025-09-14T19:27:09.261366Z,Rahul Verma,admin,,Uploaded media for review,mp4,mp4_cc13a241-d51.mp4,False,,benign,0,0,low,low,305f4a8c72c5
62e776fc-dc8,sms,2025-11-15T14:49:16.261399Z,+918841209737,+917432139338,parcel-track.net,Your exam result updated. Login at http://parcel-track.net/surveys?id=62e776fc-dc8,none,none,True,http://parcel-track.net/surveys?id=62e776fc-dc8,benign,0,0,low,low,a3e5b46eb548
2ffd7a4b-f4e,social,2025-08-28T07:52:10.261436Z,Aisha Khan,public,,Viral video: unbelievable transformation - shared by Meera Patel,jpg,jpg_2ffd7a4b-f4e.jpg,False,,benign,0,0,medium,medium,44470b72af42
c0c8d7ab-a98,document,2025-11-11T18:43:02.261477Z,medilifehospital@secure-bank.com,records@hospital.org,,Certified true copy - see attached | DOB: 1996-01-19,pdf,pdf_c0c8d7ab-a98.pdf,False,,legit_doc,0,1,medium,medium,aa6dec72cae5
23f88ac0-29f,email,2025-09-25T17:20:39.261520Z,user432@gov-id.org,user1597@example.com,docverify.net,Scholarship awarded! Apply here: https://docverify.net/?id=23f88ac0-29f — limited seats.,png,png_23f88ac0-29f.png,True,https://docverify.net/?id=23f88ac0-29f,job_scam,0,0,low,low,16661ecf36c8
9b7f98a1-680,sms,2025-11-07T20:02:13.261563Z,+916072913656,+918479723181,secure-bank.com,Your exam result updated. Login at http://secure-bank.com/surveys?id=9b7f98a1-680,none,none,True,http://secure-bank.com/surveys?id=9b7f98a1-680,benign,0,0,high,high,0c117a24db88
394b2c8c-3e9,email,2025-09-02T23:44:42.261600Z,user548@uni-scholar.org,user1699@example.com,gov-id.org,Security alert: New sign-in from unknown device. Reset here: https://gov-id.org/?id=394b2c8c-3e9,pdf,pdf_394b2c8c-3e9.pdf,True,https://gov-id.org/?id=394b2c8c-3e9,benign,0,0,high,high,8517cba09fb1
f8099d57-be6,sms,2025-11-13T15:02:16.261640Z,+918840442292,+917042187468,secure-bank.com,Your OTP is 123456 - never share it,none,none,False,,benign,0,0,low,low,f3a6bdb6125f
337642ea-210,sms,2025-09-20T20:02:15.261674Z,+918193817722,+919536267412,uni-scholar.org,Your OTP is 123456 - never share it,none,none,False,,benign,0,0,low,low,4617661fdb67
c4fd0746-930,email,2025-09-03T10:56:22.261709Z,user808@loanfast.info,user1008@example.com,uni-scholar.org,Urgent: Your account will be suspended. Click https://uni-scholar.org/?id=c4fd0746-930 to verify now.,mp4,mp4_c4fd0746-930.mp4,True,https://uni-scholar.org/?id=c4fd0746-930,benign,0,0,medium,medium,0ed27578467f
d235b994-eee,email,2025-10-07T02:08:02.261749Z,user434@secure-bank.com,user1476@example.com,uni-scholar.org,Security alert: New sign-in from unknown device. Reset here: https://uni-scholar.org/?id=d235b994-eee,jpg,jpg_d235b994-eee.jpg,True,https://uni-scholar.org/?id=d235b994-eee,phishing,0,0,medium,medium,a5f324a9430a
0cf643d7-c06,social,2025-10-24T08:24:12.261792Z,Aisha Khan,public,,Watch this shocking reveal video (see attachment),mp4,mp4_0cf643d7-c06.mp4,False,,harassment,0,0,low,low,67157b98f829
8e964ace-3cb,sms,2025-08-26T17:24:22.261838Z,+918901337464,+916879330287,parcel-track.net,Loan approved! Complete KYC at http://parcel-track.net/surveys?id=8e964ace-3cb,none,none,True,http://parcel-track.net/surveys?id=8e964ace-3cb,benign,0,0,high,high,101bb9be266c
e42cc849-3eb,social,2025-09-02T00:15:10.261879Z,Sana Ahmed,public,,Interview leaked - audio attached,jpg,jpg_e42cc849-3eb.jpg,False,,benign,0,0,low,low,2ac63dd0a515
ed30ecdb-c1c,document,2025-09-28T04:39:56.261914Z,jobhubpvtltd@gov-id.org,records@gov.org,,Hospital discharge summary - Patient: John Smith - MRN: ed30ecdb-c1c | DOB: 1979-07-17,pdf,pdf_ed30ecdb-c1c.pdf,False,,fake_doc,1,1,high,high,4a1fc000ae9b
748a33e3-d39,sms,2025-09-15T10:49:39.261956Z,+919933609860,+916854226080,trusted-health.org,Package delivery failed. Confirm at http://trusted-health.org/surveys?id=748a33e3-d39,none,none,True,http://trusted-health.org/surveys?id=748a33e3-d39,benign,0,0,medium,medium,20cd927c15ff
0e6d1b59-cf5,email,2025-10-08T01:04:00.262026Z,user192@trusted-health.org,user1034@example.com,gov-id.org,Payroll issue: update your bank details: https://gov-id.org/?id=0e6d1b59-cf5,none,none,True,https://gov-id.org/?id=0e6d1b59-cf5,benign,0,0,medium,medium,283074f40b5e
3484c4dd-7cd,social,2025-11-01T20:14:40.262068Z,Sana Ahmed,public,,Watch this shocking reveal video (see attachment),mp4,mp4_3484c4dd-7cd.mp4,False,,benign,0,0,low,low,5a46dcc1897b
62421c6f-7ed,document,2025-10-23T18:23:51.262102Z,jobhubpvtltd@docverify.net,records@company.com,,Offer letter - Company: JobHub Pvt Ltd - Candidate: Rahul Verma | DOB: 1974-01-17,pdf,pdf_62421c6f-7ed.pdf,False,,fake_doc,0,1,medium,medium,86729558a1bf
c77e9470-53c,email,2025-08-25T21:15:07.262145Z,user667@docverify.net,user1410@example.com,docverify.net,Urgent: Your account will be suspended. Click https://docverify.net/?id=c77e9470-53c to verify now.,none,none,True,https://docverify.net/?id=c77e9470-53c,benign,0,0,low,low,29d8b3be0147
be6681ca-268,email,2025-09-21T19:32:36.262185Z,user306@uni-scholar.org,user1779@example.com,secure-bank.com,Urgent: Your account will be suspended. Click https://secure-bank.com/?id=be6681ca-268 to verify now.,pdf,pdf_be6681ca-268.pdf,True,https://secure-bank.com/?id=be6681ca-268,invoice_fraud,0,0,high,high,876780d197b2
29199dd6-cd1,upload,2025-11-08T15:44:47.262226Z,Aisha Khan,admin,,Uploaded media for review,jpg,jpg_29199dd6-cd1.jpg,False,,deepfake_media,0,0,medium,medium,ee5f528f1785
b14d6cc7-9b3,email,2025-10-15T08:30:43.262258Z,user341@docverify.net,user1924@example.com,gov-id.org,Urgent: Your account will be suspended. Click https://gov-id.org/?id=b14d6cc7-9b3 to verify now.,png,png_b14d6cc7-9b3.png,True,https://gov-id.org/?id=b14d6cc7-9b3,benign,0,0,high,high,6866a8176869
1e4890ae-870,email,2025-10-08T01:54:53.262302Z,user415@payments-update.com,user1703@example.com,docverify.net,Scholarship awarded! Apply here: https://docverify.net/?id=1e4890ae-870 — limited seats.,png,png_1e4890ae-870.png,True,https://docverify.net/?id=1e4890ae-870,job_scam,0,0,critical,critical,160e5dbafe90
69eccc03-f0a,social,2025-10-28T21:13:39.262351Z,John Smith,public,,Watch this shocking reveal video (see attachment),none,none,False,,benign,0,0,high,high,1e768a544ecb
0c4d997e-155,email,2025-09-12T01:39:38.262387Z,user342@payments-update.com,user1927@example.com,uni-scholar.org,Action required: Confirm your payment method at https://uni-scholar.org/?id=0c4d997e-155. Invoice attached: invoice_0c4d997e-155.pdf,pdf,pdf_0c4d997e-155.pdf,True,https://uni-scholar.org/?id=0c4d997e-155,job_scam,0,0,high,high,1b3d209eb2d7
dde53bbf-e03,social,2025-10-29T04:33:15.262428Z,Sana Ahmed,public,,Watch this shocking reveal video (see attachment),jpg,jpg_dde53bbf-e03.jpg,False,,benign,0,0,medium,medium,7b7e77e3dea5
f12cea93-809,sms,2025-10-19T11:04:37.262462Z,+919289950012,+916770710824,parcel-track.net,Your OTP is 123456 - never share it,none,none,False,,loan_scam,0,0,medium,medium,058bc4c87539
1940b149-801,sms,2025-11-09T22:18:56.262503Z,+916712100578,+916882905515,parcel-track.net,Free voucher! Redeem at http://parcel-track.net/surveys?id=1940b149-801,none,none,True,http://parcel-track.net/surveys?id=1940b149-801,scam_sms,0,0,low,low,08ebfdaa86f0
b29eb2c0-a0d,email,2025-11-18T08:02:01.262545Z,user722@uni-scholar.org,user1122@example.com,uni-scholar.org,Scholarship awarded! Apply here: https://uni-scholar.org/?id=b29eb2c0-a0d — limited seats.,jpg,jpg_b29eb2c0-a0d.jpg,True,https://uni-scholar.org/?id=b29eb2c0-a0d,benign,0,0,low,low,fe90732c63ba
cd980f1e-38d,email,2025-11-04T14:10:54.262589Z,user547@uni-scholar.org,user1130@example.com,payments-update.com,Payroll issue: update your bank details: https://payments-update.com/?id=cd980f1e-38d,none,none,True,https://payments-update.com/?id=cd980f1e-38d,benign,0,0,low,low,ff421e9e6dae
da436703-505,email,2025-10-15T11:33:42.262627Z,user410@payments-update.com,user1984@example.com,parcel-track.net,Urgent: Your account will be suspended. Click https://parcel-track.net/?id=da436703-505 to verify now.,mp4,mp4_da436703-505.mp4,True,https://parcel-track.net/?id=da436703-505,invoice_fraud,0,0,medium,medium,075a1aee6094
1e0f8f8a-ab8,email,2025-10-13T13:24:16.262667Z,user842@gov-id.org,user1175@example.com,loanfast.info,Payroll issue: update your bank details: https://loanfast.info/?id=1e0f8f8a-ab8,png,png_1e0f8f8a-ab8.png,True,https://loanfast.info/?id=1e0f8f8a-ab8,scholarship_scam,0,0,high,high,c9265477af27
ad31c078-f19,email,2025-10-01T09:13:24.262705Z,user674@trusted-health.org,user1793@example.com,uni-scholar.org,Scholarship awarded! Apply here: https://uni-scholar.org/?id=ad31c078-f19 — limited seats.,jpg,jpg_ad31c078-f19.jpg,True,https://uni-scholar.org/?id=ad31c078-f19,benign,0,0,medium,medium,6a2c0f7efd2c
7b114641-449,social,2025-09-25T01:19:12.262747Z,Meera Patel,public,,Interview leaked - audio attached,mp4,mp4_7b114641-449.mp4,False,,deepfake_media,1,0,medium,medium,17bd560e9f15
e5c2e2a1-3ed,sms,2025-11-18T21:13:57.262773Z,+916952505171,+916817940454,docverify.net,Loan approved! Complete KYC at http://docverify.net/surveys?id=e5c2e2a1-3ed,none,none,True,http://docverify.net/surveys?id=e5c2e2a1-3ed,scam_sms,0,0,high,high,b2fa243fc557
b843715e-157,document,2025-10-26T01:01:13.262799Z,acmecorp@docverify.net,records@hospital.org,,Government ID correction letter - Ref: b843715e-157,pdf,pdf_b843715e-157.pdf,False,,legit_doc,0,0,critical,critical,7d98b00ce144
fe0eeb02-56d,email,2025-08-28T10:59:25.262825Z,user725@gov-id.org,user1189@example.com,uni-scholar.org,"Hello, please review attached report",jpg,jpg_fe0eeb02-56d.jpg,False,,benign,0,0,low,low,9b9829679408
f012ce18-6e7,email,2025-09-20T01:53:57.262858Z,user634@loanfast.info,user1367@example.com,parcel-track.net,Urgent: Your account will be suspended. Click https://parcel-track.net/?id=f012ce18-6e7 to verify now.,jpg,jpg_f012ce18-6e7.jpg,True,https://parcel-track.net/?id=f012ce18-6e7,phishing,0,0,medium,medium,e7c487b7974f
69a63f5b-401,sms,2025-10-04T18:39:57.262893Z,+918217479740,+917481187136,parcel-track.net,Your OTP is 123456 - never share it,none,none,False,,benign,0,0,low,low,ce3de299a9ed
e140bf38-446,sms,2025-09-11T07:15:37.262918Z,+916543045752,+919548207468,docverify.net,Your OTP is 123456 - never share it,none,none,False,,benign,0,0,low,low,33a7978c9a1d
3bc60f14-446,upload,2025-11-01T23:35:16.262942Z,John Smith,admin,,Uploaded media for review,png,png_3bc60f14-446.png,False,,benign,0,0,high,high,cb5c2291b475
4414c659-d88,document,2025-11-21T18:27:01.262964Z,medilifehospital@docverify.net,records@hospital.org,,Medical test report - Patient: Rahul Verma - Result: Pending - Ref 4414c659-d88 | DOB: 1972-04-15,docx,docx_4414c659-d88.docx,False,,legit_doc,0,1,medium,medium,e237ae55465f
50f7e537-fe3,sms,2025-10-25T03:25:38.262992Z,+917182134906,+919261135407,trusted-health.org,Free voucher! Redeem at http://trusted-health.org/surveys?id=50f7e537-fe3,none,none,True,http://trusted-health.org/surveys?id=50f7e537-fe3,scam_sms,0,0,low,low,536f74df64bd
19a93e02-083,sms,2025-11-23T00:20:00.263019Z,+916053304616,+918644651473,payments-update.com,Your OTP is 123456 - never share it,none,none,False,,benign,0,0,low,low,dc548f4b3a18
02c4ea81-aff,email,2025-10-19T09:57:22.263043Z,user242@loanfast.info,user1010@example.com,parcel-track.net,Scholarship awarded! Apply here: https://parcel-track.net/?id=02c4ea81-aff — limited seats.,png,png_02c4ea81-aff.png,True,https://parcel-track.net/?id=02c4ea81-aff,benign,0,0,medium,medium,bee29d4d0a1f
3cbf9267-3cf,social,2025-09-24T07:00:16.263072Z,Aisha Khan,public,,Watch this shocking reveal video (see attachment),none,none,False,,benign,0,0,medium,medium,242507239856
3ce9063e-b7b,email,2025-10-23T07:59:57.263096Z,user738@trusted-health.org,user1107@example.com,secure-bank.com,Urgent: Your account will be suspended. Click https://secure-bank.com/?id=3ce9063e-b7b to verify now.,docx,docx_3ce9063e-b7b.docx,True,https://secure-bank.com/?id=3ce9063e-b7b,benign,0,0,low,low,591f43b80b3e
512e783e-f1b,document,2025-09-18T04:40:29.263123Z,acmecorp@gov-id.org,records@hospital.org,,Hospital discharge summary - Patient: John Smith - MRN: 512e783e-f1b | DOB: 1983-04-12,docx,docx_512e783e-f1b.docx,False,,fake_doc,0,1,high,high,e1b02d71f527
8a139c65-425,email,2025-08-27T21:20:27.263172Z,user768@secure-bank.com,user1674@example.com,gov-id.org,"Security alert: New sign-in from unknown device. Reset here: https://gov-id.org/?id=8a139c65-425 Patient: Aisha Khan, Acc: XXXX-XXXX-2263",none,none,True,https://gov-id.org/?id=8a139c65-425,benign,0,1,low,low,708b28bec786
4ddfad94-24b,sms,2025-09-24T03:53:28.263201Z,+917072710134,+918758318202,loanfast.info,Your exam result updated. Login at http://loanfast.info/surveys?id=4ddfad94-24b,none,none,True,http://loanfast.info/surveys?id=4ddfad94-24b,scam_sms,0,0,high,high,1c8196c92a9b
30f7b900-a65,email,2025-09-18T02:41:01.263227Z,user907@uni-scholar.org,user1926@example.com,trusted-health.org,Urgent: Your account will be suspended. Click https://trusted-health.org/?id=30f7b900-a65 to verify now.,jpg,jpg_30f7b900-a65.jpg,True,https://trusted-health.org/?id=30f7b900-a65,benign,0,0,low,low,aa61465445de
fc6868f4-45b,email,2025-09-25T20:16:11.263254Z,user523@parcel-track.net,user1130@example.com,uni-scholar.org,Scholarship awarded! Apply here: https://uni-scholar.org/?id=fc6868f4-45b — limited seats.,none,none,True,https://uni-scholar.org/?id=fc6868f4-45b,invoice_fraud,0,0,high,high,4d1332dd50c1
b6ef7d0b-c31,email,2025-11-07T10:12:41.263283Z,user924@docverify.net,user1577@example.com,payments-update.com,Urgent: Your account will be suspended. Click https://payments-update.com/?id=b6ef7d0b-c31 to verify now.,docx,docx_b6ef7d0b-c31.docx,True,https://payments-update.com/?id=b6ef7d0b-c31,benign,0,0,low,low,57745cd89640
0275b1d3-2e2,email,2025-09-28T03:47:36.263310Z,user304@parcel-track.net,user1446@example.com,uni-scholar.org,Action required: Confirm your payment method at https://uni-scholar.org/?id=0275b1d3-2e2. Invoice attached: invoice_0275b1d3-2e2.pdf,pdf,pdf_0275b1d3-2e2.pdf,True,https://uni-scholar.org/?id=0275b1d3-2e2,phishing,0,0,medium,medium,287d3026841a
dd41ed18-7ec,email,2025-11-03T05:52:15.263342Z,user302@loanfast.info,user1952@example.com,secure-bank.com,Payroll issue: update your bank details: https://secure-bank.com/?id=dd41ed18-7ec,docx,docx_dd41ed18-7ec.docx,True,https://secure-bank.com/?id=dd41ed18-7ec,benign,0,0,low,low,9c22b814e415
c08e3a46-b49,email,2025-11-06T06:03:49.263369Z,user452@parcel-track.net,user1564@example.com,trusted-health.org,Action required: Confirm your payment method at https://trusted-health.org/?id=c08e3a46-b49. Invoice attached: invoice_c08e3a46-b49.pdf,pdf,pdf_c08e3a46-b49.pdf,True,https://trusted-health.org/?id=c08e3a46-b49,benign,0,0,medium,medium,b9329d1d7daa
3a1bcd3f-d51,email,2025-11-01T15:51:39.263396Z,user174@parcel-track.net,user1645@example.com,docverify.net,Urgent: Your account will be suspended. Click https://docverify.net/?id=3a1bcd3f-d51 to verify now.,pdf,pdf_3a1bcd3f-d51.pdf,True,https://docverify.net/?id=3a1bcd3f-d51,benign,0,0,low,low,ff79eae0a9e1
19d85764-3c7,email,2025-10-27T09:11:13.263421Z,user535@parcel-track.net,user1440@example.com,gov-id.org,Scholarship awarded! Apply here: https://gov-id.org/?id=19d85764-3c7 — limited seats.,jpg,jpg_19d85764-3c7.jpg,True,https://gov-id.org/?id=19d85764-3c7,benign,0,0,high,high,b2fd3b7f76d1
91fb31cc-927,email,2025-09-19T12:58:59.263448Z,user970@secure-bank.com,user1584@example.com,secure-bank.com,Security alert: New sign-in from unknown device. Reset here: https://secure-bank.com/?id=91fb31cc-927,docx,docx_91fb31cc-927.docx,True,https://secure-bank.com/?id=91fb31cc-927,benign,0,0,low,low,95e5690c7c5e
5b92cf17-703,email,2025-11-08T17:10:17.263474Z,user109@secure-bank.com,user1436@example.com,gov-id.org,Urgent: Your account will be suspended. Click https://gov-id.org/?id=5b92cf17-703 to verify now.,pdf,pdf_5b92cf17-703.pdf,True,https://gov-id.org/?id=5b92cf17-703,phishing,0,0,medium,medium,aec238fda007
824b718a-713,sms,2025-08-25T01:40:19.263501Z,+918126118292,+919630151634,loanfast.info,Your exam result updated. Login at http://loanfast.info/surveys?id=824b718a-713,none,none,True,http://loanfast.info/surveys?id=824b718a-713,scam_sms,0,0,low,low,a5888bcff84a
c190e568-6f0,sms,2025-09-27T14:24:47.263527Z,+919467299883,+917116771230,gov-id.org,Free voucher! Redeem at http://gov-id.org/surveys?id=c190e568-6f0,none,none,True,http://gov-id.org/surveys?id=c190e568-6f0,benign,0,0,high,high,466fe8cc0c30
6f46e33d-349,email,2025-09-13T13:32:07.263551Z,user404@trusted-health.org,user1449@example.com,uni-scholar.org,"Hello, please review attached report",mp4,mp4_6f46e33d-349.mp4,False,,phishing,0,0,high,high,3eb64dd86df7
e52a9676-642,document,2025-10-10T05:44:13.263576Z,fintrustltd@secure-bank.com,records@hospital.org,,Offer letter - Company: Acme Corp - Candidate: Vikram Rao | DOB: 1999-07-12,docx,docx_e52a9676-642.docx,False,,legit_doc,0,1,medium,medium,7988854b9f97
0ca5801e-24f,sms,2025-10-20T04:14:02.263606Z,+917359917135,+917521490212,gov-id.org,Your OTP is 123456 - never share it,none,none,False,,benign,0,0,medium,medium,4097ae3c6154
869722e8-0e8,sms,2025-09-23T13:27:14.263632Z,+916355345418,+918069468829,parcel-track.net,Package delivery failed. Confirm at http://parcel-track.net/surveys?id=869722e8-0e8,none,none,True,http://parcel-track.net/surveys?id=869722e8-0e8,loan_scam,0,0,high,high,4492e474e487
43bad842-a4b,social,2025-11-13T15:09:26.263668Z,Rahul Verma,public,,Viral video: unbelievable transformation - shared by Aisha Khan,jpg,jpg_43bad842-a4b.jpg,False,,benign,0,0,medium,medium,6a8cedf2fe51
f1e3907e-736,email,2025-10-23T00:32:24.263703Z,user350@gov-id.org,user1097@example.com,uni-scholar.org,Payroll issue: update your bank details: https://uni-scholar.org/?id=f1e3907e-736,mp4,mp4_f1e3907e-736.mp4,True,https://uni-scholar.org/?id=f1e3907e-736,benign,0,0,high,high,83c50cfcaa8f
9a2fa3b5-a09,email,2025-09-02T22:13:46.263741Z,user915@parcel-track.net,user1645@example.com,gov-id.org,Scholarship awarded! Apply here: https://gov-id.org/?id=9a2fa3b5-a09 — limited seats.,mp4,mp4_9a2fa3b5-a09.mp4,True,https://gov-id.org/?id=9a2fa3b5-a09,benign,0,0,medium,medium,b6fc56490522
87244147-40c,email,2025-10-02T10:21:53.263780Z,user457@secure-bank.com,user1920@example.com,secure-bank.com,Scholarship awarded! Apply here: https://secure-bank.com/?id=87244147-40c — limited seats.,docx,docx_87244147-40c.docx,True,https://secure-bank.com/?id=87244147-40c,phishing,0,0,critical,critical,b2ea4c19e343
ce92cf46-45c,email,2025-11-05T19:57:27.263828Z,user936@payments-update.com,user1682@example.com,loanfast.info,Action required: Confirm your payment method at https://loanfast.info/?id=ce92cf46-45c. Invoice attached: invoice_ce92cf46-45c.pdf,pdf,pdf_ce92cf46-45c.pdf,True,https://loanfast.info/?id=ce92cf46-45c,phishing,0,0,high,high,fbc11a538d70
e4d766a7-fc5,email,2025-10-26T15:50:13.263862Z,user662@docverify.net,user1208@example.com,payments-update.com,Urgent: Your account will be suspended. Click https://payments-update.com/?id=e4d766a7-fc5 to verify now.,none,none,True,https://payments-update.com/?id=e4d766a7-fc5,phishing,0,0,high,high,c8bc79ed72f5
7cf461c1-5bc,email,2025-10-02T13:06:57.263889Z,user395@docverify.net,user1534@example.com,trusted-health.org,Payroll issue: update your bank details: https://trusted-health.org/?id=7cf461c1-5bc,mp4,mp4_7cf461c1-5bc.mp4,True,https://trusted-health.org/?id=7cf461c1-5bc,benign,0,0,low,low,60f67236afa9
83a6c9c6-b47,email,2025-10-16T00:25:06.263915Z,user490@gov-id.org,user1090@example.com,docverify.net,Security alert: New sign-in from unknown device. Reset here: https://docverify.net/?id=83a6c9c6-b47,png,png_83a6c9c6-b47.png,True,https://docverify.net/?id=83a6c9c6-b47,benign,0,0,low,low,9aa2f59f7371
f3a4da50-3a6,sms,2025-09-28T03:22:19.263942Z,+916211803568,+917092092714,payments-update.com,Free voucher! Redeem at http://payments-update.com/surveys?id=f3a4da50-3a6,none,none,True,http://payments-update.com/surveys?id=f3a4da50-3a6,scam_sms,0,0,high,high,003b49ec0c39
ea2edf1e-31f,email,2025-11-22T03:53:07.263968Z,user845@parcel-track.net,user1704@example.com,secure-bank.com,Scholarship awarded! Apply here: https://secure-bank.com/?id=ea2edf1e-31f — limited seats.,pdf,pdf_ea2edf1e-31f.pdf,True,https://secure-bank.com/?id=ea2edf1e-31f,phishing,0,0,high,high,347b0b8c91d7
454e13ad-a36,social,2025-11-15T21:58:48.263996Z,Meera Patel,public,,Viral video: unbelievable transformation - shared by Sana Ahmed,mp4,mp4_454e13ad-a36.mp4,False,,benign,0,0,high,high,1d59715b76f4
f0ab2428-7a0,email,2025-11-16T14:04:13.264037Z,user404@payments-update.com,user1502@example.com,gov-id.org,Security alert: New sign-in from unknown device. Reset here: https://gov-id.org/?id=f0ab2428-7a0,none,none,True,https://gov-id.org/?id=f0ab2428-7a0,invoice_fraud,0,0,high,high,e9cb8f227ec2
22bd23c2-01c,sms,2025-09-05T02:41:15.264066Z,+918711823108,+919883553969,gov-id.org,Your OTP is 123456 - never share it,none,none,False,,scam_sms,0,0,low,low,caf1e82b3bb5
660eb114-7c7,document,2025-08-24T23:02:04.264091Z,globaluni@uni-scholar.org,records@hospital.org,,Government ID correction letter - Ref: 660eb114-7c7 | DOB: 1993-03-25,docx,docx_660eb114-7c7.docx,False,,fake_doc,1,1,high,high,2b1f131c56ef
be86d10d-c56,sms,2025-11-13T16:44:42.264121Z,+918726123783,+917573829739,secure-bank.com,Your exam result updated. Login at http://secure-bank.com/surveys?id=be86d10d-c56,none,none,True,http://secure-bank.com/surveys?id=be86d10d-c56,benign,0,0,critical,critical,f5c5824230d1
f3248313-82d,upload,2025-09-06T00:56:04.264150Z,John Smith,admin,,Uploaded media for review,png,png_f3248313-82d.png,False,,deepfake_media,0,0,low,low,cd4b94bab98b
abd9e4a7-ff3,sms,2025-09-26T21:01:59.264173Z,+918013054846,+919808509002,parcel-track.net,Package delivery failed. Confirm at http://parcel-track.net/surveys?id=abd9e4a7-ff3,none,none,True,http://parcel-track.net/surveys?id=abd9e4a7-ff3,scam_sms,0,0,medium,medium,8517fdb230f6
191ed257-645,email,2025-09-27T19:08:09.264200Z,user569@secure-bank.com,user1489@example.com,payments-update.com,Security alert: New sign-in from unknown device. Reset here: https://payments-update.com/?id=191ed257-645,jpg,jpg_191ed257-645.jpg,True,https://payments-update.com/?id=191ed257-645,benign,0,0,high,high,5624413a0a23
4ae82e45-899,sms,2025-09-23T23:47:50.264232Z,+919119557721,+918932160875,docverify.net,Your OTP is 123456 - never share it,none,none,False,,scam_sms,0,0,low,low,d041fce5f4dc
828b59fa-640,email,2025-09-25T08:17:08.264258Z,user361@uni-scholar.org,user1015@example.com,gov-id.org,Payroll issue: update your bank details: https://gov-id.org/?id=828b59fa-640,docx,docx_828b59fa-640.docx,True,https://gov-id.org/?id=828b59fa-640,phishing,0,0,medium,medium,a759d0abca65
0456dce9-177,document,2025-10-04T06:56:20.264286Z,jobhubpvtltd@docverify.net,records@gov.org,,Hospital discharge summary - Patient: Sana Ahmed - MRN: 0456dce9-177 | DOB: 1973-01-28,docx,docx_0456dce9-177.docx,False,,legit_doc,0,1,medium,medium,7e82bf321b4c
599e3f7c-445,email,2025-10-17T19:12:41.264314Z,user242@payments-update.com,user1844@example.com,payments-update.com,Scholarship awarded! Apply here: https://payments-update.com/?id=599e3f7c-445 — limited seats.,jpg,jpg_599e3f7c-445.jpg,True,https://payments-update.com/?id=599e3f7c-445,phishing,0,0,high,high,68a53bcba647
8ac7fbbd-8f3,document,2025-09-28T19:33:19.264345Z,medilifehospital@loanfast.info,records@hospital.org,,Medical test report - Patient: Aisha Khan - Result: Pending - Ref 8ac7fbbd-8f3 | DOB: 2007-05-18,docx,docx_8ac7fbbd-8f3.docx,False,,fake_doc,1,1,medium,medium,0c0b63d68b59
c0398bb1-6c9,sms,2025-10-28T08:36:39.264374Z,+919917554344,+916730165572,payments-update.com,Package delivery failed. Confirm at http://payments-update.com/surveys?id=c0398bb1-6c9,none,none,True,http://payments-update.com/surveys?id=c0398bb1-6c9,benign,0,0,low,low,235d012800e1
7d86a6e7-c24,sms,2025-10-31T09:39:24.264400Z,+916578816612,+916095684726,trusted-health.org,Your OTP is 123456 - never share it,none,none,False,,benign,0,0,low,low,b2b310515dab
60df2fce-833,email,2025-09-07T00:07:20.264424Z,user557@docverify.net,user1898@example.com,uni-scholar.org,Action required: Confirm your payment method at https://uni-scholar.org/?id=60df2fce-833. Invoice attached: invoice_60df2fce-833.pdf,pdf,pdf_60df2fce-833.pdf,True,https://uni-scholar.org/?id=60df2fce-833,phishing,0,0,high,high,1658af34b773
166b9f3d-e32,document,2025-11-17T22:33:56.264452Z,acmecorp@secure-bank.com,records@gov.org,,Offer letter - Company: Acme Corp - Candidate: Meera Patel,pdf,pdf_166b9f3d-e32.pdf,False,,legit_doc,0,0,medium,medium,d2f93ba2133e
45e87a87-ffb,sms,2025-10-12T10:16:38.264478Z,+917140772021,+917392564885,gov-id.org,Loan approved! Complete KYC at http://gov-id.org/surveys?id=45e87a87-ffb,none,none,True,http://gov-id.org/surveys?id=45e87a87-ffb,benign,0,0,low,low,c6406a54fcf3
5bec7d82-e09,social,2025-09-28T23:17:00.264503Z,Meera Patel,public,,Viral video: unbelievable transformation - shared by Meera Patel,none,none,False,,harassment,0,0,medium,medium,f7de17a76472
2e1697be-548,document,2025-11-12T09:50:46.264527Z,globaluni@payments-update.com,records@company.com,,Certified true copy - see attached | DOB: 1989-01-20,pdf,pdf_2e1697be-548.pdf,False,,fake_doc,0,1,medium,medium,25b1543f3ff1
4e31c4b1-802,social,2025-10-15T12:22:37.264555Z,Sana Ahmed,public,,Interview leaked - audio attached,mp4,mp4_4e31c4b1-802.mp4,False,,benign,0,0,medium,medium,5de1b3657332
04a4a3e7-27f,document,2025-09-28T17:05:42.264577Z,medilifehospital@parcel-track.net,records@company.com,,Medical test report - Patient: Aisha Khan - Result: Pending - Ref 04a4a3e7-27f | DOB: 1972-02-12,docx,docx_04a4a3e7-27f.docx,False,,fake_doc,1,1,high,high,81d908ab0806
887e4971-986,sms,2025-09-22T15:56:26.264606Z,+918301396661,+917860079341,loanfast.info,Loan approved! Complete KYC at http://loanfast.info/surveys?id=887e4971-986,none,none,True,http://loanfast.info/surveys?id=887e4971-986,scam_sms,0,0,high,high,4ebf084113a5
79eb32fd-c5c,email,2025-11-12T00:34:06.264632Z,user227@loanfast.info,user1550@example.com,secure-bank.com,Action required: Confirm your payment method at https://secure-bank.com/?id=79eb32fd-c5c. Invoice attached: invoice_79eb32fd-c5c.pdf,pdf,pdf_79eb32fd-c5c.pdf,True,https://secure-bank.com/?id=79eb32fd-c5c,benign,0,0,medium,medium,bdda9f47e90f
c4d9fbd7-a99,sms,2025-08-28T11:01:57.264659Z,+918988077635,+916056849782,docverify.net,Your OTP is 123456 - never share it,none,none,False,,scam_sms,0,0,high,high,2fbcee150392
388e5501-fca,email,2025-09-18T23:55:41.264683Z,user764@trusted-health.org,user1629@example.com,uni-scholar.org,Scholarship awarded! Apply here: https://uni-scholar.org/?id=388e5501-fca — limited seats.,mp4,mp4_388e5501-fca.mp4,True,https://uni-scholar.org/?id=388e5501-fca,benign,0,0,low,low,479e14f6d7b7
0e2c2a75-008,email,2025-11-11T14:48:51.264711Z,user518@loanfast.info,user1434@example.com,docverify.net,Payroll issue: update your bank details: https://docverify.net/?id=0e2c2a75-008,mp4,mp4_0e2c2a75-008.mp4,True,https://docverify.net/?id=0e2c2a75-008,benign,0,0,low,low,a4623fe7fc35
808b30fb-a49,sms,2025-09-15T22:01:14.264737Z,+919144215875,+917697768969,trusted-health.org,Your exam result updated. Login at http://trusted-health.org/surveys?id=808b30fb-a49,none,none,True,http://trusted-health.org/surveys?id=808b30fb-a49,benign,0,0,medium,medium,6717f8c84861
ec07c9f4-54c,upload,2025-10-09T09:53:30.264762Z,Aisha Khan,admin,,Uploaded media for review,mp4,mp4_ec07c9f4-54c.mp4,False,,deepfake_media,0,0,high,high,346bd45a2d42
8526e9ec-c15,upload,2025-09-03T23:06:10.264783Z,Sana Ahmed,admin,,Uploaded media for review,mp4,mp4_8526e9ec-c15.mp4,False,,benign,0,0,medium,medium,0296695a283b
07749c66-64b,upload,2025-10-12T08:33:18.264805Z,John Smith,admin,,Uploaded media for review,mp4,mp4_07749c66-64b.mp4,False,,benign,0,0,low,low,0888158d2875
5422e9e0-3c8,sms,2025-10-15T16:09:07.264826Z,+919497168035,+917623162194,loanfast.info,Free voucher! Redeem at http://loanfast.info/surveys?id=5422e9e0-3c8,none,none,True,http://loanfast.info/surveys?id=5422e9e0-3c8,benign,0,0,low,low,7d669bd0c79d
b6e39190-f3c,upload,2025-11-12T15:15:38.264851Z,Vikram Rao,admin,,Uploaded media for review,jpg,jpg_b6e39190-f3c.jpg,False,,deepfake_media,0,0,low,low,43e53665c455
9d94cc8d-a27,document,2025-10-09T10:06:28.264872Z,globaluni@loanfast.info,records@gov.org,,Certified true copy - see attached,docx,docx_9d94cc8d-a27.docx,False,,fake_doc,1,0,high,high,5f2e0acbaa5d
f5e53130-e4e,sms,2025-10-21T06:11:28.264898Z,+918348514389,+917397117608,payments-update.com,Your exam result updated. Login at http://payments-update.com/surveys?id=f5e53130-e4e,none,none,True,http://payments-update.com/surveys?id=f5e53130-e4e,scam_sms,0,0,medium,medium,6599e7ce54ed
1461ed76-40d,document,2025-09-13T03:42:33.264936Z,fintrustltd@uni-scholar.org,records@hospital.org,,Medical test report - Patient: Sana Ahmed - Result: Pending - Ref 1461ed76-40d,docx,docx_1461ed76-40d.docx,False,,legit_doc,0,0,high,high,e42b91ef95db
63841852-2d9,email,2025-10-19T09:12:34.264963Z,user683@loanfast.info,user1325@example.com,trusted-health.org,Security alert: New sign-in from unknown device. Reset here: https://trusted-health.org/?id=63841852-2d9,docx,docx_63841852-2d9.docx,True,https://trusted-health.org/?id=63841852-2d9,benign,0,0,high,high,02bd447dc1e1
c40d0ad3-d57,sms,2025-10-26T21:20:41.264990Z,+918075912327,+919760200660,payments-update.com,Free voucher! Redeem at http://payments-update.com/surveys?id=c40d0ad3-d57,none,none,True,http://payments-update.com/surveys?id=c40d0ad3-d57,scam_sms,0,0,medium,medium,ee4d626e4b31
416b70ae-da3,document,2025-09-07T22:06:43.265016Z,medilifehospital@trusted-health.org,records@hospital.org,,Medical test report - Patient: Rahul Verma - Result: Pending - Ref 416b70ae-da3,pdf,pdf_416b70ae-da3.pdf,False,,legit_doc,0,0,high,high,547e82d6c18b
8c824c9e-530,social,2025-10-02T21:43:11.265041Z,Sana Ahmed,public,,Viral video: unbelievable transformation - shared by Meera Patel,jpg,jpg_8c824c9e-530.jpg,False,,benign,0,0,low,low,315034841f71
9df3aaaa-47e,document,2025-11-10T13:43:26.265065Z,jobhubpvtltd@docverify.net,records@company.com,,Medical test report - Patient: Vikram Rao - Result: Pending - Ref 9df3aaaa-47e,pdf,pdf_9df3aaaa-47e.pdf,False,,legit_doc,0,0,medium,medium,af0b96c7aa2f
979f11e6-441,sms,2025-09-30T05:13:00.265090Z,+917711924833,+919899236146,loanfast.info,Free voucher! Redeem at http://loanfast.info/surveys?id=979f11e6-441,none,none,True,http://loanfast.info/surveys?id=979f11e6-441,scam_sms,0,0,low,low,6e5e3d353675
42ad753a-f4d,email,2025-11-04T15:30:02.265115Z,user559@loanfast.info,user1069@example.com,payments-update.com,"Payroll issue: update your bank details: https://payments-update.com/?id=42ad753a-f4d Patient: Meera Patel, Acc: XXXX-XXXX-3164",mp4,mp4_42ad753a-f4d.mp4,True,https://payments-update.com/?id=42ad753a-f4d,benign,0,1,low,low,3a864378929c
6ff00a17-58c,email,2025-10-09T08:54:02.265143Z,user303@payments-update.com,user1312@example.com,uni-scholar.org,Payroll issue: update your bank details: https://uni-scholar.org/?id=6ff00a17-58c,pdf,pdf_6ff00a17-58c.pdf,True,https://uni-scholar.org/?id=6ff00a17-58c,benign,0,0,high,high,893a7dd6dad7
70f543a7-790,sms,2025-09-15T00:50:04.265169Z,+916237396537,+918300445388,docverify.net,Free voucher! Redeem at http://docverify.net/surveys?id=70f543a7-790,none,none,True,http://docverify.net/surveys?id=70f543a7-790,benign,0,0,low,low,03b7ef338a44
c4fb7bce-92c,social,2025-09-22T20:28:09.265193Z,Vikram Rao,public,,Interview leaked - audio attached,none,none,False,,benign,0,0,low,low,8bee624c4961
7a83b1c2-046,sms,2025-11-04T21:06:30.265215Z,+916586489260,+916059981689,payments-update.com,Package delivery failed. Confirm at http://payments-update.com/surveys?id=7a83b1c2-046,none,none,True,http://payments-update.com/surveys?id=7a83b1c2-046,benign,0,0,low,low,c3d3edbf75b6
c3878f3a-a66,sms,2025-11-14T00:20:59.265240Z,+919951058151,+917009634766,docverify.net,Loan approved! Complete KYC at http://docverify.net/surveys?id=c3878f3a-a66,none,none,True,http://docverify.net/surveys?id=c3878f3a-a66,scam_sms,0,0,medium,medium,30232ae74fb5
86a1e7ee-266,social,2025-09-17T22:52:42.265264Z,Rahul Verma,public,,Watch this shocking reveal video (see attachment),jpg,jpg_86a1e7ee-266.jpg,False,,benign,0,0,low,low,0b70c765d6ef
19cda1d1-98e,email,2025-10-13T23:03:45.265287Z,user432@secure-bank.com,user1770@example.com,parcel-track.net,Security alert: New sign-in from unknown device. Reset here: https://parcel-track.net/?id=19cda1d1-98e,none,none,True,https://parcel-track.net/?id=19cda1d1-98e,benign,0,0,low,low,669604482d13
5ce668cf-4e6,sms,2025-09-09T00:25:50.265312Z,+916031291782,+916949664178,uni-scholar.org,Your exam result updated. Login at http://uni-scholar.org/surveys?id=5ce668cf-4e6,none,none,True,http://uni-scholar.org/surveys?id=5ce668cf-4e6,benign,0,0,low,low,16871b7735c8
9c145e12-4cc,email,2025-10-03T22:16:09.265336Z,user319@uni-scholar.org,user1220@example.com,gov-id.org,Security alert: New sign-in from unknown device. Reset here: https://gov-id.org/?id=9c145e12-4cc,none,none,True,https://gov-id.org/?id=9c145e12-4cc,benign,0,0,medium,medium,5c5fb32b8543
f7e35cd3-a5a,email,2025-09-24T20:50:30.265361Z,user460@loanfast.info,user1883@example.com,parcel-track.net,Security alert: New sign-in from unknown device. Reset here: https://parcel-track.net/?id=f7e35cd3-a5a,png,png_f7e35cd3-a5a.png,True,https://parcel-track.net/?id=f7e35cd3-a5a,phishing,0,0,medium,medium,d2b25f0e6b55
01d98781-003,social,2025-11-02T00:10:10.265388Z,Vikram Rao,public,,Interview leaked - audio attached,none,none,False,,deepfake_media,1,0,high,high,0b70ca88d9d5
2f92573b-7f2,social,2025-10-22T15:34:55.265412Z,Rahul Verma,public,,Watch this shocking reveal video (see attachment),mp4,mp4_2f92573b-7f2.mp4,False,,harassment,0,0,critical,critical,75fde46c2613
8b507042-e0d,email,2025-11-20T02:00:29.265435Z,user829@payments-update.com,user1026@example.com,payments-update.com,Scholarship awarded! Apply here: https://payments-update.com/?id=8b507042-e0d — limited seats.,pdf,pdf_8b507042-e0d.pdf,True,https://payments-update.com/?id=8b507042-e0d,phishing,0,0,high,high,5eaec76206af
04a8fef5-cb2,sms,2025-10-11T00:08:57.265463Z,+917302128389,+917134812585,parcel-track.net,Loan approved! Complete KYC at http://parcel-track.net/surveys?id=04a8fef5-cb2,none,none,True,http://parcel-track.net/surveys?id=04a8fef5-cb2,scam_sms,0,0,medium,medium,b99196979fb5
8136d5a4-fc4,document,2025-11-01T03:32:04.265488Z,medilifehospital@payments-update.com,records@company.com,,Offer letter - Company: Acme Corp - Candidate: Aisha Khan | DOB: 1975-06-26,pdf,pdf_8136d5a4-fc4.pdf,False,,legit_doc,0,1,low,low,6cf6f324281d
7dcd4a3b-a75,social,2025-11-02T22:36:34.265515Z,Sana Ahmed,public,,Interview leaked - audio attached,none,none,False,,benign,0,0,low,low,8406ca9181be
36c13b02-187,sms,2025-10-06T22:17:18.265537Z,+917584475322,+916160543864,secure-bank.com,Free voucher! Redeem at http://secure-bank.com/surveys?id=36c13b02-187,none,none,True,http://secure-bank.com/surveys?id=36c13b02-187,scam_sms,0,0,medium,medium,3578f516b59c
b6a9aaed-417,document,2025-11-01T07:14:57.265563Z,jobhubpvtltd@loanfast.info,records@gov.org,,Offer letter - Company: FinTrust Ltd - Candidate: John Smith,pdf,pdf_b6a9aaed-417.pdf,False,,legit_doc,0,0,low,low,7b6e4256cbed
abc23238-89d,sms,2025-08-29T03:53:43.265588Z,+917497980614,+916924096630,docverify.net,Your exam result updated. Login at http://docverify.net/surveys?id=abc23238-89d,none,none,True,http://docverify.net/surveys?id=abc23238-89d,scam_sms,0,0,low,low,cbf124e32120
f371c72a-755,sms,2025-11-02T11:51:12.265614Z,+918642323483,+919199749503,docverify.net,Your exam result updated. Login at http://docverify.net/surveys?id=f371c72a-755,none,none,True,http://docverify.net/surveys?id=f371c72a-755,benign,0,0,medium,medium,2033e0b9c6d5
7e086e39-672,email,2025-10-25T14:10:30.265638Z,user566@parcel-track.net,user1417@example.com,payments-update.com,Action required: Confirm your payment method at https://payments-update.com/?id=7e086e39-672. Invoice attached: invoice_7e086e39-672.pdf,pdf,pdf_7e086e39-672.pdf,True,https://payments-update.com/?id=7e086e39-672,benign,0,0,high,high,eddab3b17716
942699da-97a,social,2025-10-06T21:11:08.265665Z,John Smith,public,,Viral video: unbelievable transformation - shared by John Smith,none,none,False,,benign,0,0,low,low,1b0fd4fdb121
39b47f05-37e,sms,2025-08-26T14:52:05.265688Z,+918371795695,+917339652621,payments-update.com,Your exam result updated. Login at http://payments-update.com/surveys?id=39b47f05-37e,none,none,True,http://payments-update.com/surveys?id=39b47f05-37e,benign,0,0,medium,medium,3366d8e56a69
2401bebe-c72,sms,2025-08-24T22:19:33.265713Z,+918328783329,+918330454764,loanfast.info,Your OTP is 123456 - never share it,none,none,False,,scam_sms,0,0,high,high,636f34041ff1
1eb1c24e-959,sms,2025-09-11T19:04:00.265737Z,+919462944316,+919460204453,docverify.net,Package delivery failed. Confirm at http://docverify.net/surveys?id=1eb1c24e-959,none,none,True,http://docverify.net/surveys?id=1eb1c24e-959,benign,0,0,low,low,f26972196d49
f2b3a71a-39a,social,2025-11-14T06:04:40.265816Z,Aisha Khan,public,,Interview leaked - audio attached,jpg,jpg_f2b3a71a-39a.jpg,False,,benign,0,0,medium,medium,9b9bc8c7671a
330df186-070,social,2025-11-19T16:40:05.266162Z,John Smith,public,,Viral video: unbelievable transformation - shared by Meera Patel,jpg,jpg_330df186-070.jpg,False,,benign,0,0,medium,medium,6944a7e254a4
5821ca85-2a4,email,2025-10-23T13:40:40.266209Z,user468@payments-update.com,user1966@example.com,gov-id.org,"Urgent: Your account will be suspended. Click https://gov-id.org/?id=5821ca85-2a4 to verify now. Patient: Sana Ahmed, Acc: XXXX-XXXX-7688",docx,docx_5821ca85-2a4.docx,True,https://gov-id.org/?id=5821ca85-2a4,benign,0,1,low,low,f9d10790c86d
0307a930-2d7,social,2025-10-28T21:00:40.266261Z,Sana Ahmed,public,,Viral video: unbelievable transformation - shared by Vikram Rao,none,none,False,,benign,0,0,low,low,282ea512e9ec
f84e570e-2f6,sms,2025-11-13T21:00:18.266298Z,+917539955428,+918556503255,gov-id.org,Loan approved! Complete KYC at http://gov-id.org/surveys?id=f84e570e-2f6,none,none,True,http://gov-id.org/surveys?id=f84e570e-2f6,benign,0,0,medium,medium,d98e161eddb8
e23ec021-72e,email,2025-09-15T23:27:37.266338Z,user343@uni-scholar.org,user1095@example.com,uni-scholar.org,"Hello, please review attached report Patient: Sana Ahmed, Acc: XXXX-XXXX-2205",mp4,mp4_e23ec021-72e.mp4,False,,benign,0,1,high,high,ebd4382cefb5
74b01e2e-224,email,2025-11-04T04:04:03.266381Z,user473@trusted-health.org,user1767@example.com,secure-bank.com,Action required: Confirm your payment method at https://secure-bank.com/?id=74b01e2e-224. Invoice attached: invoice_74b01e2e-224.pdf,pdf,pdf_74b01e2e-224.pdf,True,https://secure-bank.com/?id=74b01e2e-224,benign,0,0,low,low,ce8e76d38136
914db101-cf0,sms,2025-11-12T01:03:35.266422Z,+919577597881,+918950539295,gov-id.org,Loan approved! Complete KYC at http://gov-id.org/surveys?id=914db101-cf0,none,none,True,http://gov-id.org/surveys?id=914db101-cf0,benign,0,0,medium,medium,0079afb862e3
b3083d43-c68,social,2025-09-09T10:19:28.266460Z,Rahul Verma,public,,Interview leaked - audio attached,jpg,jpg_b3083d43-c68.jpg,False,,benign,0,0,low,low,d812a6b1d45f
4c48f2f4-e0c,sms,2025-11-18T02:33:11.266494Z,+919569680674,+916284395265,uni-scholar.org,Free voucher! Redeem at http://uni-scholar.org/surveys?id=4c48f2f4-e0c,none,none,True,http://uni-scholar.org/surveys?id=4c48f2f4-e0c,benign,0,0,low,low,8cb52250e477
bb37f9b3-687,social,2025-08-28T17:53:55.266531Z,Aisha Khan,public,,Interview leaked - audio attached,mp4,mp4_bb37f9b3-687.mp4,False,,deepfake_media,1,0,high,high,ea14cbf5bcdb
31ad0d8b-ce5,email,2025-10-18T08:41:21.266571Z,user844@secure-bank.com,user1571@example.com,payments-update.com,Action required: Confirm your payment method at https://payments-update.com/?id=31ad0d8b-ce5. Invoice attached: invoice_31ad0d8b-ce5.pdf,pdf,pdf_31ad0d8b-ce5.pdf,True,https://payments-update.com/?id=31ad0d8b-ce5,benign,0,0,medium,medium,8c534c2f07dd
24049408-e80,email,2025-10-02T22:12:32.266629Z,user216@parcel-track.net,user1070@example.com,secure-bank.com,Action required: Confirm your payment method at https://secure-bank.com/?id=24049408-e80. Invoice attached: invoice_24049408-e80.pdf,pdf,pdf_24049408-e80.pdf,True,https://secure-bank.com/?id=24049408-e80,benign,0,0,low,low,00b61af27f14
09bd4613-04a,sms,2025-11-05T22:11:06.266672Z,+919181061421,+918389033872,docverify.net,Your exam result updated. Login at http://docverify.net/surveys?id=09bd4613-04a,none,none,True,http://docverify.net/surveys?id=09bd4613-04a,benign,0,0,low,low,a87f13449b34
03193129-c70,social,2025-11-15T14:56:03.266711Z,Meera Patel,public,,Interview leaked - audio attached,mp4,mp4_03193129-c70.mp4,False,,benign,0,0,low,low,747741b41e2c
c00d4247-c8a,email,2025-09-16T19:42:05.266745Z,user225@secure-bank.com,user1598@example.com,gov-id.org,Payroll issue: update your bank details: https://gov-id.org/?id=c00d4247-c8a,jpg,jpg_c00d4247-c8a.jpg,True,https://gov-id.org/?id=c00d4247-c8a,phishing,0,0,critical,critical,518a86bc2368
e845f461-233,email,2025-09-11T12:28:39.266787Z,user269@payments-update.com,user1128@example.com,gov-id.org,Action required: Confirm your payment method at https://gov-id.org/?id=e845f461-233. Invoice attached: invoice_e845f461-233.pdf,pdf,pdf_e845f461-233.pdf,True,https://gov-id.org/?id=e845f461-233,benign,0,0,medium,medium,73946ed68820
90272f30-5f4,document,2025-09-01T08:04:42.266893Z,globaluni@parcel-track.net,records@gov.org,,Offer letter - Company: JobHub Pvt Ltd - Candidate: Meera Patel,docx,docx_90272f30-5f4.docx,False,,legit_doc,0,0,medium,medium,ef97e13d913d
6d949aef-e27,social,2025-11-04T14:29:04.266964Z,John Smith,public,,Viral video: unbelievable transformation - shared by Meera Patel,mp4,mp4_6d949aef-e27.mp4,False,,benign,0,0,low,low,e3fb0055c490
2d589d2d-477,email,2025-09-30T06:13:37.267010Z,user105@docverify.net,user1899@example.com,secure-bank.com,Urgent: Your account will be suspended. Click https://secure-bank.com/?id=2d589d2d-477 to verify now.,mp4,mp4_2d589d2d-477.mp4,True,https://secure-bank.com/?id=2d589d2d-477,benign,0,0,low,low,839a0b8aee58
7b681c15-306,email,2025-09-14T04:26:55.267060Z,user742@parcel-track.net,user1773@example.com,uni-scholar.org,"Hello, please review attached report",jpg,jpg_7b681c15-306.jpg,False,,benign,0,0,low,low,f361ec2869ed
70c13565-756,sms,2025-08-28T17:36:27.267099Z,+916992164671,+916064854211,loanfast.info,Loan approved! Complete KYC at http://loanfast.info/surveys?id=70c13565-756,none,none,True,http://loanfast.info/surveys?id=70c13565-756,scam_sms,0,0,high,high,c4bf1bc2a855
89e966ef-5ec,upload,2025-11-20T07:44:21.267143Z,Meera Patel,admin,,Uploaded media for review,jpg,jpg_89e966ef-5ec.jpg,False,,benign,0,0,medium,medium,f5d8fed5d2dd
2cdcc638-1c1,sms,2025-11-18T22:17:05.267178Z,+918828038639,+919725968885,docverify.net,Your OTP is 123456 - never share it,none,none,False,,scam_sms,0,0,low,low,2c55db46f296
104612af-a73,email,2025-09-02T20:03:18.267216Z,user745@docverify.net,user1287@example.com,payments-update.com,"Payroll issue: update your bank details: https://payments-update.com/?id=104612af-a73 Patient: Vikram Rao, Acc: XXXX-XXXX-6893",none,none,True,https://payments-update.com/?id=104612af-a73,benign,0,1,low,low,7ee432a902c7
c9ece933-6bb,email,2025-10-31T21:07:25.267260Z,user407@loanfast.info,user1643@example.com,secure-bank.com,Payroll issue: update your bank details: https://secure-bank.com/?id=c9ece933-6bb,docx,docx_c9ece933-6bb.docx,True,https://secure-bank.com/?id=c9ece933-6bb,invoice_fraud,0,0,medium,medium,f54815ad281f
0f1c237d-479,sms,2025-10-15T03:49:32.267302Z,+918666617176,+916683467764,parcel-track.net,Free voucher! Redeem at http://parcel-track.net/surveys?id=0f1c237d-479,none,none,True,http://parcel-track.net/surveys?id=0f1c237d-479,benign,0,0,high,high,87cbf6defee3
349fa068-117,email,2025-10-03T13:42:40.267342Z,user919@payments-update.com,user1387@example.com,gov-id.org,Security alert: New sign-in from unknown device. Reset here: https://gov-id.org/?id=349fa068-117,png,png_349fa068-117.png,True,https://gov-id.org/?id=349fa068-117,phishing,0,0,high,high,9891b8c8786a
894f75dd-d0e,email,2025-11-01T05:55:35.267388Z,user396@trusted-health.org,user1911@example.com,uni-scholar.org,Scholarship awarded! Apply here: https://uni-scholar.org/?id=894f75dd-d0e — limited seats.,png,png_894f75dd-d0e.png,True,https://uni-scholar.org/?id=894f75dd-d0e,invoice_fraud,0,0,medium,medium,ac52e15a2ab5
31bfc5dd-60c,email,2025-09-25T02:07:02.267441Z,user650@uni-scholar.org,user1084@example.com,payments-update.com,Urgent: Your account will be suspended. Click https://payments-update.com/?id=31bfc5dd-60c to verify now.,mp4,mp4_31bfc5dd-60c.mp4,True,https://payments-update.com/?id=31bfc5dd-60c,phishing,0,0,medium,medium,a10df7465241
94d3b51d-ecc,document,2025-10-19T11:40:21.267486Z,acmecorp@gov-id.org,records@gov.org,,Offer letter - Company: Acme Corp - Candidate: John Smith | DOB: 1975-06-23,pdf,pdf_94d3b51d-ecc.pdf,False,,legit_doc,0,1,low,low,20a42779d5e3
8d89b6c6-29b,email,2025-09-01T23:05:03.267530Z,user267@docverify.net,user1104@example.com,trusted-health.org,Payroll issue: update your bank details: https://trusted-health.org/?id=8d89b6c6-29b,docx,docx_8d89b6c6-29b.docx,True,https://trusted-health.org/?id=8d89b6c6-29b,phishing,0,0,critical,critical,c3f80083a16b
92658c6c-215,email,2025-11-18T01:56:07.267608Z,user462@docverify.net,user1529@example.com,uni-scholar.org,Urgent: Your account will be suspended. Click https://uni-scholar.org/?id=92658c6c-215 to verify now.,png,png_92658c6c-215.png,True,https://uni-scholar.org/?id=92658c6c-215,benign,0,0,low,low,cf692e0248d6
e0ea42e2-051,email,2025-10-23T17:33:52.267650Z,user381@loanfast.info,user1291@example.com,payments-update.com,Urgent: Your account will be suspended. Click https://payments-update.com/?id=e0ea42e2-051 to verify now.,pdf,pdf_e0ea42e2-051.pdf,True,https://payments-update.com/?id=e0ea42e2-051,benign,0,0,low,low,4954f21f92e1
e32025f8-ce2,sms,2025-09-05T06:26:52.267698Z,+916760391431,+919885828812,gov-id.org,Your OTP is 123456 - never share it,none,none,False,,scam_sms,0,0,high,high,ff06a2822144
944b1222-c3c,social,2025-10-03T14:53:46.267737Z,Vikram Rao,public,,Watch this shocking reveal video (see attachment),mp4,mp4_944b1222-c3c.mp4,False,,benign,0,0,low,low,c656b6ce944b
b37732fa-860,sms,2025-10-04T22:48:00.267783Z,+919559725708,+916649183933,trusted-health.org,Your OTP is 123456 - never share it,none,none,False,,benign,0,0,low,low,45dcd46e0555
c25af96d-fdd,sms,2025-11-12T15:04:32.267821Z,+918704637654,+919761400848,trusted-health.org,Loan approved! Complete KYC at http://trusted-health.org/surveys?id=c25af96d-fdd,none,none,True,http://trusted-health.org/surveys?id=c25af96d-fdd,scam_sms,0,0,high,high,038e34d20808
3bca9314-9c6,social,2025-10-17T17:52:40.267861Z,Aisha Khan,public,,Viral video: unbelievable transformation - shared by Aisha Khan,jpg,jpg_3bca9314-9c6.jpg,False,,benign,0,0,low,low,a0a06e3adb4c
180fe174-cd3,email,2025-09-10T10:00:20.267895Z,user508@trusted-health.org,user1570@example.com,secure-bank.com,"Hello, please review attached report Patient: Aisha Khan, Acc: XXXX-XXXX-7345",none,none,False,,invoice_fraud,0,1,high,high,8f8a1bdff715
cd6e17f7-6ad,document,2025-09-09T01:32:00.267938Z,jobhubpvtltd@gov-id.org,records@gov.org,,Hospital discharge summary - Patient: Rahul Verma - MRN: cd6e17f7-6ad,pdf,pdf_cd6e17f7-6ad.pdf,False,,legit_doc,0,0,low,low,3ef689a7a08d
28b23623-8ec,sms,2025-09-04T11:40:09.267980Z,+916550234878,+917378354166,uni-scholar.org,Loan approved! Complete KYC at http://uni-scholar.org/surveys?id=28b23623-8ec,none,none,True,http://uni-scholar.org/surveys?id=28b23623-8ec,benign,0,0,medium,medium,07dfdab8b4cb
3882a3ac-c0b,email,2025-10-18T22:42:53.268022Z,user775@uni-scholar.org,user1722@example.com,payments-update.com,Scholarship awarded! Apply here: https://payments-update.com/?id=3882a3ac-c0b — limited seats.,pdf,pdf_3882a3ac-c0b.pdf,True,https://payments-update.com/?id=3882a3ac-c0b,benign,0,0,low,low,6aac27f62dda
8699ec06-0b3,sms,2025-10-02T21:39:44.268067Z,+917506550735,+918015093071,loanfast.info,Loan approved! Complete KYC at http://loanfast.info/surveys?id=8699ec06-0b3,none,none,True,http://loanfast.info/surveys?id=8699ec06-0b3,benign,0,0,low,low,be48bbe7c73c
590c496a-7db,email,2025-09-13T14:07:07.268105Z,user513@gov-id.org,user1539@example.com,trusted-health.org,"Hello, please review attached report",none,none,False,,benign,0,0,low,low,ba73a294ce77
917cbc50-563,upload,2025-10-25T23:12:41.268141Z,Meera Patel,admin,,Uploaded media for review,jpg,jpg_917cbc50-563.jpg,False,,benign,0,0,high,high,871fc9b108f6
288b4c9a-0d1,social,2025-09-20T22:35:38.268175Z,Sana Ahmed,public,,Watch this shocking reveal video (see attachment),jpg,jpg_288b4c9a-0d1.jpg,False,,harassment,0,0,low,low,b8a32ea58330
f5fbad02-7fb,document,2025-10-21T05:52:45.268214Z,acmecorp@gov-id.org,records@company.com,,Offer letter - Company: Global Uni - Candidate: Meera Patel,docx,docx_f5fbad02-7fb.docx,False,,legit_doc,0,0,critical,critical,ce4cf7524e0e
b51f44f8-ea1,social,2025-09-22T23:26:35.268253Z,Rahul Verma,public,,Interview leaked - audio attached,mp4,mp4_b51f44f8-ea1.mp4,False,,benign,0,0,medium,medium,f65844b0ae6c
906b966f-1e6,email,2025-09-20T15:31:19.268287Z,user194@secure-bank.com,user1153@example.com,loanfast.info,Security alert: New sign-in from unknown device. Reset here: https://loanfast.info/?id=906b966f-1e6,pdf,pdf_906b966f-1e6.pdf,True,https://loanfast.info/?id=906b966f-1e6,phishing,0,0,high,high,238e769974d5
08003462-6ed,sms,2025-09-17T17:50:16.268330Z,+917251062528,+918155119892,trusted-health.org,Your exam result updated. Login at http://trusted-health.org/surveys?id=08003462-6ed,none,none,True,http://trusted-health.org/surveys?id=08003462-6ed,benign,0,0,medium,medium,9c2b94ab8516
ff4885a3-3eb,sms,2025-11-12T23:20:10.268368Z,+916760089655,+919332406002,secure-bank.com,Your OTP is 123456 - never share it,none,none,False,,benign,0,0,medium,medium,7f6d7fe2bcfd
8286c5db-b03,email,2025-11-09T10:41:33.268404Z,user485@payments-update.com,user1914@example.com,trusted-health.org,Urgent: Your account will be suspended. Click https://trusted-health.org/?id=8286c5db-b03 to verify now.,docx,docx_8286c5db-b03.docx,True,https://trusted-health.org/?id=8286c5db-b03,benign,0,0,medium,medium,4113c8c7a7f3
2e6b2f4f-906,email,2025-10-01T01:29:05.268446Z,user177@uni-scholar.org,user1621@example.com,secure-bank.com,Payroll issue: update your bank details: https://secure-bank.com/?id=2e6b2f4f-906,mp4,mp4_2e6b2f4f-906.mp4,True,https://secure-bank.com/?id=2e6b2f4f-906,benign,0,0,high,high,7ef270183386
93a7fdd0-277,email,2025-11-05T23:36:11.268490Z,user628@docverify.net,user1582@example.com,gov-id.org,"Hello, please review attached report",png,png_93a7fdd0-277.png,False,,benign,0,0,low,low,871d1661ead8
3c836210-55c,email,2025-09-16T14:29:36.268530Z,user148@loanfast.info,user1950@example.com,loanfast.info,Urgent: Your account will be suspended. Click https://loanfast.info/?id=3c836210-55c to verify now.,mp4,mp4_3c836210-55c.mp4,True,https://loanfast.info/?id=3c836210-55c,benign,0,0,low,low,4197d04f0172
3562c48b-bec,email,2025-11-07T12:37:39.268571Z,user215@parcel-track.net,user1584@example.com,gov-id.org,Urgent: Your account will be suspended. Click https://gov-id.org/?id=3562c48b-bec to verify now.,jpg,jpg_3562c48b-bec.jpg,True,https://gov-id.org/?id=3562c48b-bec,benign,0,0,low,low,a88f8b176a86
8544b0ca-764,email,2025-11-15T23:39:16.268610Z,user319@trusted-health.org,user1119@example.com,docverify.net,Urgent: Your account will be suspended. Click https://docverify.net/?id=8544b0ca-764 to verify now.,jpg,jpg_8544b0ca-764.jpg,True,https://docverify.net/?id=8544b0ca-764,phishing,0,0,high,high,52e6e702809e
c3074dc7-bd8,document,2025-09-15T03:05:36.268653Z,acmecorp@payments-update.com,records@company.com,,Medical test report - Patient: Meera Patel - Result: Pending - Ref c3074dc7-bd8 | DOB: 1985-01-11,pdf,pdf_c3074dc7-bd8.pdf,False,,fake_doc,0,1,medium,medium,077c437bde1a
b9bb4266-f4a,sms,2025-11-12T09:36:38.268698Z,+917259959076,+919245319356,parcel-track.net,Loan approved! Complete KYC at http://parcel-track.net/surveys?id=b9bb4266-f4a,none,none,True,http://parcel-track.net/surveys?id=b9bb4266-f4a,loan_scam,0,0,low,low,84c847721af7
893598e0-50d,social,2025-09-07T00:17:41.268735Z,Aisha Khan,public,,Viral video: unbelievable transformation - shared by Vikram Rao,none,none,False,,benign,0,0,low,low,222df8dfe043
77e58a83-865,email,2025-10-11T01:34:58.268784Z,user102@gov-id.org,user1630@example.com,secure-bank.com,Payroll issue: update your bank details: https://secure-bank.com/?id=77e58a83-865,docx,docx_77e58a83-865.docx,True,https://secure-bank.com/?id=77e58a83-865,benign,0,0,low,low,26cceab1fed2
10b8cf0c-dff,sms,2025-10-13T07:20:11.268832Z,+918124189235,+916909438631,trusted-health.org,Package delivery failed. Confirm at http://trusted-health.org/surveys?id=10b8cf0c-dff,none,none,True,http://trusted-health.org/surveys?id=10b8cf0c-dff,loan_scam,0,0,low,low,60dfa9eb4472
cb25e8fe-613,sms,2025-11-17T19:26:51.268875Z,+917631855035,+919684979626,trusted-health.org,Your OTP is 123456 - never share it,none,none,False,,scam_sms,0,0,low,low,09c67e882eb8
25aa5ed4-8bf,email,2025-09-02T07:58:23.268912Z,user825@gov-id.org,user1974@example.com,docverify.net,Security alert: New sign-in from unknown device. Reset here: https://docverify.net/?id=25aa5ed4-8bf,docx,docx_25aa5ed4-8bf.docx,True,https://docverify.net/?id=25aa5ed4-8bf,scholarship_scam,0,0,high,high,ed2b83f393c0
2eab0311-a99,document,2025-09-14T10:58:35.268977Z,medilifehospital@payments-update.com,records@company.com,,Hospital discharge summary - Patient: Aisha Khan - MRN: 2eab0311-a99 | DOB: 1982-08-12,pdf,pdf_2eab0311-a99.pdf,False,,legit_doc,0,1,low,low,664aa34d3015
a1717031-b89,email,2025-09-10T13:16:00.269025Z,user927@loanfast.info,user1874@example.com,loanfast.info,"Hello, please review attached report",jpg,jpg_a1717031-b89.jpg,False,,phishing,0,0,medium,medium,8d9ae52e1fd4
39c69e7e-1ba,document,2025-09-02T18:10:24.269067Z,medilifehospital@secure-bank.com,records@company.com,,Hospital discharge summary - Patient: Meera Patel - MRN: 39c69e7e-1ba,docx,docx_39c69e7e-1ba.docx,False,,legit_doc,0,0,medium,medium,56f7882c1fa4
b6f3a5f4-35a,upload,2025-10-09T21:22:12.269107Z,Vikram Rao,admin,,Uploaded media for review,mp4,mp4_b6f3a5f4-35a.mp4,False,,deepfake_media,1,0,low,low,a09660f081ee
18b8ce49-7d2,email,2025-11-02T10:29:47.269139Z,user348@docverify.net,user1162@example.com,loanfast.info,"Hello, please review attached report Patient: Meera Patel, Acc: XXXX-XXXX-2548",none,none,False,,benign,0,1,low,low,e5cf56971c33
af54428a-f7d,sms,2025-09-13T01:36:05.269179Z,+917395717540,+916350071373,parcel-track.net,Your exam result updated. Login at http://parcel-track.net/surveys?id=af54428a-f7d,none,none,True,http://parcel-track.net/surveys?id=af54428a-f7d,benign,0,0,low,low,379b85e9fd07
215c6204-21e,email,2025-11-22T04:23:59.269217Z,user940@payments-update.com,user1899@example.com,docverify.net,Urgent: Your account will be suspended. Click https://docverify.net/?id=215c6204-21e to verify now.,png,png_215c6204-21e.png,True,https://docverify.net/?id=215c6204-21e,benign,0,0,low,low,7ee5c2754e2e
cf0a571b-ad2,email,2025-09-02T00:49:09.269257Z,user497@trusted-health.org,user1111@example.com,uni-scholar.org,"Payroll issue: update your bank details: https://uni-scholar.org/?id=cf0a571b-ad2 Patient: Aisha Khan, Acc: XXXX-XXXX-6442",mp4,mp4_cf0a571b-ad2.mp4,True,https://uni-scholar.org/?id=cf0a571b-ad2,benign,0,1,low,low,7313c21e3866
cd918c65-758,email,2025-10-24T23:00:34.269302Z,user212@loanfast.info,user1491@example.com,uni-scholar.org,"Hello, please review attached report Patient: Vikram Rao, Acc: XXXX-XXXX-7167",png,png_cd918c65-758.png,False,,benign,0,1,low,low,dcb2f1609585
bc02b7c0-df3,social,2025-09-16T23:50:37.269340Z,John Smith,public,,Interview leaked - audio attached,mp4,mp4_bc02b7c0-df3.mp4,False,,deepfake_media,1,0,medium,medium,f8c69de0a4de
42137490-e1c,social,2025-10-21T22:35:33.269377Z,Rahul Verma,public,,Watch this shocking reveal video (see attachment),none,none,False,,benign,0,0,low,low,a0617f1c481a
21d00305-3fc,document,2025-08-30T07:46:23.269410Z,jobhubpvtltd@payments-update.com,records@gov.org,,Government ID correction letter - Ref: 21d00305-3fc | DOB: 2005-06-12,pdf,pdf_21d00305-3fc.pdf,False,,fake_doc,0,1,medium,medium,6e90ec84b4c6
b6b23104-fdc,email,2025-11-22T17:52:10.269452Z,user400@parcel-track.net,user1710@example.com,docverify.net,"Hello, please review attached report",pdf,pdf_b6b23104-fdc.pdf,False,,benign,0,0,low,low,49aef34adfda
bb4994f2-0c8,document,2025-09-15T03:05:08.269489Z,fintrustltd@trusted-health.org,records@hospital.org,,Medical test report - Patient: Vikram Rao - Result: Pending - Ref bb4994f2-0c8 | DOB: 1982-07-19,pdf,pdf_bb4994f2-0c8.pdf,False,,legit_doc,0,1,low,low,175cf6c78a33
88c104f1-ac8,sms,2025-10-14T20:34:42.269531Z,+918983441816,+918342423261,secure-bank.com,Loan approved! Complete KYC at http://secure-bank.com/surveys?id=88c104f1-ac8,none,none,True,http://secure-bank.com/surveys?id=88c104f1-ac8,benign,0,0,high,high,a43c4e7dc06f
983755e9-f57,sms,2025-11-12T02:06:40.269576Z,+919289135772,+918781917019,loanfast.info,Free voucher! Redeem at http://loanfast.info/surveys?id=983755e9-f57,none,none,True,http://loanfast.info/surveys?id=983755e9-f57,benign,0,0,low,low,068a0f7640d7
d5a99081-0b1,sms,2025-09-09T08:23:02.269619Z,+918974025468,+917780801951,gov-id.org,Free voucher! Redeem at http://gov-id.org/surveys?id=d5a99081-0b1,none,none,True,http://gov-id.org/surveys?id=d5a99081-0b1,benign,0,0,low,low,aa048073c46f
78c152d4-1b8,social,2025-09-09T16:33:26.269658Z,Vikram Rao,public,,Viral video: unbelievable transformation - shared by Aisha Khan,none,none,False,,benign,0,0,low,low,658fc440de94
50a27cee-c61,document,2025-09-18T07:20:41.269693Z,fintrustltd@gov-id.org,records@gov.org,,Certified true copy - see attached,pdf,pdf_50a27cee-c61.pdf,False,,fake_doc,1,0,high,high,f39858ed6c55
0e374e2f-46a,sms,2025-10-03T01:18:21.269733Z,+916579245520,+919421407383,gov-id.org,Free voucher! Redeem at http://gov-id.org/surveys?id=0e374e2f-46a,none,none,True,http://gov-id.org/surveys?id=0e374e2f-46a,scam_sms,0,0,medium,medium,ffcc1f799fbf
30fe08d4-e7f,social,2025-11-22T00:35:23.269787Z,Meera Patel,public,,Viral video: unbelievable transformation - shared by Vikram Rao,mp4,mp4_30fe08d4-e7f.mp4,False,,deepfake_media,1,0,high,high,1c6e46401a92
cbd9fa66-ce4,social,2025-10-31T19:36:05.269829Z,Rahul Verma,public,,Viral video: unbelievable transformation - shared by Rahul Verma,mp4,mp4_cbd9fa66-ce4.mp4,False,,deepfake_media,1,0,medium,medium,5b0265675909
a0270a10-b9a,sms,2025-08-27T13:09:07.269865Z,+919639109275,+916171675929,docverify.net,Package delivery failed. Confirm at http://docverify.net/surveys?id=a0270a10-b9a,none,none,True,http://docverify.net/surveys?id=a0270a10-b9a,scam_sms,0,0,high,high,bae7c9b55fac
471bc38e-db2,email,2025-09-24T06:08:28.269904Z,user523@loanfast.info,user1902@example.com,parcel-track.net,Action required: Confirm your payment method at https://parcel-track.net/?id=471bc38e-db2. Invoice attached: invoice_471bc38e-db2.pdf,pdf,pdf_471bc38e-db2.pdf,True,https://parcel-track.net/?id=471bc38e-db2,phishing,0,0,high,high,800fecd72dbf
54f24061-b80,upload,2025-09-01T21:26:53.269946Z,Rahul Verma,admin,,Uploaded media for review,png,png_54f24061-b80.png,False,,deepfake_media,0,0,low,low,4452f5ecdb89
d9ab06a7-24e,email,2025-09-08T01:44:37.269979Z,user420@gov-id.org,user1831@example.com,trusted-health.org,"Security alert: New sign-in from unknown device. Reset here: https://trusted-health.org/?id=d9ab06a7-24e Patient: Aisha Khan, Acc: XXXX-XXXX-3491",none,none,True,https://trusted-health.org/?id=d9ab06a7-24e,benign,0,1,low,low,bb1e2a597b28
e18a3cfd-1c7,email,2025-11-21T10:11:14.270022Z,user685@loanfast.info,user1927@example.com,loanfast.info,Security alert: New sign-in from unknown device. Reset here: https://loanfast.info/?id=e18a3cfd-1c7,mp4,mp4_e18a3cfd-1c7.mp4,True,https://loanfast.info/?id=e18a3cfd-1c7,job_scam,0,0,low,low,c61b7aaf55a6
2c2d0fc9-441,email,2025-11-08T21:10:30.270062Z,user279@parcel-track.net,user1148@example.com,parcel-track.net,Payroll issue: update your bank details: https://parcel-track.net/?id=2c2d0fc9-441,none,none,True,https://parcel-track.net/?id=2c2d0fc9-441,invoice_fraud,0,0,critical,critical,78a49f63f445
32854e99-4b4,sms,2025-10-13T08:26:18.270104Z,+918747963136,+918585883588,loanfast.info,Loan approved! Complete KYC at http://loanfast.info/surveys?id=32854e99-4b4,none,none,True,http://loanfast.info/surveys?id=32854e99-4b4,scam_sms,0,0,medium,medium,df582aa8f266
04f10d5e-49f,upload,2025-09-24T18:09:46.270143Z,Aisha Khan,admin,,Uploaded media for review,mp4,mp4_04f10d5e-49f.mp4,False,,deepfake_media,1,0,medium,medium,42c3e80b5986
1692b464-c34,sms,2025-11-04T07:55:33.270176Z,+917718276784,+919887885980,payments-update.com,Your OTP is 123456 - never share it,none,none,False,,scam_sms,0,0,high,high,dd8438a6a9cc
b95cf146-5ae,social,2025-10-19T07:08:00.270212Z,Meera Patel,public,,Viral video: unbelievable transformation - shared by Vikram Rao,jpg,jpg_b95cf146-5ae.jpg,False,,harassment,0,0,low,low,38e58d597734
a1f1cbe1-347,document,2025-10-29T19:28:12.270247Z,fintrustltd@payments-update.com,records@gov.org,,Medical test report - Patient: Sana Ahmed - Result: Pending - Ref a1f1cbe1-347,docx,docx_a1f1cbe1-347.docx,False,,legit_doc,0,0,low,low,db50579386f0
26430edb-523,sms,2025-09-16T22:23:34.270286Z,+917324531749,+918848071587,payments-update.com,Your OTP is 123456 - never share it,none,none,False,,scam_sms,0,0,low,low,62ca96ce2ae0
ed2ef650-a2c,email,2025-09-07T05:14:56.270322Z,user711@secure-bank.com,user1866@example.com,secure-bank.com,Action required: Confirm your payment method at https://secure-bank.com/?id=ed2ef650-a2c. Invoice attached: invoice_ed2ef650-a2c.pdf,pdf,pdf_ed2ef650-a2c.pdf,True,https://secure-bank.com/?id=ed2ef650-a2c,benign,0,0,medium,medium,cd4a690b3ba5
bc0f0dca-3a6,social,2025-10-28T10:59:28.270387Z,Sana Ahmed,public,,Interview leaked - audio attached,mp4,mp4_bc0f0dca-3a6.mp4,False,,benign,0,0,high,high,2037755be806
b69b5fbd-118,document,2025-09-30T07:52:33.270424Z,medilifehospital@gov-id.org,records@hospital.org,,Medical test report - Patient: John Smith - Result: Pending - Ref b69b5fbd-118 | DOB: 2004-01-15,pdf,pdf_b69b5fbd-118.pdf,False,,fake_doc,0,1,high,high,ccd6a67d604a
eacc0087-4c2,email,2025-10-20T20:22:03.270467Z,user236@docverify.net,user1837@example.com,uni-scholar.org,Scholarship awarded! Apply here: https://uni-scholar.org/?id=eacc0087-4c2 — limited seats.,docx,docx_eacc0087-4c2.docx,True,https://uni-scholar.org/?id=eacc0087-4c2,invoice_fraud,0,0,medium,medium,c69d6618052e
8d6786e6-222,email,2025-11-18T21:51:16.270522Z,user528@parcel-track.net,user1102@example.com,secure-bank.com,Action required: Confirm your payment method at https://secure-bank.com/?id=8d6786e6-222. Invoice attached: invoice_8d6786e6-222.pdf,pdf,pdf_8d6786e6-222.pdf,True,https://secure-bank.com/?id=8d6786e6-222,benign,0,0,high,high,ece336a22871
8043c44a-9e7,email,2025-11-02T10:29:35.270566Z,user337@loanfast.info,user1485@example.com,docverify.net,Scholarship awarded! Apply here: https://docverify.net/?id=8043c44a-9e7 — limited seats.,mp4,mp4_8043c44a-9e7.mp4,True,https://docverify.net/?id=8043c44a-9e7,invoice_fraud,0,0,critical,critical,0014c373a2df
6d1debbf-db8,email,2025-09-18T23:06:27.270612Z,user666@parcel-track.net,user1680@example.com,secure-bank.com,Urgent: Your account will be suspended. Click https://secure-bank.com/?id=6d1debbf-db8 to verify now.,pdf,pdf_6d1debbf-db8.pdf,True,https://secure-bank.com/?id=6d1debbf-db8,benign,0,0,medium,medium,980ba49836dc
a337a53f-786,social,2025-11-20T22:43:21.270652Z,Sana Ahmed,public,,Viral video: unbelievable transformation - shared by Meera Patel,mp4,mp4_a337a53f-786.mp4,False,,benign,0,0,medium,medium,7837e0e9b2e6
1ed2c7e9-6cd,social,2025-11-16T23:24:11.270689Z,Sana Ahmed,public,,Interview leaked - audio attached,jpg,jpg_1ed2c7e9-6cd.jpg,False,,benign,0,0,medium,medium,018c7200746a
e25e871d-c97,email,2025-11-14T06:55:10.270721Z,user656@trusted-health.org,user1171@example.com,docverify.net,Payroll issue: update your bank details: https://docverify.net/?id=e25e871d-c97,docx,docx_e25e871d-c97.docx,True,https://docverify.net/?id=e25e871d-c97,phishing,0,0,high,high,cfb5f41d1223
9f7b7281-4b0,email,2025-10-06T15:50:13.270774Z,user461@docverify.net,user1392@example.com,trusted-health.org,Security alert: New sign-in from unknown device. Reset here: https://trusted-health.org/?id=9f7b7281-4b0,none,none,True,https://trusted-health.org/?id=9f7b7281-4b0,phishing,0,0,high,high,0b616abff895
d95c3c0c-4d9,email,2025-08-30T05:31:31.270820Z,user549@parcel-track.net,user1575@example.com,parcel-track.net,"Hello, please review attached report",pdf,pdf_d95c3c0c-4d9.pdf,False,,invoice_fraud,0,0,high,high,78944d700c7f
dd5aa6a2-8f5,email,2025-09-03T22:30:22.270853Z,user729@docverify.net,user1007@example.com,payments-update.com,"Security alert: New sign-in from unknown device. Reset here: https://payments-update.com/?id=dd5aa6a2-8f5 Patient: Meera Patel, Acc: XXXX-XXXX-3786",docx,docx_dd5aa6a2-8f5.docx,True,https://payments-update.com/?id=dd5aa6a2-8f5,benign,0,1,low,low,45ee981fe903
4a8381ed-9ec,email,2025-10-10T21:29:14.270883Z,user543@trusted-health.org,user1835@example.com,parcel-track.net,Action required: Confirm your payment method at https://parcel-track.net/?id=4a8381ed-9ec. Invoice attached: invoice_4a8381ed-9ec.pdf,pdf,pdf_4a8381ed-9ec.pdf,True,https://parcel-track.net/?id=4a8381ed-9ec,scholarship_scam,0,0,medium,medium,e7b928dd57fb
8f6029e7-bd8,sms,2025-08-28T07:10:50.270911Z,+918588220769,+916058355723,trusted-health.org,Your OTP is 123456 - never share it,none,none,False,,scam_sms,0,0,high,high,3424862f676e
3b0ac00e-562,sms,2025-11-16T19:21:58.270938Z,+917684030854,+919364227016,parcel-track.net,Package delivery failed. Confirm at http://parcel-track.net/surveys?id=3b0ac00e-562,none,none,True,http://parcel-track.net/surveys?id=3b0ac00e-562,scam_sms,0,0,medium,medium,192b075442d7
9d897412-e1e,document,2025-11-10T08:51:41.270967Z,acmecorp@uni-scholar.org,records@company.com,,Medical test report - Patient: Rahul Verma - Result: Pending - Ref 9d897412-e1e,docx,docx_9d897412-e1e.docx,False,,legit_doc,0,0,low,low,cba5ce07d750
4db866f1-28d,document,2025-09-02T20:25:21.271000Z,medilifehospital@secure-bank.com,records@gov.org,,Hospital discharge summary - Patient: Meera Patel - MRN: 4db866f1-28d,docx,docx_4db866f1-28d.docx,False,,legit_doc,0,0,medium,medium,c68f377a18b6
0208c393-aad,sms,2025-10-30T19:41:12.271028Z,+919498616508,+918827936914,payments-update.com,Your exam result updated. Login at http://payments-update.com/surveys?id=0208c393-aad,none,none,True,http://payments-update.com/surveys?id=0208c393-aad,scam_sms,0,0,medium,medium,4420933ed144
8e971529-fbf,email,2025-10-08T07:27:32.271055Z,user935@parcel-track.net,user1189@example.com,loanfast.info,"Hello, please review attached report Patient: Sana Ahmed, Acc: XXXX-XXXX-6933",mp4,mp4_8e971529-fbf.mp4,False,,scholarship_scam,0,1,low,low,1453508b854b
71e71408-cff,email,2025-09-16T04:52:52.271084Z,user515@payments-update.com,user1369@example.com,secure-bank.com,Security alert: New sign-in from unknown device. Reset here: https://secure-bank.com/?id=71e71408-cff,docx,docx_71e71408-cff.docx,True,https://secure-bank.com/?id=71e71408-cff,benign,0,0,low,low,ad7c5f55b2a8
9dbc35f1-299,social,2025-09-11T18:47:43.271112Z,Vikram Rao,public,,Interview leaked - audio attached,none,none,False,,benign,0,0,medium,medium,61349df09c14
dca994cd-1eb,email,2025-10-09T00:03:15.271139Z,user806@docverify.net,user1975@example.com,docverify.net,Payroll issue: update your bank details: https://docverify.net/?id=dca994cd-1eb,none,none,True,https://docverify.net/?id=dca994cd-1eb,benign,0,0,medium,medium,514090eb8bb9
cd4556af-346,social,2025-10-21T22:09:59.271167Z,Meera Patel,public,,Watch this shocking reveal video (see attachment),jpg,jpg_cd4556af-346.jpg,False,,benign,0,0,low,low,cfc8745d9485
c08cd42b-0ab,email,2025-11-09T18:20:46.271192Z,user781@payments-update.com,user1378@example.com,uni-scholar.org,Action required: Confirm your payment method at https://uni-scholar.org/?id=c08cd42b-0ab. Invoice attached: invoice_c08cd42b-0ab.pdf,pdf,pdf_c08cd42b-0ab.pdf,True,https://uni-scholar.org/?id=c08cd42b-0ab,benign,0,0,medium,medium,06b63713fab0
d6af985a-f0c,email,2025-10-13T23:13:00.271221Z,user430@gov-id.org,user1378@example.com,secure-bank.com,Security alert: New sign-in from unknown device. Reset here: https://secure-bank.com/?id=d6af985a-f0c,jpg,jpg_d6af985a-f0c.jpg,True,https://secure-bank.com/?id=d6af985a-f0c,benign,0,0,high,high,02192580ec2f
9cbad948-8f4,document,2025-10-04T04:31:27.271251Z,medilifehospital@gov-id.org,records@gov.org,,Government ID correction letter - Ref: 9cbad948-8f4,docx,docx_9cbad948-8f4.docx,False,,legit_doc,0,0,low,low,be5144c4c55a
0b247245-c25,email,2025-11-06T12:09:38.271277Z,user881@secure-bank.com,user1486@example.com,parcel-track.net,Urgent: Your account will be suspended. Click https://parcel-track.net/?id=0b247245-c25 to verify now.,mp4,mp4_0b247245-c25.mp4,True,https://parcel-track.net/?id=0b247245-c25,phishing,0,0,medium,medium,69f27afacf71
c994953f-dc7,upload,2025-09-12T12:33:38.271306Z,John Smith,admin,,Uploaded media for review,jpg,jpg_c994953f-dc7.jpg,False,,deepfake_media,0,0,low,low,1c6d9e432914
366b2503-5a8,upload,2025-09-07T11:47:36.271328Z,Rahul Verma,admin,,Uploaded media for review,png,png_366b2503-5a8.png,False,,deepfake_media,0,0,medium,medium,9f1a4ee18f2c
0cd64771-054,document,2025-09-20T19:43:20.271351Z,jobhubpvtltd@gov-id.org,records@company.com,,Offer letter - Company: JobHub Pvt Ltd - Candidate: Sana Ahmed | DOB: 1984-04-27,pdf,pdf_0cd64771-054.pdf,False,,fake_doc,1,1,medium,medium,e08504c7b291
e21c1b29-0d8,email,2025-10-11T21:09:33.271381Z,user530@secure-bank.com,user1517@example.com,parcel-track.net,Scholarship awarded! Apply here: https://parcel-track.net/?id=e21c1b29-0d8 — limited seats.,jpg,jpg_e21c1b29-0d8.jpg,True,https://parcel-track.net/?id=e21c1b29-0d8,benign,0,0,low,low,f17b6f4c6f39
4b2d0653-8d3,email,2025-11-16T02:14:42.271428Z,user939@payments-update.com,user1771@example.com,loanfast.info,Payroll issue: update your bank details: https://loanfast.info/?id=4b2d0653-8d3,docx,docx_4b2d0653-8d3.docx,True,https://loanfast.info/?id=4b2d0653-8d3,benign,0,0,low,low,b6617335795c
0bae9c63-2a6,document,2025-10-01T00:25:11.271458Z,fintrustltd@gov-id.org,records@gov.org,,Offer letter - Company: Global Uni - Candidate: Vikram Rao,pdf,pdf_0bae9c63-2a6.pdf,False,,fake_doc,1,0,medium,medium,8a60fd74c188
ee8c7313-dc8,social,2025-09-13T08:43:29.271486Z,Rahul Verma,public,,Watch this shocking reveal video (see attachment),jpg,jpg_ee8c7313-dc8.jpg,False,,benign,0,0,medium,medium,f2383959b39a
ff4bfb67-1bd,email,2025-11-13T06:06:04.271510Z,user346@parcel-track.net,user1124@example.com,trusted-health.org,Payroll issue: update your bank details: https://trusted-health.org/?id=ff4bfb67-1bd,jpg,jpg_ff4bfb67-1bd.jpg,True,https://trusted-health.org/?id=ff4bfb67-1bd,benign,0,0,low,low,617081f0297d
cdde595c-df7,email,2025-09-16T21:07:51.271538Z,user624@uni-scholar.org,user1160@example.com,docverify.net,Urgent: Your account will be suspended. Click https://docverify.net/?id=cdde595c-df7 to verify now.,jpg,jpg_cdde595c-df7.jpg,True,https://docverify.net/?id=cdde595c-df7,invoice_fraud,0,0,medium,medium,d5d1159c4721
04dfcedd-fa4,document,2025-10-20T02:00:30.271566Z,globaluni@docverify.net,records@hospital.org,,Offer letter - Company: Acme Corp - Candidate: Aisha Khan,pdf,pdf_04dfcedd-fa4.pdf,False,,legit_doc,0,0,low,low,b191f7410909
82a29274-34e,sms,2025-09-28T06:07:57.271595Z,+916076899152,+916444623210,payments-update.com,Your exam result updated. Login at http://payments-update.com/surveys?id=82a29274-34e,none,none,True,http://payments-update.com/surveys?id=82a29274-34e,benign,0,0,low,low,10b78ab5fa21
70798c8b-a69,sms,2025-09-18T03:45:52.271624Z,+916339820431,+917655711376,uni-scholar.org,Free voucher! Redeem at http://uni-scholar.org/surveys?id=70798c8b-a69,none,none,True,http://uni-scholar.org/surveys?id=70798c8b-a69,benign,0,0,medium,medium,f4e31794b3b7
05b80c47-586,email,2025-09-06T15:26:52.271651Z,user396@secure-bank.com,user1248@example.com,payments-update.com,Action required: Confirm your payment method at https://payments-update.com/?id=05b80c47-586. Invoice attached: invoice_05b80c47-586.pdf,pdf,pdf_05b80c47-586.pdf,True,https://payments-update.com/?id=05b80c47-586,benign,0,0,medium,medium,40694697bd2d
166625ac-469,social,2025-11-14T20:54:14.271681Z,Rahul Verma,public,,Watch this shocking reveal video (see attachment),none,none,False,,benign,0,0,critical,critical,49896f41c274
83b34ab9-a1c,sms,2025-11-14T17:41:14.271704Z,+917689815969,+919644451205,trusted-health.org,Your exam result updated. Login at http://trusted-health.org/surveys?id=83b34ab9-a1c,none,none,True,http://trusted-health.org/surveys?id=83b34ab9-a1c,benign,0,0,low,low,955bb068a48a
6a86e79c-6ff,sms,2025-11-04T00:06:03.271729Z,+918579541740,+917038421391,uni-scholar.org,Loan approved! Complete KYC at http://uni-scholar.org/surveys?id=6a86e79c-6ff,none,none,True,http://uni-scholar.org/surveys?id=6a86e79c-6ff,benign,0,0,medium,medium,b2d3d0615f35
3b170699-eae,social,2025-08-31T13:39:57.271760Z,Sana Ahmed,public,,Watch this shocking reveal video (see attachment),mp4,mp4_3b170699-eae.mp4,False,,benign,0,0,low,low,b4235eb2fcd1
71b8ef80-cd4,sms,2025-11-01T06:56:23.271787Z,+917695951712,+916297094346,trusted-health.org,Loan approved! Complete KYC at http://trusted-health.org/surveys?id=71b8ef80-cd4,none,none,True,http://trusted-health.org/surveys?id=71b8ef80-cd4,benign,0,0,low,low,b104ea525a1a
980d54b2-3a4,email,2025-09-05T09:39:27.271813Z,user829@uni-scholar.org,user1789@example.com,trusted-health.org,Security alert: New sign-in from unknown device. Reset here: https://trusted-health.org/?id=980d54b2-3a4,mp4,mp4_980d54b2-3a4.mp4,True,https://trusted-health.org/?id=980d54b2-3a4,scholarship_scam,0,0,low,low,3fd21aaab416
f75853df-3dd,email,2025-11-13T08:26:47.271842Z,user577@trusted-health.org,user1295@example.com,uni-scholar.org,"Security alert: New sign-in from unknown device. Reset here: https://uni-scholar.org/?id=f75853df-3dd Patient: Meera Patel, Acc: XXXX-XXXX-2948",png,png_f75853df-3dd.png,True,https://uni-scholar.org/?id=f75853df-3dd,job_scam,0,1,medium,medium,cd2f1001f898
0bcec359-fe8,sms,2025-08-27T12:26:53.271871Z,+918747080722,+918267097280,gov-id.org,Package delivery failed. Confirm at http://gov-id.org/surveys?id=0bcec359-fe8,none,none,True,http://gov-id.org/surveys?id=0bcec359-fe8,benign,0,0,low,low,43a8982c789a
eb09b76a-2d7,sms,2025-09-28T17:43:06.271897Z,+916724340609,+916426663098,uni-scholar.org,Loan approved! Complete KYC at http://uni-scholar.org/surveys?id=eb09b76a-2d7,none,none,True,http://uni-scholar.org/surveys?id=eb09b76a-2d7,scam_sms,0,0,high,high,42e4f98f5933
e645849d-d9f,document,2025-08-30T15:34:42.271922Z,globaluni@gov-id.org,records@gov.org,,Medical test report - Patient: Rahul Verma - Result: Pending - Ref e645849d-d9f,docx,docx_e645849d-d9f.docx,False,,fake_doc,1,0,medium,medium,3efabaeee014
9ccaea56-4d2,social,2025-09-30T19:52:10.271950Z,Sana Ahmed,public,,Watch this shocking reveal video (see attachment),none,none,False,,deepfake_media,1,0,high,high,55d712879af7
fd153264-0d5,sms,2025-10-16T08:44:21.271975Z,+916185915009,+918822409454,secure-bank.com,Loan approved! Complete KYC at http://secure-bank.com/surveys?id=fd153264-0d5,none,none,True,http://secure-bank.com/surveys?id=fd153264-0d5,benign,0,0,high,high,32ea4fa182e1
0ac10f51-a6a,document,2025-11-21T13:05:51.272001Z,globaluni@uni-scholar.org,records@hospital.org,,Government ID correction letter - Ref: 0ac10f51-a6a | DOB: 1989-08-11,docx,docx_0ac10f51-a6a.docx,False,,legit_doc,0,1,medium,medium,de581ca5035e
874d4fbf-b14,sms,2025-11-09T14:32:03.272029Z,+917890805951,+916807777080,payments-update.com,Loan approved! Complete KYC at http://payments-update.com/surveys?id=874d4fbf-b14,none,none,True,http://payments-update.com/surveys?id=874d4fbf-b14,benign,0,0,high,high,8da9a7ee2049
9c2c86b9-d6e,email,2025-08-27T17:46:52.272056Z,user714@parcel-track.net,user1481@example.com,loanfast.info,Urgent: Your account will be suspended. Click https://loanfast.info/?id=9c2c86b9-d6e to verify now.,none,none,True,https://loanfast.info/?id=9c2c86b9-d6e,benign,0,0,high,high,f668625a2a1c
073ea5d0-0c2,document,2025-08-29T03:11:32.272083Z,medilifehospital@docverify.net,records@company.com,,Government ID correction letter - Ref: 073ea5d0-0c2 | DOB: 1977-05-15,pdf,pdf_073ea5d0-0c2.pdf,False,,legit_doc,0,1,low,low,bc9f0e7d181e
faa0cce1-210,social,2025-09-15T02:42:03.272110Z,John Smith,public,,Watch this shocking reveal video (see attachment),none,none,False,,deepfake_media,1,0,high,high,43e88b70e6c3
ae55813b-c6a,sms,2025-09-14T12:59:09.272134Z,+918160676934,+918056240324,uni-scholar.org,Free voucher! Redeem at http://uni-scholar.org/surveys?id=ae55813b-c6a,none,none,True,http://uni-scholar.org/surveys?id=ae55813b-c6a,benign,0,0,low,low,6f90a6e774ec
1b0f9dcf-465,upload,2025-11-14T08:22:13.272159Z,Meera Patel,admin,,Uploaded media for review,mp4,mp4_1b0f9dcf-465.mp4,False,,deepfake_media,0,0,high,high,69cf8c23ddff
6b27c732-745,email,2025-10-18T20:12:25.272182Z,user328@trusted-health.org,user1171@example.com,loanfast.info,"Hello, please review attached report Patient: Aisha Khan, Acc: XXXX-XXXX-5111",pdf,pdf_6b27c732-745.pdf,False,,benign,0,1,low,low,1f3de8597815
efee8a5c-af0,social,2025-11-13T18:11:35.272208Z,John Smith,public,,Viral video: unbelievable transformation - shared by Aisha Khan,jpg,jpg_efee8a5c-af0.jpg,False,,benign,0,0,low,low,f75fe18f10df
3c210b54-021,email,2025-11-08T01:58:58.272231Z,user267@docverify.net,user1544@example.com,parcel-track.net,Scholarship awarded! Apply here: https://parcel-track.net/?id=3c210b54-021 — limited seats.,docx,docx_3c210b54-021.docx,True,https://parcel-track.net/?id=3c210b54-021,job_scam,0,0,medium,medium,38d2df250dff
0c3c5d11-653,sms,2025-11-19T19:15:33.272260Z,+918733346419,+916604188390,uni-scholar.org,Package delivery failed. Confirm at http://uni-scholar.org/surveys?id=0c3c5d11-653,none,none,True,http://uni-scholar.org/surveys?id=0c3c5d11-653,scam_sms,0,0,medium,medium,050e616c75ff
80313511-88f,sms,2025-09-19T03:21:17.272295Z,+918911884718,+917295562956,parcel-track.net,Loan approved! Complete KYC at http://parcel-track.net/surveys?id=80313511-88f,none,none,True,http://parcel-track.net/surveys?id=80313511-88f,benign,0,0,low,low,541ec6b24c8e
7530e2b2-37d,email,2025-11-04T14:36:17.272321Z,user976@uni-scholar.org,user1171@example.com,payments-update.com,Scholarship awarded! Apply here: https://payments-update.com/?id=7530e2b2-37d — limited seats.,mp4,mp4_7530e2b2-37d.mp4,True,https://payments-update.com/?id=7530e2b2-37d,job_scam,0,0,low,low,42795f2b8ee4
295b01f4-024,sms,2025-10-21T20:11:52.272350Z,+916969450064,+918082144136,parcel-track.net,Your exam result updated. Login at http://parcel-track.net/surveys?id=295b01f4-024,none,none,True,http://parcel-track.net/surveys?id=295b01f4-024,benign,0,0,low,low,b731872f921f
88d07929-dcf,social,2025-09-23T00:27:07.272375Z,Rahul Verma,public,,Viral video: unbelievable transformation - shared by Vikram Rao,jpg,jpg_88d07929-dcf.jpg,False,,deepfake_media,1,0,medium,medium,591c6fbe6023
798cb223-4e1,sms,2025-09-26T20:29:12.272399Z,+916227723640,+916039968949,payments-update.com,Loan approved! Complete KYC at http://payments-update.com/surveys?id=798cb223-4e1,none,none,True,http://payments-update.com/surveys?id=798cb223-4e1,benign,0,0,medium,medium,e943b60c87d7
10a0a622-fa9,social,2025-11-03T05:47:22.272424Z,Rahul Verma,public,,Watch this shocking reveal video (see attachment),none,none,False,,deepfake_media,1,0,high,high,febc346cb3de
1f2acd2b-da0,document,2025-09-27T13:33:47.272450Z,globaluni@docverify.net,records@gov.org,,Government ID correction letter - Ref: 1f2acd2b-da0,pdf,pdf_1f2acd2b-da0.pdf,False,,legit_doc,0,0,low,low,0c3f3e73c241
aab340a2-12c,email,2025-09-24T14:45:14.272477Z,user399@docverify.net,user1281@example.com,uni-scholar.org,"Hello, please review attached report",png,png_aab340a2-12c.png,False,,phishing,0,0,high,high,ee3dba0f576c
58b1d3c9-f8f,document,2025-11-19T01:25:41.272504Z,acmecorp@gov-id.org,records@hospital.org,,Medical test report - Patient: Vikram Rao - Result: Pending - Ref 58b1d3c9-f8f | DOB: 2000-02-15,pdf,pdf_58b1d3c9-f8f.pdf,False,,legit_doc,0,1,medium,medium,6597ec8c7b1b
f6555dfa-3d9,email,2025-10-12T00:00:12.272532Z,user179@uni-scholar.org,user1170@example.com,parcel-track.net,Action required: Confirm your payment method at https://parcel-track.net/?id=f6555dfa-3d9. Invoice attached: invoice_f6555dfa-3d9.pdf,pdf,pdf_f6555dfa-3d9.pdf,True,https://parcel-track.net/?id=f6555dfa-3d9,phishing,0,0,medium,medium,6eb992de5f73
b2779556-783,email,2025-09-22T17:26:23.272561Z,user470@loanfast.info,user1156@example.com,loanfast.info,Payroll issue: update your bank details: https://loanfast.info/?id=b2779556-783,none,none,True,https://loanfast.info/?id=b2779556-783,benign,0,0,medium,medium,0d518a0c30f4
9eb8089b-bdc,social,2025-10-26T23:03:44.272587Z,John Smith,public,,Interview leaked - audio attached,none,none,False,,benign,0,0,low,low,707743f9bcfc
aad30acd-8eb,email,2025-09-13T19:27:25.272610Z,user888@secure-bank.com,user1008@example.com,loanfast.info,Urgent: Your account will be suspended. Click https://loanfast.info/?id=aad30acd-8eb to verify now.,png,png_aad30acd-8eb.png,True,https://loanfast.info/?id=aad30acd-8eb,invoice_fraud,0,0,critical,critical,ed9452096420
ebec768f-a25,email,2025-10-30T15:31:13.272638Z,user615@secure-bank.com,user1840@example.com,payments-update.com,Urgent: Your account will be suspended. Click https://payments-update.com/?id=ebec768f-a25 to verify now.,docx,docx_ebec768f-a25.docx,True,https://payments-update.com/?id=ebec768f-a25,benign,0,0,low,low,37bbc58ae3a6
f97b7285-cc0,upload,2025-11-15T11:15:16.272664Z,Rahul Verma,admin,,Uploaded media for review,png,png_f97b7285-cc0.png,False,,deepfake_media,0,0,low,low,9dcca4becf70
ba93510c-65a,sms,2025-08-25T03:07:02.272686Z,+918492954519,+918734537836,payments-update.com,Your exam result updated. Login at http://payments-update.com/surveys?id=ba93510c-65a,none,none,True,http://payments-update.com/surveys?id=ba93510c-65a,benign,0,0,high,high,e17bc1b9c3c1
cf4e9885-470,social,2025-09-09T07:02:02.272714Z,John Smith,public,,Viral video: unbelievable transformation - shared by Meera Patel,none,none,False,,benign,0,0,high,high,40b819b893c9
ba40d6a5-448,email,2025-09-30T03:42:14.272740Z,user301@gov-id.org,user1133@example.com,parcel-track.net,Action required: Confirm your payment method at https://parcel-track.net/?id=ba40d6a5-448. Invoice attached: invoice_ba40d6a5-448.pdf,pdf,pdf_ba40d6a5-448.pdf,True,https://parcel-track.net/?id=ba40d6a5-448,phishing,0,0,medium,medium,ece007dd7bc7
57b2cfa8-e97,sms,2025-11-06T22:58:25.272798Z,+916092581654,+916842952560,trusted-health.org,Your exam result updated. Login at http://trusted-health.org/surveys?id=57b2cfa8-e97,none,none,True,http://trusted-health.org/surveys?id=57b2cfa8-e97,scam_sms,0,0,medium,medium,77e0e22605af
c023b433-f93,email,2025-10-06T12:40:42.272826Z,user172@docverify.net,user1412@example.com,docverify.net,Security alert: New sign-in from unknown device. Reset here: https://docverify.net/?id=c023b433-f93,docx,docx_c023b433-f93.docx,True,https://docverify.net/?id=c023b433-f93,benign,0,0,medium,medium,e9b851b3dda1
5eaf3878-87a,upload,2025-11-11T01:34:49.272854Z,Aisha Khan,admin,,Uploaded media for review,png,png_5eaf3878-87a.png,False,,deepfake_media,0,0,high,high,b58b39a99967
24d00884-bf8,document,2025-10-05T23:13:54.272876Z,globaluni@docverify.net,records@gov.org,,Hospital discharge summary - Patient: Vikram Rao - MRN: 24d00884-bf8,docx,docx_24d00884-bf8.docx,False,,legit_doc,0,0,low,low,b25e84cb571a
dfedc181-a38,social,2025-10-03T06:18:55.272905Z,Meera Patel,public,,Viral video: unbelievable transformation - shared by Meera Patel,none,none,False,,benign,0,0,high,high,3992c15ff516
f06c668f-7aa,social,2025-10-19T19:12:15.272931Z,Aisha Khan,public,,Watch this shocking reveal video (see attachment),mp4,mp4_f06c668f-7aa.mp4,False,,deepfake_media,1,0,medium,medium,4bbcd8cd22f2
70ab2f6c-f14,document,2025-09-01T13:54:56.272955Z,fintrustltd@trusted-health.org,records@company.com,,Certified true copy - see attached | DOB: 1980-07-25,docx,docx_70ab2f6c-f14.docx,False,,legit_doc,0,1,low,low,903de344691f
aa1329aa-8c4,email,2025-10-06T11:56:14.272982Z,user790@secure-bank.com,user1107@example.com,payments-update.com,Action required: Confirm your payment method at https://payments-update.com/?id=aa1329aa-8c4. Invoice attached: invoice_aa1329aa-8c4.pdf,pdf,pdf_aa1329aa-8c4.pdf,True,https://payments-update.com/?id=aa1329aa-8c4,phishing,0,0,high,high,319d25ecc4d5
62365eab-31b,sms,2025-11-19T12:08:07.273011Z,+917658208953,+919404663409,loanfast.info,Loan approved! Complete KYC at http://loanfast.info/surveys?id=62365eab-31b,none,none,True,http://loanfast.info/surveys?id=62365eab-31b,benign,0,0,low,low,4f647bd2970b
9b5e639d-947,email,2025-08-27T11:52:48.273036Z,user426@gov-id.org,user1816@example.com,secure-bank.com,"Payroll issue: update your bank details: https://secure-bank.com/?id=9b5e639d-947 Patient: Rahul Verma, Acc: XXXX-XXXX-7726",jpg,jpg_9b5e639d-947.jpg,True,https://secure-bank.com/?id=9b5e639d-947,benign,0,1,critical,critical,deef01b73d29
03094425-5e3,email,2025-08-24T11:47:25.273065Z,user293@payments-update.com,user1332@example.com,payments-update.com,Payroll issue: update your bank details: https://payments-update.com/?id=03094425-5e3,mp4,mp4_03094425-5e3.mp4,True,https://payments-update.com/?id=03094425-5e3,invoice_fraud,0,0,medium,medium,2f2f27678600
b4e79fce-765,document,2025-09-16T12:53:39.273093Z,acmecorp@gov-id.org,records@gov.org,,Certified true copy - see attached,docx,docx_b4e79fce-765.docx,False,,legit_doc,0,0,medium,medium,2066dde206ca
a5311e15-f69,social,2025-09-24T01:56:00.273117Z,Rahul Verma,public,,Viral video: unbelievable transformation - shared by John Smith,mp4,mp4_a5311e15-f69.mp4,False,,benign,0,0,medium,medium,f9293b8fc6e1
a894a7e6-f27,email,2025-11-04T09:59:39.273141Z,user858@gov-id.org,user1623@example.com,payments-update.com,"Scholarship awarded! Apply here: https://payments-update.com/?id=a894a7e6-f27 — limited seats. Patient: John Smith, Acc: XXXX-XXXX-5638",png,png_a894a7e6-f27.png,True,https://payments-update.com/?id=a894a7e6-f27,benign,0,1,low,low,3e5162e136cf
8bdfe728-456,document,2025-09-19T02:36:36.273182Z,globaluni@parcel-track.net,records@hospital.org,,Hospital discharge summary - Patient: John Smith - MRN: 8bdfe728-456,docx,docx_8bdfe728-456.docx,False,,legit_doc,0,0,high,high,a196e140e396
0c678cc2-194,social,2025-10-13T14:59:25.273209Z,Sana Ahmed,public,,Interview leaked - audio attached,mp4,mp4_0c678cc2-194.mp4,False,,benign,0,0,low,low,faeab117cc3e
2a5a3f8a-610,document,2025-11-06T03:58:57.273232Z,acmecorp@parcel-track.net,records@company.com,,Hospital discharge summary - Patient: John Smith - MRN: 2a5a3f8a-610,docx,docx_2a5a3f8a-610.docx,False,,fake_doc,1,0,medium,medium,cbbafd2568f1
43afe741-c7c,document,2025-11-16T01:07:55.273260Z,fintrustltd@parcel-track.net,records@gov.org,,Offer letter - Company: MediLife Hospital - Candidate: Sana Ahmed | DOB: 1975-07-14,docx,docx_43afe741-c7c.docx,False,,fake_doc,1,1,medium,medium,b91c83cd7c12
d56e628c-af4,upload,2025-09-12T06:13:27.273289Z,Sana Ahmed,admin,,Uploaded media for review,png,png_d56e628c-af4.png,False,,benign,0,0,low,low,046bf76ce045
88dd7b83-992,social,2025-10-16T09:12:44.273311Z,Rahul Verma,public,,Watch this shocking reveal video (see attachment),mp4,mp4_88dd7b83-992.mp4,False,,benign,0,0,medium,medium,89ae989259ce
9f78a5e6-691,document,2025-10-31T21:39:54.273334Z,jobhubpvtltd@parcel-track.net,records@hospital.org,,Certified true copy - see attached,pdf,pdf_9f78a5e6-691.pdf,False,,legit_doc,0,0,low,low,d2368f820c5a
f9e3ebe3-da9,email,2025-10-17T11:56:05.273358Z,user620@payments-update.com,user1347@example.com,loanfast.info,"Hello, please review attached report",none,none,False,,benign,0,0,low,low,a60ac4a0caff
3f68f804-794,email,2025-08-30T21:06:59.273383Z,user576@trusted-health.org,user1991@example.com,uni-scholar.org,"Urgent: Your account will be suspended. Click https://uni-scholar.org/?id=3f68f804-794 to verify now. Patient: Vikram Rao, Acc: XXXX-XXXX-3981",pdf,pdf_3f68f804-794.pdf,True,https://uni-scholar.org/?id=3f68f804-794,benign,0,1,low,low,541be9207b73
3fc59def-788,sms,2025-10-26T13:55:36.273411Z,+917427445225,+918256452546,parcel-track.net,Free voucher! Redeem at http://parcel-track.net/surveys?id=3fc59def-788,none,none,True,http://parcel-track.net/surveys?id=3fc59def-788,loan_scam,0,0,critical,critical,fdfb8d16dc0f
e74e8675-6c2,sms,2025-09-25T21:33:49.273436Z,+917211926711,+919454717259,parcel-track.net,Free voucher! Redeem at http://parcel-track.net/surveys?id=e74e8675-6c2,none,none,True,http://parcel-track.net/surveys?id=e74e8675-6c2,scam_sms,0,0,low,low,08939b34f3a2
3410bf3a-e2b,email,2025-09-21T06:34:22.273461Z,user322@docverify.net,user1145@example.com,uni-scholar.org,"Hello, please review attached report",jpg,jpg_3410bf3a-e2b.jpg,False,,benign,0,0,low,low,b19195443138
5322c6b9-bde,document,2025-09-08T10:04:05.273486Z,acmecorp@gov-id.org,records@gov.org,,Offer letter - Company: FinTrust Ltd - Candidate: Vikram Rao | DOB: 1981-09-26,docx,docx_5322c6b9-bde.docx,False,,legit_doc,0,1,medium,medium,35386fbb9203
524cb195-43c,social,2025-11-07T22:11:09.273517Z,Meera Patel,public,,Watch this shocking reveal video (see attachment),mp4,mp4_524cb195-43c.mp4,False,,benign,0,0,medium,medium,568dc7d8ac11
d6461b36-4de,email,2025-09-09T23:24:42.273542Z,user303@parcel-track.net,user1229@example.com,uni-scholar.org,"Hello, please review attached report",pdf,pdf_d6461b36-4de.pdf,False,,benign,0,0,low,low,9018b94cefb0
24caa8c5-e7b,social,2025-10-18T17:36:01.273567Z,Rahul Verma,public,,Viral video: unbelievable transformation - shared by Aisha Khan,jpg,jpg_24caa8c5-e7b.jpg,False,,benign,0,0,low,low,3bbf8fad9a91
b877f64a-2c4,email,2025-09-30T09:42:10.273591Z,user347@parcel-track.net,user1071@example.com,gov-id.org,Urgent: Your account will be suspended. Click https://gov-id.org/?id=b877f64a-2c4 to verify now.,mp4,mp4_b877f64a-2c4.mp4,True,https://gov-id.org/?id=b877f64a-2c4,benign,0,0,low,low,2dcaa18f053d
559ad3f3-3df,email,2025-10-16T13:27:38.273618Z,user821@gov-id.org,user1229@example.com,docverify.net,Payroll issue: update your bank details: https://docverify.net/?id=559ad3f3-3df,mp4,mp4_559ad3f3-3df.mp4,True,https://docverify.net/?id=559ad3f3-3df,scholarship_scam,0,0,low,low,31fd7310129c
adefddf3-bea,sms,2025-10-22T01:36:52.273643Z,+918820963915,+919140981972,payments-update.com,Your OTP is 123456 - never share it,none,none,False,,scam_sms,0,0,low,low,70a744c90917
ce47f8ce-981,email,2025-08-25T07:42:30.273668Z,user535@loanfast.info,user1271@example.com,trusted-health.org,Scholarship awarded! Apply here: https://trusted-health.org/?id=ce47f8ce-981 — limited seats.,pdf,pdf_ce47f8ce-981.pdf,True,https://trusted-health.org/?id=ce47f8ce-981,phishing,0,0,high,high,1bec687448cf
2d353306-1aa,document,2025-10-21T09:43:08.273696Z,globaluni@loanfast.info,records@gov.org,,Medical test report - Patient: Sana Ahmed - Result: Pending - Ref 2d353306-1aa | DOB: 2008-06-22,pdf,pdf_2d353306-1aa.pdf,False,,legit_doc,0,1,low,low,26bcb25471fa
12e6f25a-80c,email,2025-11-15T18:00:12.273725Z,user155@uni-scholar.org,user1143@example.com,gov-id.org,Security alert: New sign-in from unknown device. Reset here: https://gov-id.org/?id=12e6f25a-80c,jpg,jpg_12e6f25a-80c.jpg,True,https://gov-id.org/?id=12e6f25a-80c,benign,0,0,medium,medium,9297b964e10f
efb420e9-dd2,social,2025-11-08T09:16:06.273751Z,John Smith,public,,Watch this shocking reveal video (see attachment),jpg,jpg_efb420e9-dd2.jpg,False,,benign,0,0,low,low,fffb3f6690a0
ed4d2d5a-1a6,social,2025-10-29T13:42:58.273797Z,Rahul Verma,public,,Viral video: unbelievable transformation - shared by Meera Patel,none,none,False,,benign,0,0,low,low,3f9983fdc4f8
bc17d3e1-4f7,email,2025-11-21T02:41:26.273836Z,user104@loanfast.info,user1225@example.com,gov-id.org,"Hello, please review attached report",mp4,mp4_bc17d3e1-4f7.mp4,False,,benign,0,0,high,high,157eb2c88aa7
48c6f4a5-fa5,upload,2025-09-02T01:45:00.273875Z,Vikram Rao,admin,,Uploaded media for review,mp4,mp4_48c6f4a5-fa5.mp4,False,,benign,0,0,low,low,0fd2c0a1f279
cc3f08b2-e03,sms,2025-11-17T15:38:54.273906Z,+916798882044,+918246109829,uni-scholar.org,Package delivery failed. Confirm at http://uni-scholar.org/surveys?id=cc3f08b2-e03,none,none,True,http://uni-scholar.org/surveys?id=cc3f08b2-e03,benign,0,0,medium,medium,273ffb4bfa5a
7348dfee-876,sms,2025-11-05T02:10:47.273945Z,+916939180032,+919076534143,loanfast.info,Package delivery failed. Confirm at http://loanfast.info/surveys?id=7348dfee-876,none,none,True,http://loanfast.info/surveys?id=7348dfee-876,scam_sms,0,0,medium,medium,c6d4559ce967
aee53680-58c,document,2025-10-13T16:03:28.273982Z,fintrustltd@docverify.net,records@company.com,,Hospital discharge summary - Patient: John Smith - MRN: aee53680-58c,docx,docx_aee53680-58c.docx,False,,fake_doc,1,0,medium,medium,77abb40a9a7b
a8a1828a-c36,email,2025-11-08T06:09:29.274022Z,user736@trusted-health.org,user1136@example.com,loanfast.info,Scholarship awarded! Apply here: https://loanfast.info/?id=a8a1828a-c36 — limited seats.,png,png_a8a1828a-c36.png,True,https://loanfast.info/?id=a8a1828a-c36,benign,0,0,low,low,acb78ce88a6d
0904b596-24d,email,2025-10-21T11:46:04.274065Z,user606@gov-id.org,user1886@example.com,payments-update.com,"Hello, please review attached report",jpg,jpg_0904b596-24d.jpg,False,,benign,0,0,critical,critical,5b76c7d9f848
1525efa9-767,social,2025-11-11T04:10:04.274106Z,Meera Patel,public,,Watch this shocking reveal video (see attachment),jpg,jpg_1525efa9-767.jpg,False,,benign,0,0,critical,critical,2ca2656d8797
44535f94-e68,sms,2025-10-14T04:50:01.274142Z,+919591027157,+917892907150,loanfast.info,Free voucher! Redeem at http://loanfast.info/surveys?id=44535f94-e68,none,none,True,http://loanfast.info/surveys?id=44535f94-e68,scam_sms,0,0,high,high,2398002f7614
c98787cd-0b5,email,2025-10-13T05:16:16.274181Z,user761@gov-id.org,user1453@example.com,loanfast.info,Action required: Confirm your payment method at https://loanfast.info/?id=c98787cd-0b5. Invoice attached: invoice_c98787cd-0b5.pdf,pdf,pdf_c98787cd-0b5.pdf,True,https://loanfast.info/?id=c98787cd-0b5,job_scam,0,0,medium,medium,e064b486dbed
8c6777f1-bf2,social,2025-11-07T12:19:31.274221Z,John Smith,public,,Interview leaked - audio attached,mp4,mp4_8c6777f1-bf2.mp4,False,,benign,0,0,low,low,d49b3b68c8c8
3ffa052d-5c9,sms,2025-09-28T10:22:00.274274Z,+916546095706,+918534361860,docverify.net,Your OTP is 123456 - never share it,none,none,False,,benign,0,0,medium,medium,074f5e5016f0
eec42db5-2a1,email,2025-09-11T12:07:40.274313Z,user310@gov-id.org,user1796@example.com,docverify.net,"Payroll issue: update your bank details: https://docverify.net/?id=eec42db5-2a1 Patient: John Smith, Acc: XXXX-XXXX-9963",pdf,pdf_eec42db5-2a1.pdf,True,https://docverify.net/?id=eec42db5-2a1,job_scam,0,1,medium,medium,ea1bee34d2a8
f662e72d-94d,sms,2025-11-19T00:58:20.274355Z,+916884433681,+919192410118,trusted-health.org,Your exam result updated. Login at http://trusted-health.org/surveys?id=f662e72d-94d,none,none,True,http://trusted-health.org/surveys?id=f662e72d-94d,benign,0,0,low,low,a52c6c713683
5cf65be4-948,social,2025-10-08T13:24:06.274394Z,John Smith,public,,Viral video: unbelievable transformation - shared by Meera Patel,mp4,mp4_5cf65be4-948.mp4,False,,benign,0,0,low,low,a4fc9d91f572
eaa20a94-009,sms,2025-10-25T15:19:24.274428Z,+919793540112,+918428572440,parcel-track.net,Package delivery failed. Confirm at http://parcel-track.net/surveys?id=eaa20a94-009,none,none,True,http://parcel-track.net/surveys?id=eaa20a94-009,scam_sms,0,0,low,low,a6c37ed1552d
1f817273-2b5,email,2025-11-08T22:48:51.274467Z,user563@parcel-track.net,user1444@example.com,parcel-track.net,"Payroll issue: update your bank details: https://parcel-track.net/?id=1f817273-2b5 Patient: Rahul Verma, Acc: XXXX-XXXX-9481",none,none,True,https://parcel-track.net/?id=1f817273-2b5,benign,0,1,low,low,4b5378307480
68474b43-2ec,document,2025-10-15T00:34:24.274509Z,acmecorp@secure-bank.com,records@company.com,,Hospital discharge summary - Patient: John Smith - MRN: 68474b43-2ec,docx,docx_68474b43-2ec.docx,False,,legit_doc,0,0,low,low,2d6ffe27cec2
1dfa4d83-6fb,social,2025-09-18T11:47:37.274546Z,John Smith,public,,Watch this shocking reveal video (see attachment),none,none,False,,benign,0,0,medium,medium,c5a7c2f639be
7ee87433-e89,email,2025-10-22T05:59:00.274580Z,user931@parcel-track.net,user1032@example.com,docverify.net,Action required: Confirm your payment method at https://docverify.net/?id=7ee87433-e89. Invoice attached: invoice_7ee87433-e89.pdf,pdf,pdf_7ee87433-e89.pdf,True,https://docverify.net/?id=7ee87433-e89,benign,0,0,low,low,851d41bbb76b
e096a742-0fa,email,2025-11-15T18:36:18.274625Z,user766@payments-update.com,user1317@example.com,gov-id.org,Urgent: Your account will be suspended. Click https://gov-id.org/?id=e096a742-0fa to verify now.,png,png_e096a742-0fa.png,True,https://gov-id.org/?id=e096a742-0fa,benign,0,0,low,low,df08c4914e00
e8a9f0d5-602,social,2025-10-28T17:28:25.274665Z,Sana Ahmed,public,,Interview leaked - audio attached,none,none,False,,harassment,0,0,low,low,0b8a68b29e80
14f89457-0b8,sms,2025-08-25T01:36:51.274699Z,+918573542121,+917885352520,gov-id.org,Your exam result updated. Login at http://gov-id.org/surveys?id=14f89457-0b8,none,none,True,http://gov-id.org/surveys?id=14f89457-0b8,benign,0,0,critical,critical,c0eef41317e2
ee9bbe18-7ac,document,2025-11-07T18:24:36.274737Z,jobhubpvtltd@secure-bank.com,records@hospital.org,,Certified true copy - see attached | DOB: 1975-09-21,pdf,pdf_ee9bbe18-7ac.pdf,False,,legit_doc,0,1,low,low,57eae0356c31
054ccc97-3c5,email,2025-09-30T06:32:23.274792Z,user943@secure-bank.com,user1982@example.com,loanfast.info,"Hello, please review attached report",png,png_054ccc97-3c5.png,False,,job_scam,0,0,medium,medium,a286848d5ae2
97d68246-975,upload,2025-09-05T14:15:08.274832Z,Aisha Khan,admin,,Uploaded media for review,jpg,jpg_97d68246-975.jpg,False,,benign,0,0,critical,critical,6d047ca0bcbe
34ae1cae-0c0,document,2025-10-18T11:12:57.274868Z,globaluni@payments-update.com,records@company.com,,Certified true copy - see attached,pdf,pdf_34ae1cae-0c0.pdf,False,,legit_doc,0,0,high,high,a19e710025ef
bc54558e-35d,email,2025-09-28T06:19:31.274905Z,user906@secure-bank.com,user1393@example.com,payments-update.com,Scholarship awarded! Apply here: https://payments-update.com/?id=bc54558e-35d — limited seats.,none,none,True,https://payments-update.com/?id=bc54558e-35d,invoice_fraud,0,0,high,high,ce91b699ade5
d4abfd8f-cde,document,2025-11-06T18:43:27.274950Z,fintrustltd@loanfast.info,records@gov.org,,Hospital discharge summary - Patient: Sana Ahmed - MRN: d4abfd8f-cde,docx,docx_d4abfd8f-cde.docx,False,,legit_doc,0,0,low,low,a1d1926fe282
4c54b7d5-281,document,2025-09-18T17:03:16.274989Z,medilifehospital@trusted-health.org,records@company.com,,Hospital discharge summary - Patient: Rahul Verma - MRN: 4c54b7d5-281 | DOB: 1973-09-28,pdf,pdf_4c54b7d5-281.pdf,False,,legit_doc,0,1,low,low,afe21c35738c
f47ee13d-622,document,2025-11-19T01:49:05.275031Z,fintrustltd@docverify.net,records@hospital.org,,Hospital discharge summary - Patient: Vikram Rao - MRN: f47ee13d-622,pdf,pdf_f47ee13d-622.pdf,False,,legit_doc,0,0,low,low,d7f4a3e0d65c
f8c2bd35-f9e,upload,2025-11-09T12:01:04.275068Z,Rahul Verma,admin,,Uploaded media for review,jpg,jpg_f8c2bd35-f9e.jpg,False,,benign,0,0,medium,medium,2ca70e9788e1
5abb1e77-5e4,email,2025-10-11T05:51:35.275099Z,user483@gov-id.org,user1340@example.com,trusted-health.org,Scholarship awarded! Apply here: https://trusted-health.org/?id=5abb1e77-5e4 — limited seats.,mp4,mp4_5abb1e77-5e4.mp4,True,https://trusted-health.org/?id=5abb1e77-5e4,benign,0,0,medium,medium,f5f4965b7de2
0462d43d-f4e,email,2025-09-20T22:21:28.275141Z,user443@secure-bank.com,user1829@example.com,loanfast.info,Scholarship awarded! Apply here: https://loanfast.info/?id=0462d43d-f4e — limited seats.,none,none,True,https://loanfast.info/?id=0462d43d-f4e,phishing,0,0,high,high,6cb55ba41bcc
c5f0e467-937,document,2025-10-04T06:53:39.275183Z,jobhubpvtltd@docverify.net,records@company.com,,Hospital discharge summary - Patient: Sana Ahmed - MRN: c5f0e467-937,docx,docx_c5f0e467-937.docx,False,,legit_doc,0,0,medium,medium,4ab3683094e7
957298b0-cda,email,2025-09-27T21:58:02.275221Z,user676@payments-update.com,user1182@example.com,parcel-track.net,Action required: Confirm your payment method at https://parcel-track.net/?id=957298b0-cda. Invoice attached: invoice_957298b0-cda.pdf,pdf,pdf_957298b0-cda.pdf,True,https://parcel-track.net/?id=957298b0-cda,benign,0,0,low,low,d1c1a4ac5b37
f0b799bf-dd4,email,2025-10-31T08:41:05.275261Z,user344@gov-id.org,user1478@example.com,docverify.net,Urgent: Your account will be suspended. Click https://docverify.net/?id=f0b799bf-dd4 to verify now.,png,png_f0b799bf-dd4.png,True,https://docverify.net/?id=f0b799bf-dd4,scholarship_scam,0,0,medium,medium,149df89fdf6d
77871015-25b,document,2025-11-21T05:22:19.275300Z,globaluni@docverify.net,records@gov.org,,Certified true copy - see attached,docx,docx_77871015-25b.docx,False,,fake_doc,1,0,medium,medium,a488acdcd4dc
93044095-255,document,2025-11-17T11:46:39.275338Z,fintrustltd@docverify.net,records@hospital.org,,Medical test report - Patient: John Smith - Result: Pending - Ref 93044095-255 | DOB: 2001-02-25,pdf,pdf_93044095-255.pdf,False,,fake_doc,0,1,medium,medium,f5bac368daad
d78e9325-6a6,document,2025-09-29T10:22:48.275381Z,acmecorp@docverify.net,records@hospital.org,,Hospital discharge summary - Patient: Aisha Khan - MRN: d78e9325-6a6,pdf,pdf_d78e9325-6a6.pdf,False,,legit_doc,0,0,high,high,c350585d6038
9cbeac09-ebe,upload,2025-10-02T13:56:56.275417Z,Meera Patel,admin,,Uploaded media for review,jpg,jpg_9cbeac09-ebe.jpg,False,,deepfake_media,1,0,medium,medium,4ae29eec59cb
a18fb201-2a3,document,2025-09-06T09:09:30.275449Z,fintrustltd@payments-update.com,records@gov.org,,Medical test report - Patient: Vikram Rao - Result: Pending - Ref a18fb201-2a3 | DOB: 2000-06-12,pdf,pdf_a18fb201-2a3.pdf,False,,legit_doc,0,1,medium,medium,a101bda452f2
b53234b0-d57,document,2025-10-27T14:09:57.275488Z,jobhubpvtltd@parcel-track.net,records@company.com,,Medical test report - Patient: Aisha Khan - Result: Pending - Ref b53234b0-d57 | DOB: 2006-09-19,docx,docx_b53234b0-d57.docx,False,,legit_doc,0,1,medium,medium,0a531baab6b7
8ae1d800-641,email,2025-08-25T17:31:48.275529Z,user230@payments-update.com,user1057@example.com,gov-id.org,"Urgent: Your account will be suspended. Click https://gov-id.org/?id=8ae1d800-641 to verify now. Patient: Rahul Verma, Acc: XXXX-XXXX-7510",mp4,mp4_8ae1d800-641.mp4,True,https://gov-id.org/?id=8ae1d800-641,job_scam,0,1,medium,medium,03898654498f
c8804ce6-2bd,upload,2025-09-24T18:55:02.275648Z,Vikram Rao,admin,,Uploaded media for review,jpg,jpg_c8804ce6-2bd.jpg,False,,benign,0,0,high,high,f34b50548f2b
6aaa7b97-ca9,document,2025-09-12T11:17:41.275675Z,fintrustltd@docverify.net,records@hospital.org,,Offer letter - Company: MediLife Hospital - Candidate: Rahul Verma | DOB: 2004-05-17,pdf,pdf_6aaa7b97-ca9.pdf,False,,fake_doc,1,1,high,high,6a05a7f4635a
c46d64d0-a0a,email,2025-09-28T02:27:13.275705Z,user154@trusted-health.org,user1381@example.com,secure-bank.com,Scholarship awarded! Apply here: https://secure-bank.com/?id=c46d64d0-a0a — limited seats.,mp4,mp4_c46d64d0-a0a.mp4,True,https://secure-bank.com/?id=c46d64d0-a0a,benign,0,0,low,low,23c25fd05945
e4a1d4df-d74,social,2025-10-09T17:33:35.275737Z,John Smith,public,,Interview leaked - audio attached,mp4,mp4_e4a1d4df-d74.mp4,False,,harassment,0,0,low,low,71ed2712cf88
3348054b-fe3,sms,2025-09-03T22:51:36.275772Z,+917906158373,+916539373275,parcel-track.net,Your OTP is 123456 - never share it,none,none,False,,benign,0,0,low,low,20e2f194dc58
bdc0b283-032,email,2025-10-08T03:10:19.275800Z,user751@gov-id.org,user1889@example.com,trusted-health.org,Urgent: Your account will be suspended. Click https://trusted-health.org/?id=bdc0b283-032 to verify now.,png,png_bdc0b283-032.png,True,https://trusted-health.org/?id=bdc0b283-032,benign,0,0,medium,medium,0a3a1b8d9d31
51e376db-77e,social,2025-11-05T15:38:46.275828Z,Aisha Khan,public,,Viral video: unbelievable transformation - shared by Sana Ahmed,jpg,jpg_51e376db-77e.jpg,False,,benign,0,0,low,low,2b2f1fba7c08
74ebe41c-65f,social,2025-08-28T03:21:48.275853Z,Vikram Rao,public,,Interview leaked - audio attached,mp4,mp4_74ebe41c-65f.mp4,False,,harassment,0,0,low,low,435643f4dde4
f8ab8f07-cbc,email,2025-08-30T04:04:14.275875Z,user557@payments-update.com,user1457@example.com,secure-bank.com,"Payroll issue: update your bank details: https://secure-bank.com/?id=f8ab8f07-cbc Patient: Sana Ahmed, Acc: XXXX-XXXX-7928",pdf,pdf_f8ab8f07-cbc.pdf,True,https://secure-bank.com/?id=f8ab8f07-cbc,phishing,0,1,medium,medium,219285bb3dd3
8021adaa-b99,email,2025-10-07T05:15:00.275905Z,user998@docverify.net,user1005@example.com,loanfast.info,"Hello, please review attached report",mp4,mp4_8021adaa-b99.mp4,False,,phishing,0,0,medium,medium,9c45b1ff7c0f
ccb180d7-c70,sms,2025-10-17T04:51:45.275932Z,+916851312170,+917022292254,uni-scholar.org,Your exam result updated. Login at http://uni-scholar.org/surveys?id=ccb180d7-c70,none,none,True,http://uni-scholar.org/surveys?id=ccb180d7-c70,scam_sms,0,0,low,low,6d99f4c49e06
51f0d955-f05,sms,2025-11-01T21:56:20.275958Z,+916681697698,+919479144817,parcel-track.net,Package delivery failed. Confirm at http://parcel-track.net/surveys?id=51f0d955-f05,none,none,True,http://parcel-track.net/surveys?id=51f0d955-f05,benign,0,0,low,low,7e307cb8d691
a18c93aa-21c,sms,2025-11-18T18:07:24.275983Z,+919210649849,+917041251232,loanfast.info,Loan approved! Complete KYC at http://loanfast.info/surveys?id=a18c93aa-21c,none,none,True,http://loanfast.info/surveys?id=a18c93aa-21c,benign,0,0,low,low,940c146e34ad
c7bce418-109,social,2025-10-17T06:35:10.276008Z,John Smith,public,,Interview leaked - audio attached,mp4,mp4_c7bce418-109.mp4,False,,benign,0,0,medium,medium,17d50499676c
a806cd2b-384,document,2025-09-17T09:52:47.276032Z,jobhubpvtltd@payments-update.com,records@hospital.org,,Certified true copy - see attached | DOB: 1970-04-24,pdf,pdf_a806cd2b-384.pdf,False,,legit_doc,0,1,medium,medium,0688dcbbbc41
0dbf5854-32e,email,2025-11-15T05:34:35.276058Z,user657@secure-bank.com,user1426@example.com,secure-bank.com,Security alert: New sign-in from unknown device. Reset here: https://secure-bank.com/?id=0dbf5854-32e,png,png_0dbf5854-32e.png,True,https://secure-bank.com/?id=0dbf5854-32e,invoice_fraud,0,0,medium,medium,26bb776b8db4
83d9cd32-954,sms,2025-11-07T23:32:50.276086Z,+916608602706,+917321953545,trusted-health.org,Loan approved! Complete KYC at http://trusted-health.org/surveys?id=83d9cd32-954,none,none,True,http://trusted-health.org/surveys?id=83d9cd32-954,benign,0,0,medium,medium,72e2a1def5e1
fd8a31ea-ab5,email,2025-09-13T03:29:37.276112Z,user390@trusted-health.org,user1559@example.com,docverify.net,Scholarship awarded! Apply here: https://docverify.net/?id=fd8a31ea-ab5 — limited seats.,mp4,mp4_fd8a31ea-ab5.mp4,True,https://docverify.net/?id=fd8a31ea-ab5,benign,0,0,low,low,3071cf72b5f4
d92b6469-e9c,email,2025-08-29T10:47:22.276142Z,user425@loanfast.info,user1230@example.com,payments-update.com,Payroll issue: update your bank details: https://payments-update.com/?id=d92b6469-e9c,png,png_d92b6469-e9c.png,True,https://payments-update.com/?id=d92b6469-e9c,benign,0,0,critical,critical,f5add7bfebad
e919069e-8a8,sms,2025-09-17T13:18:41.276172Z,+917765970552,+919455676306,payments-update.com,Free voucher! Redeem at http://payments-update.com/surveys?id=e919069e-8a8,none,none,True,http://payments-update.com/surveys?id=e919069e-8a8,benign,0,0,medium,medium,ff23f6d7c1e9
5f3d4afc-e1d,email,2025-10-07T11:22:00.276200Z,user708@secure-bank.com,user1046@example.com,loanfast.info,Security alert: New sign-in from unknown device. Reset here: https://loanfast.info/?id=5f3d4afc-e1d,png,png_5f3d4afc-e1d.png,True,https://loanfast.info/?id=5f3d4afc-e1d,benign,0,0,low,low,768132eff0c3
da3bab79-9c6,sms,2025-11-08T13:23:22.276227Z,+916185362545,+917131542560,payments-update.com,Your exam result updated. Login at http://payments-update.com/surveys?id=da3bab79-9c6,none,none,True,http://payments-update.com/surveys?id=da3bab79-9c6,scam_sms,0,0,low,low,955b583b4188
b0df74ae-1d2,sms,2025-10-05T12:18:00.276253Z,+918797617554,+917920047841,parcel-track.net,Your exam result updated. Login at http://parcel-track.net/surveys?id=b0df74ae-1d2,none,none,True,http://parcel-track.net/surveys?id=b0df74ae-1d2,benign,0,0,low,low,ee905c1ebf50
4a9518c9-387,email,2025-11-14T10:36:29.276278Z,user603@trusted-health.org,user1102@example.com,secure-bank.com,"Hello, please review attached report Patient: Aisha Khan, Acc: XXXX-XXXX-5631",mp4,mp4_4a9518c9-387.mp4,False,,scholarship_scam,0,1,low,low,52828cf6e33f
2ea4606e-bb9,email,2025-11-03T18:30:58.276305Z,user317@payments-update.com,user1387@example.com,docverify.net,Urgent: Your account will be suspended. Click https://docverify.net/?id=2ea4606e-bb9 to verify now.,pdf,pdf_2ea4606e-bb9.pdf,True,https://docverify.net/?id=2ea4606e-bb9,benign,0,0,low,low,7c2fcb117c7a
64410187-14c,email,2025-09-03T13:12:10.276331Z,user708@trusted-health.org,user1155@example.com,payments-update.com,Security alert: New sign-in from unknown device. Reset here: https://payments-update.com/?id=64410187-14c,png,png_64410187-14c.png,True,https://payments-update.com/?id=64410187-14c,benign,0,0,low,low,0cc231c59ccb
4bd5bef0-33c,sms,2025-10-27T19:53:01.276358Z,+917227666012,+919972187664,secure-bank.com,Your OTP is 123456 - never share it,none,none,False,,benign,0,0,medium,medium,b50778f0eea8
0f37dd57-f85,sms,2025-09-02T00:09:21.276383Z,+919275337138,+916418234603,parcel-track.net,Package delivery failed. Confirm at http://parcel-track.net/surveys?id=0f37dd57-f85,none,none,True,http://parcel-track.net/surveys?id=0f37dd57-f85,loan_scam,0,0,low,low,3e21ed9575aa
219d1e4e-645,email,2025-11-16T08:07:34.276408Z,user525@docverify.net,user1692@example.com,parcel-track.net,Action required: Confirm your payment method at https://parcel-track.net/?id=219d1e4e-645. Invoice attached: invoice_219d1e4e-645.pdf,pdf,pdf_219d1e4e-645.pdf,True,https://parcel-track.net/?id=219d1e4e-645,invoice_fraud,0,0,high,high,955eb0819e98
52dcdfca-309,email,2025-11-18T03:59:29.276437Z,user743@uni-scholar.org,user1421@example.com,uni-scholar.org,Security alert: New sign-in from unknown device. Reset here: https://uni-scholar.org/?id=52dcdfca-309,docx,docx_52dcdfca-309.docx,True,https://uni-scholar.org/?id=52dcdfca-309,invoice_fraud,0,0,medium,medium,5dd78d71dc7e
051f69dc-7f1,email,2025-11-21T12:37:17.276465Z,user139@loanfast.info,user1301@example.com,parcel-track.net,Payroll issue: update your bank details: https://parcel-track.net/?id=051f69dc-7f1,none,none,True,https://parcel-track.net/?id=051f69dc-7f1,phishing,0,0,critical,critical,ce98d35ed203
8dd8c3af-329,sms,2025-09-08T23:54:53.276527Z,+917907773838,+916380480515,docverify.net,Your OTP is 123456 - never share it,none,none,False,,scam_sms,0,0,medium,medium,8441e6767d4f
63fddb78-dc5,email,2025-11-22T00:36:47.276555Z,user981@gov-id.org,user1453@example.com,payments-update.com,Security alert: New sign-in from unknown device. Reset here: https://payments-update.com/?id=63fddb78-dc5,png,png_63fddb78-dc5.png,True,https://payments-update.com/?id=63fddb78-dc5,benign,0,0,low,low,0013b23ed3e3
12c82603-29f,email,2025-09-18T19:56:59.276581Z,user216@trusted-health.org,user1136@example.com,parcel-track.net,Action required: Confirm your payment method at https://parcel-track.net/?id=12c82603-29f. Invoice attached: invoice_12c82603-29f.pdf,pdf,pdf_12c82603-29f.pdf,True,https://parcel-track.net/?id=12c82603-29f,benign,0,0,medium,medium,8532b05a2f94
14c4c257-860,email,2025-10-01T08:20:46.276608Z,user460@docverify.net,user1408@example.com,docverify.net,"Hello, please review attached report",mp4,mp4_14c4c257-860.mp4,False,,benign,0,0,medium,medium,ce4e53b0a1e9
83180243-77a,email,2025-11-07T21:47:30.276633Z,user782@docverify.net,user1256@example.com,loanfast.info,Action required: Confirm your payment method at https://loanfast.info/?id=83180243-77a. Invoice attached: invoice_83180243-77a.pdf,pdf,pdf_83180243-77a.pdf,True,https://loanfast.info/?id=83180243-77a,benign,0,0,low,low,9d7445b52675
4ec223bc-541,sms,2025-10-14T06:35:31.276659Z,+917215459835,+917909253575,trusted-health.org,Package delivery failed. Confirm at http://trusted-health.org/surveys?id=4ec223bc-541,none,none,True,http://trusted-health.org/surveys?id=4ec223bc-541,scam_sms,0,0,medium,medium,9616da7806db
ed97ec1f-3d1,document,2025-08-27T07:29:49.276685Z,acmecorp@secure-bank.com,records@company.com,,Certified true copy - see attached,docx,docx_ed97ec1f-3d1.docx,False,,legit_doc,0,0,low,low,019517c828bd
212108ad-8c9,email,2025-09-01T06:29:29.276711Z,user100@loanfast.info,user1923@example.com,docverify.net,"Hello, please review attached report",docx,docx_212108ad-8c9.docx,False,,job_scam,0,0,medium,medium,a51ef17270ed
117f2cfe-425,sms,2025-09-04T15:20:22.276736Z,+916489234836,+919930717067,gov-id.org,Package delivery failed. Confirm at http://gov-id.org/surveys?id=117f2cfe-425,none,none,True,http://gov-id.org/surveys?id=117f2cfe-425,benign,0,0,low,low,004d73529b3d
37e0b184-c3a,document,2025-10-17T19:49:12.276767Z,fintrustltd@docverify.net,records@hospital.org,,Government ID correction letter - Ref: 37e0b184-c3a,pdf,pdf_37e0b184-c3a.pdf,False,,legit_doc,0,0,low,low,e67a0beb71d5
49ae1b39-77e,social,2025-09-06T21:54:10.276796Z,Meera Patel,public,,Interview leaked - audio attached,jpg,jpg_49ae1b39-77e.jpg,False,,benign,0,0,medium,medium,d1de7cd4a368
9c5d1764-d6f,email,2025-10-29T14:35:41.276820Z,user137@gov-id.org,user1734@example.com,trusted-health.org,Security alert: New sign-in from unknown device. Reset here: https://trusted-health.org/?id=9c5d1764-d6f,png,png_9c5d1764-d6f.png,True,https://trusted-health.org/?id=9c5d1764-d6f,phishing,0,0,medium,medium,6ea4823c5608
4aa94121-1b7,upload,2025-08-27T01:41:31.276847Z,Rahul Verma,admin,,Uploaded media for review,mp4,mp4_4aa94121-1b7.mp4,False,,benign,0,0,low,low,cce12bcde1ce
36450cca-c9a,sms,2025-11-14T11:21:37.276869Z,+918086269098,+917825211011,trusted-health.org,Your OTP is 123456 - never share it,none,none,False,,scam_sms,0,0,low,low,6c508c00b6c7
92d1af6a-846,email,2025-10-30T07:06:48.276894Z,user625@trusted-health.org,user1187@example.com,uni-scholar.org,"Urgent: Your account will be suspended. Click https://uni-scholar.org/?id=92d1af6a-846 to verify now. Patient: Rahul Verma, Acc: XXXX-XXXX-5757",none,none,True,https://uni-scholar.org/?id=92d1af6a-846,benign,0,1,medium,medium,33f571946dc3
52e6da9f-a24,sms,2025-09-04T19:21:03.276922Z,+917620319966,+918088579338,trusted-health.org,Free voucher! Redeem at http://trusted-health.org/surveys?id=52e6da9f-a24,none,none,True,http://trusted-health.org/surveys?id=52e6da9f-a24,scam_sms,0,0,low,low,284ccdc9c796
cfb7b20a-914,email,2025-10-22T16:24:38.276949Z,user201@payments-update.com,user1606@example.com,secure-bank.com,"Urgent: Your account will be suspended. Click https://secure-bank.com/?id=cfb7b20a-914 to verify now. Patient: John Smith, Acc: XXXX-XXXX-1091",jpg,jpg_cfb7b20a-914.jpg,True,https://secure-bank.com/?id=cfb7b20a-914,phishing,0,1,medium,medium,c4bd63568e2c
79ad1efb-489,email,2025-10-09T12:38:21.276978Z,user746@gov-id.org,user1629@example.com,uni-scholar.org,Payroll issue: update your bank details: https://uni-scholar.org/?id=79ad1efb-489,png,png_79ad1efb-489.png,True,https://uni-scholar.org/?id=79ad1efb-489,benign,0,0,critical,critical,0a929a4d61d0
7300a9fa-532,email,2025-10-10T09:38:26.277004Z,user460@trusted-health.org,user1433@example.com,uni-scholar.org,Payroll issue: update your bank details: https://uni-scholar.org/?id=7300a9fa-532,pdf,pdf_7300a9fa-532.pdf,True,https://uni-scholar.org/?id=7300a9fa-532,benign,0,0,critical,critical,1cd51f9a06ec
54db8224-71d,email,2025-10-03T10:47:56.277029Z,user792@docverify.net,user1841@example.com,loanfast.info,Urgent: Your account will be suspended. Click https://loanfast.info/?id=54db8224-71d to verify now.,mp4,mp4_54db8224-71d.mp4,True,https://loanfast.info/?id=54db8224-71d,benign,0,0,low,low,7022cbfa6c39
7c21635f-92f,sms,2025-10-26T00:26:50.277058Z,+916426367045,+917797513412,loanfast.info,Your OTP is 123456 - never share it,none,none,False,,scam_sms,0,0,low,low,e936459491b6
1e45fed5-e37,document,2025-10-25T04:20:07.277084Z,medilifehospital@secure-bank.com,records@gov.org,,Government ID correction letter - Ref: 1e45fed5-e37,pdf,pdf_1e45fed5-e37.pdf,False,,fake_doc,0,0,high,high,b003c1c098b2
0ff81b92-b8b,document,2025-11-03T03:12:14.277115Z,fintrustltd@payments-update.com,records@hospital.org,,Offer letter - Company: MediLife Hospital - Candidate: Rahul Verma | DOB: 1977-01-12,pdf,pdf_0ff81b92-b8b.pdf,False,,legit_doc,0,1,medium,medium,53577546f401
6b0f49f4-628,email,2025-09-27T21:56:26.277145Z,user595@uni-scholar.org,user1181@example.com,parcel-track.net,"Hello, please review attached report",png,png_6b0f49f4-628.png,False,,benign,0,0,medium,medium,23416d4c585c
4e22cc49-4ee,sms,2025-10-26T07:59:07.277170Z,+917756590697,+917105120920,payments-update.com,Free voucher! Redeem at http://payments-update.com/surveys?id=4e22cc49-4ee,none,none,True,http://payments-update.com/surveys?id=4e22cc49-4ee,scam_sms,0,0,high,high,15028b0ce10e
74208173-b78,email,2025-10-21T14:09:53.277196Z,user398@docverify.net,user1329@example.com,payments-update.com,"Urgent: Your account will be suspended. Click https://payments-update.com/?id=74208173-b78 to verify now. Patient: Vikram Rao, Acc: XXXX-XXXX-3502",docx,docx_74208173-b78.docx,True,https://payments-update.com/?id=74208173-b78,phishing,0,1,medium,medium,3beb34442006
ba122924-ec2,document,2025-09-02T15:07:08.277226Z,fintrustltd@secure-bank.com,records@hospital.org,,Hospital discharge summary - Patient: Sana Ahmed - MRN: ba122924-ec2,pdf,pdf_ba122924-ec2.pdf,False,,fake_doc,0,0,medium,medium,de5098491fa6
6a4d2522-7b3,email,2025-10-12T18:20:23.277254Z,user323@uni-scholar.org,user1604@example.com,trusted-health.org,Scholarship awarded! Apply here: https://trusted-health.org/?id=6a4d2522-7b3 — limited seats.,jpg,jpg_6a4d2522-7b3.jpg,True,https://trusted-health.org/?id=6a4d2522-7b3,phishing,0,0,medium,medium,b5d689a319da
0920a482-8aa,email,2025-08-30T01:34:29.277284Z,user580@uni-scholar.org,user1964@example.com,gov-id.org,Scholarship awarded! Apply here: https://gov-id.org/?id=0920a482-8aa — limited seats.,mp4,mp4_0920a482-8aa.mp4,True,https://gov-id.org/?id=0920a482-8aa,scholarship_scam,0,0,high,high,b3c985de2b70
01965cad-86a,document,2025-09-17T17:40:54.277312Z,medilifehospital@trusted-health.org,records@company.com,,Hospital discharge summary - Patient: John Smith - MRN: 01965cad-86a | DOB: 2001-03-27,docx,docx_01965cad-86a.docx,False,,legit_doc,0,1,low,low,c67ef1124063
25e80de9-4db,sms,2025-10-30T00:42:52.277341Z,+918724468618,+919796404586,docverify.net,Loan approved! Complete KYC at http://docverify.net/surveys?id=25e80de9-4db,none,none,True,http://docverify.net/surveys?id=25e80de9-4db,benign,0,0,low,low,b3ac26485758
d9652db1-436,sms,2025-11-20T09:55:32.277390Z,+916176790081,+918276373809,trusted-health.org,Your OTP is 123456 - never share it,none,none,False,,benign,0,0,low,low,a0d4714033c4
3489873e-997,social,2025-11-19T22:03:43.277416Z,Aisha Khan,public,,Viral video: unbelievable transformation - shared by Meera Patel,jpg,jpg_3489873e-997.jpg,False,,benign,0,0,low,low,a2b410743453
419805b7-815,document,2025-09-18T21:14:13.277440Z,fintrustltd@secure-bank.com,records@company.com,,Offer letter - Company: Acme Corp - Candidate: Meera Patel | DOB: 1999-04-17,docx,docx_419805b7-815.docx,False,,fake_doc,1,1,high,high,7feb3204d75c
eb2c95e5-81e,sms,2025-10-07T05:11:57.277470Z,+918744365109,+916694844663,parcel-track.net,Your OTP is 123456 - never share it,none,none,False,,scam_sms,0,0,medium,medium,6a2eff23929a
f9af59c6-d51,email,2025-09-02T05:04:43.277494Z,user730@docverify.net,user1770@example.com,gov-id.org,"Scholarship awarded! Apply here: https://gov-id.org/?id=f9af59c6-d51 — limited seats. Patient: Rahul Verma, Acc: XXXX-XXXX-5705",png,png_f9af59c6-d51.png,True,https://gov-id.org/?id=f9af59c6-d51,job_scam,0,1,low,low,e2d8bb08fdf7
dc2d06df-ea4,document,2025-10-26T15:31:19.277524Z,globaluni@trusted-health.org,records@company.com,,Hospital discharge summary - Patient: Vikram Rao - MRN: dc2d06df-ea4,docx,docx_dc2d06df-ea4.docx,False,,fake_doc,1,0,medium,medium,c6462165edf1
76b66d59-771,email,2025-10-05T12:01:08.277551Z,user965@parcel-track.net,user1215@example.com,trusted-health.org,Action required: Confirm your payment method at https://trusted-health.org/?id=76b66d59-771. Invoice attached: invoice_76b66d59-771.pdf,pdf,pdf_76b66d59-771.pdf,True,https://trusted-health.org/?id=76b66d59-771,benign,0,0,high,high,9ef9eda0cc69
ce8fb067-911,email,2025-09-15T23:17:35.277578Z,user581@secure-bank.com,user1693@example.com,gov-id.org,Action required: Confirm your payment method at https://gov-id.org/?id=ce8fb067-911. Invoice attached: invoice_ce8fb067-911.pdf,pdf,pdf_ce8fb067-911.pdf,True,https://gov-id.org/?id=ce8fb067-911,phishing,0,0,high,high,8563354527fa
fb418ac5-513,email,2025-09-25T01:45:41.277606Z,user532@payments-update.com,user1573@example.com,secure-bank.com,Scholarship awarded! Apply here: https://secure-bank.com/?id=fb418ac5-513 — limited seats.,jpg,jpg_fb418ac5-513.jpg,True,https://secure-bank.com/?id=fb418ac5-513,benign,0,0,low,low,e33a7b205d4e
e1d3d7d7-efd,document,2025-10-09T01:01:42.277633Z,fintrustltd@gov-id.org,records@company.com,,Offer letter - Company: Acme Corp - Candidate: Aisha Khan | DOB: 1971-03-19,pdf,pdf_e1d3d7d7-efd.pdf,False,,legit_doc,0,1,high,high,7b71a11f8620
0688547a-977,email,2025-11-14T02:09:09.277661Z,user305@loanfast.info,user1456@example.com,uni-scholar.org,Urgent: Your account will be suspended. Click https://uni-scholar.org/?id=0688547a-977 to verify now.,none,none,True,https://uni-scholar.org/?id=0688547a-977,phishing,0,0,medium,medium,fdfab1b69e54
b3c992a0-869,document,2025-11-16T02:49:01.277690Z,acmecorp@parcel-track.net,records@hospital.org,,Certified true copy - see attached,pdf,pdf_b3c992a0-869.pdf,False,,legit_doc,0,0,medium,medium,b0b0790483a7
cabd2654-17b,email,2025-09-26T11:57:47.277715Z,user693@payments-update.com,user1557@example.com,payments-update.com,Scholarship awarded! Apply here: https://payments-update.com/?id=cabd2654-17b — limited seats.,jpg,jpg_cabd2654-17b.jpg,True,https://payments-update.com/?id=cabd2654-17b,benign,0,0,medium,medium,66f8acdf4e98
b9328987-070,email,2025-10-16T14:55:55.277743Z,user531@secure-bank.com,user1558@example.com,secure-bank.com,Action required: Confirm your payment method at https://secure-bank.com/?id=b9328987-070. Invoice attached: invoice_b9328987-070.pdf,pdf,pdf_b9328987-070.pdf,True,https://secure-bank.com/?id=b9328987-070,benign,0,0,low,low,80ba0b20a793
04cf2862-35a,email,2025-10-28T17:45:21.277779Z,user452@secure-bank.com,user1997@example.com,payments-update.com,Payroll issue: update your bank details: https://payments-update.com/?id=04cf2862-35a,mp4,mp4_04cf2862-35a.mp4,True,https://payments-update.com/?id=04cf2862-35a,benign,0,0,high,high,9709f7ea6c85
11e13e2c-129,email,2025-09-19T14:49:23.277807Z,user714@parcel-track.net,user1588@example.com,parcel-track.net,"Payroll issue: update your bank details: https://parcel-track.net/?id=11e13e2c-129 Patient: John Smith, Acc: XXXX-XXXX-8706",pdf,pdf_11e13e2c-129.pdf,True,https://parcel-track.net/?id=11e13e2c-129,phishing,0,1,high,high,38120268c7c8
58697cb1-a49,email,2025-09-14T17:50:10.277837Z,user269@gov-id.org,user1475@example.com,payments-update.com,Security alert: New sign-in from unknown device. Reset here: https://payments-update.com/?id=58697cb1-a49,mp4,mp4_58697cb1-a49.mp4,True,https://payments-update.com/?id=58697cb1-a49,benign,0,0,low,low,1c2c2cd55860
0ab3cb16-8e0,social,2025-08-25T13:14:02.277863Z,Vikram Rao,public,,Interview leaked - audio attached,none,none,False,,deepfake_media,1,0,medium,medium,050f16888976
b03f5212-0ee,email,2025-09-24T14:31:07.277888Z,user582@secure-bank.com,user1778@example.com,secure-bank.com,Security alert: New sign-in from unknown device. Reset here: https://secure-bank.com/?id=b03f5212-0ee,docx,docx_b03f5212-0ee.docx,True,https://secure-bank.com/?id=b03f5212-0ee,phishing,0,0,critical,critical,fb87f549e577
5e6f4302-6bf,social,2025-08-31T15:33:19.277915Z,Meera Patel,public,,Viral video: unbelievable transformation - shared by Vikram Rao,mp4,mp4_5e6f4302-6bf.mp4,False,,benign,0,0,low,low,f05404c057f0
3488e2db-f30,email,2025-11-08T23:04:53.277938Z,user944@uni-scholar.org,user1232@example.com,docverify.net,Security alert: New sign-in from unknown device. Reset here: https://docverify.net/?id=3488e2db-f30,mp4,mp4_3488e2db-f30.mp4,True,https://docverify.net/?id=3488e2db-f30,job_scam,0,0,high,high,8646a2d5520e
bcdbfb90-149,email,2025-10-10T06:18:38.277964Z,user622@payments-update.com,user1289@example.com,docverify.net,Scholarship awarded! Apply here: https://docverify.net/?id=bcdbfb90-149 — limited seats.,docx,docx_bcdbfb90-149.docx,True,https://docverify.net/?id=bcdbfb90-149,benign,0,0,low,low,030bccab2cfe
69dfe40e-ea2,email,2025-11-13T15:56:46.277992Z,user577@docverify.net,user1604@example.com,payments-update.com,Security alert: New sign-in from unknown device. Reset here: https://payments-update.com/?id=69dfe40e-ea2,docx,docx_69dfe40e-ea2.docx,True,https://payments-update.com/?id=69dfe40e-ea2,benign,0,0,low,low,a2ae11064b4f
2ece47f3-f86,email,2025-11-15T06:11:54.278018Z,user268@loanfast.info,user1735@example.com,loanfast.info,Scholarship awarded! Apply here: https://loanfast.info/?id=2ece47f3-f86 — limited seats.,docx,docx_2ece47f3-f86.docx,True,https://loanfast.info/?id=2ece47f3-f86,benign,0,0,low,low,ce65f21124b0
7bf0b42a-4ce,sms,2025-10-23T15:21:50.278045Z,+917137008440,+917118487192,docverify.net,Free voucher! Redeem at http://docverify.net/surveys?id=7bf0b42a-4ce,none,none,True,http://docverify.net/surveys?id=7bf0b42a-4ce,benign,0,0,medium,medium,111ddd7d6ef6
4c6d74a3-f38,email,2025-09-26T11:21:06.278075Z,user953@parcel-track.net,user1120@example.com,uni-scholar.org,"Security alert: New sign-in from unknown device. Reset here: https://uni-scholar.org/?id=4c6d74a3-f38 Patient: Rahul Verma, Acc: XXXX-XXXX-3730",jpg,jpg_4c6d74a3-f38.jpg,True,https://uni-scholar.org/?id=4c6d74a3-f38,phishing,0,1,medium,medium,1e621a22b566
6d435e8b-dc5,email,2025-11-16T19:09:26.278110Z,user193@docverify.net,user1412@example.com,loanfast.info,Scholarship awarded! Apply here: https://loanfast.info/?id=6d435e8b-dc5 — limited seats.,png,png_6d435e8b-dc5.png,True,https://loanfast.info/?id=6d435e8b-dc5,invoice_fraud,0,0,medium,medium,486d573e8a0c
e9964cfd-438,sms,2025-09-14T03:23:55.278143Z,+918474800529,+917493475096,secure-bank.com,Package delivery failed. Confirm at http://secure-bank.com/surveys?id=e9964cfd-438,none,none,True,http://secure-bank.com/surveys?id=e9964cfd-438,benign,0,0,medium,medium,8d91c524dd85
4cdcadfc-488,social,2025-10-06T23:01:37.278170Z,John Smith,public,,Viral video: unbelievable transformation - shared by Meera Patel,none,none,False,,deepfake_media,1,0,medium,medium,d4419c875b8b
e6169203-e26,document,2025-09-09T23:11:01.278195Z,acmecorp@loanfast.info,records@hospital.org,,Offer letter - Company: JobHub Pvt Ltd - Candidate: Rahul Verma,pdf,pdf_e6169203-e26.pdf,False,,legit_doc,0,0,medium,medium,def5d492bf1a
2e899908-1a6,email,2025-09-22T16:22:38.278253Z,user959@secure-bank.com,user1829@example.com,loanfast.info,Urgent: Your account will be suspended. Click https://loanfast.info/?id=2e899908-1a6 to verify now.,jpg,jpg_2e899908-1a6.jpg,True,https://loanfast.info/?id=2e899908-1a6,phishing,0,0,medium,medium,da6abc7f0890
617a330d-2a5,email,2025-10-02T13:20:09.278285Z,user181@loanfast.info,user1908@example.com,parcel-track.net,"Hello, please review attached report",png,png_617a330d-2a5.png,False,,benign,0,0,low,low,fad6c1bc6584
764e269f-159,document,2025-10-01T16:59:22.278316Z,globaluni@trusted-health.org,records@hospital.org,,Government ID correction letter - Ref: 764e269f-159,docx,docx_764e269f-159.docx,False,,fake_doc,1,0,medium,medium,32e4705d123d
5ca33af3-b74,email,2025-08-31T02:02:31.278344Z,user898@payments-update.com,user1610@example.com,parcel-track.net,"Payroll issue: update your bank details: https://parcel-track.net/?id=5ca33af3-b74 Patient: Rahul Verma, Acc: XXXX-XXXX-2141",pdf,pdf_5ca33af3-b74.pdf,True,https://parcel-track.net/?id=5ca33af3-b74,invoice_fraud,0,1,high,high,54d437d4ddff
966f9406-e91,sms,2025-09-17T18:39:50.278375Z,+916822961781,+918303760894,parcel-track.net,Package delivery failed. Confirm at http://parcel-track.net/surveys?id=966f9406-e91,none,none,True,http://parcel-track.net/surveys?id=966f9406-e91,benign,0,0,critical,critical,ad9aa1b28c1c
6d8924e0-7f0,social,2025-11-17T15:01:26.278400Z,Meera Patel,public,,Interview leaked - audio attached,jpg,jpg_6d8924e0-7f0.jpg,False,,benign,0,0,high,high,217a2b3a6409
312af86e-3e4,social,2025-10-14T08:45:10.278423Z,Sana Ahmed,public,,Watch this shocking reveal video (see attachment),mp4,mp4_312af86e-3e4.mp4,False,,benign,0,0,high,high,c1a4ca4d06c7
b97fa7fc-c34,sms,2025-09-13T23:53:59.278445Z,+918388907047,+917330743462,trusted-health.org,Package delivery failed. Confirm at http://trusted-health.org/surveys?id=b97fa7fc-c34,none,none,True,http://trusted-health.org/surveys?id=b97fa7fc-c34,scam_sms,0,0,low,low,a0eeccf1e498
da431ec4-1f5,email,2025-10-14T22:30:57.278471Z,user729@uni-scholar.org,user1856@example.com,secure-bank.com,Scholarship awarded! Apply here: https://secure-bank.com/?id=da431ec4-1f5 — limited seats.,mp4,mp4_da431ec4-1f5.mp4,True,https://secure-bank.com/?id=da431ec4-1f5,benign,0,0,low,low,3cf8356294c8
cdb87021-364,email,2025-09-19T02:37:26.278500Z,user472@docverify.net,user1487@example.com,loanfast.info,Payroll issue: update your bank details: https://loanfast.info/?id=cdb87021-364,docx,docx_cdb87021-364.docx,True,https://loanfast.info/?id=cdb87021-364,benign,0,0,critical,critical,e710dc9633c2
152e34ee-d15,email,2025-10-16T15:27:57.278526Z,user122@secure-bank.com,user1914@example.com,secure-bank.com,Scholarship awarded! Apply here: https://secure-bank.com/?id=152e34ee-d15 — limited seats.,docx,docx_152e34ee-d15.docx,True,https://secure-bank.com/?id=152e34ee-d15,benign,0,0,low,low,3344a488b2da
b018962b-bee,sms,2025-11-12T06:22:40.278553Z,+919828317221,+916099144636,uni-scholar.org,Your exam result updated. Login at http://uni-scholar.org/surveys?id=b018962b-bee,none,none,True,http://uni-scholar.org/surveys?id=b018962b-bee,benign,0,0,medium,medium,1de0fe0b136c
0518d761-381,email,2025-11-03T17:05:47.278579Z,user947@trusted-health.org,user1808@example.com,trusted-health.org,Action required: Confirm your payment method at https://trusted-health.org/?id=0518d761-381. Invoice attached: invoice_0518d761-381.pdf,pdf,pdf_0518d761-381.pdf,True,https://trusted-health.org/?id=0518d761-381,invoice_fraud,0,0,medium,medium,221603d2f733
88f0ffae-bf9,email,2025-10-24T08:28:51.278607Z,user749@gov-id.org,user1458@example.com,loanfast.info,Urgent: Your account will be suspended. Click https://loanfast.info/?id=88f0ffae-bf9 to verify now.,jpg,jpg_88f0ffae-bf9.jpg,True,https://loanfast.info/?id=88f0ffae-bf9,benign,0,0,high,high,db05e8cd3630
699cfce9-ca0,email,2025-10-28T03:28:08.278632Z,user600@payments-update.com,user1574@example.com,trusted-health.org,Payroll issue: update your bank details: https://trusted-health.org/?id=699cfce9-ca0,mp4,mp4_699cfce9-ca0.mp4,True,https://trusted-health.org/?id=699cfce9-ca0,phishing,0,0,medium,medium,e1760665a33e
89eb4c51-79e,sms,2025-09-01T16:55:58.278658Z,+917605568458,+918228829426,parcel-track.net,Free voucher! Redeem at http://parcel-track.net/surveys?id=89eb4c51-79e,none,none,True,http://parcel-track.net/surveys?id=89eb4c51-79e,benign,0,0,high,high,8a3fd2828c61
7843ac3a-20d,email,2025-10-25T22:16:53.278683Z,user869@payments-update.com,user1173@example.com,secure-bank.com,Payroll issue: update your bank details: https://secure-bank.com/?id=7843ac3a-20d,mp4,mp4_7843ac3a-20d.mp4,True,https://secure-bank.com/?id=7843ac3a-20d,benign,0,0,low,low,4ec9ab4dd8b5
f247e24f-fa7,document,2025-11-17T23:17:05.278708Z,medilifehospital@secure-bank.com,records@hospital.org,,Medical test report - Patient: Sana Ahmed - Result: Pending - Ref f247e24f-fa7,docx,docx_f247e24f-fa7.docx,False,,legit_doc,0,0,low,low,5358a796e404
63b1620a-d37,email,2025-09-27T12:53:00.278734Z,user885@uni-scholar.org,user1115@example.com,gov-id.org,Action required: Confirm your payment method at https://gov-id.org/?id=63b1620a-d37. Invoice attached: invoice_63b1620a-d37.pdf,pdf,pdf_63b1620a-d37.pdf,True,https://gov-id.org/?id=63b1620a-d37,invoice_fraud,0,0,medium,medium,11addf125799
bc857850-473,sms,2025-10-12T13:53:11.278776Z,+919029199964,+918343210538,gov-id.org,Your exam result updated. Login at http://gov-id.org/surveys?id=bc857850-473,none,none,True,http://gov-id.org/surveys?id=bc857850-473,benign,0,0,high,high,990767e2b5f3
22d9291e-17c,social,2025-10-03T08:03:59.278809Z,Sana Ahmed,public,,Watch this shocking reveal video (see attachment),jpg,jpg_22d9291e-17c.jpg,False,,benign,0,0,medium,medium,64d674dd7393
78cc2e4c-5f0,email,2025-11-12T12:31:44.278833Z,user149@secure-bank.com,user1064@example.com,loanfast.info,"Hello, please review attached report Patient: John Smith, Acc: XXXX-XXXX-1277",mp4,mp4_78cc2e4c-5f0.mp4,False,,benign,0,1,low,low,7baa2466b15b
7d6a1f5d-55e,email,2025-10-21T07:41:22.278860Z,user590@docverify.net,user1692@example.com,uni-scholar.org,"Hello, please review attached report",jpg,jpg_7d6a1f5d-55e.jpg,False,,job_scam,0,0,low,low,850fdacc2e87
822a77f4-405,email,2025-09-01T21:14:59.278884Z,user512@payments-update.com,user1428@example.com,docverify.net,Urgent: Your account will be suspended. Click https://docverify.net/?id=822a77f4-405 to verify now.,pdf,pdf_822a77f4-405.pdf,True,https://docverify.net/?id=822a77f4-405,phishing,0,0,high,high,3d38e07b4ea7
0daddbc3-c29,email,2025-09-17T20:23:33.278912Z,user410@trusted-health.org,user1632@example.com,trusted-health.org,"Hello, please review attached report",docx,docx_0daddbc3-c29.docx,False,,job_scam,0,0,medium,medium,239975c4efcc
458de072-9b6,document,2025-08-25T15:52:11.278937Z,medilifehospital@payments-update.com,records@hospital.org,,Government ID correction letter - Ref: 458de072-9b6 | DOB: 1985-03-15,docx,docx_458de072-9b6.docx,False,,legit_doc,0,1,medium,medium,5fe5ad546b71
2e9f726a-81d,sms,2025-09-09T12:01:41.278965Z,+917298498416,+918590993633,uni-scholar.org,Your exam result updated. Login at http://uni-scholar.org/surveys?id=2e9f726a-81d,none,none,True,http://uni-scholar.org/surveys?id=2e9f726a-81d,loan_scam,0,0,low,low,826ddd6ee60d
226bc44f-8e5,email,2025-09-26T14:45:48.278991Z,user464@secure-bank.com,user1137@example.com,trusted-health.org,Urgent: Your account will be suspended. Click https://trusted-health.org/?id=226bc44f-8e5 to verify now.,jpg,jpg_226bc44f-8e5.jpg,True,https://trusted-health.org/?id=226bc44f-8e5,benign,0,0,high,high,90f7cce88f70
339215a2-2b7,social,2025-09-24T08:15:36.279017Z,John Smith,public,,Interview leaked - audio attached,mp4,mp4_339215a2-2b7.mp4,False,,deepfake_media,0,0,medium,medium,3a193e560511
d8b450a2-adb,sms,2025-08-31T10:57:56.279041Z,+917024321088,+918707381946,parcel-track.net,Your OTP is 123456 - never share it,none,none,False,,scam_sms,0,0,medium,medium,09e0a7789aff
7273901d-00a,email,2025-09-21T02:27:00.279065Z,user301@secure-bank.com,user1372@example.com,parcel-track.net,"Security alert: New sign-in from unknown device. Reset here: https://parcel-track.net/?id=7273901d-00a Patient: Aisha Khan, Acc: XXXX-XXXX-5532",mp4,mp4_7273901d-00a.mp4,True,https://parcel-track.net/?id=7273901d-00a,phishing,0,1,critical,critical,3c8675d05bd9
3a34dd96-5fd,email,2025-09-22T17:48:44.279106Z,user404@docverify.net,user1173@example.com,payments-update.com,"Urgent: Your account will be suspended. Click https://payments-update.com/?id=3a34dd96-5fd to verify now. Patient: Aisha Khan, Acc: XXXX-XXXX-2753",pdf,pdf_3a34dd96-5fd.pdf,True,https://payments-update.com/?id=3a34dd96-5fd,benign,0,1,high,high,d966f3bafb03
1f97dc48-c47,sms,2025-11-01T02:48:21.279135Z,+917327376700,+918921455551,trusted-health.org,Your OTP is 123456 - never share it,none,none,False,,scam_sms,0,0,low,low,8655baa661e5
e1863c5d-2f2,email,2025-09-06T16:29:44.279160Z,user995@parcel-track.net,user1139@example.com,trusted-health.org,Security alert: New sign-in from unknown device. Reset here: https://trusted-health.org/?id=e1863c5d-2f2,png,png_e1863c5d-2f2.png,True,https://trusted-health.org/?id=e1863c5d-2f2,benign,0,0,medium,medium,8aceff279f66
1f2002b1-ed5,social,2025-09-20T14:25:57.279186Z,Meera Patel,public,,Viral video: unbelievable transformation - shared by Aisha Khan,none,none,False,,harassment,0,0,low,low,1304e56de5ae
ff289a6f-e34,social,2025-10-22T08:20:17.279210Z,Aisha Khan,public,,Watch this shocking reveal video (see attachment),jpg,jpg_ff289a6f-e34.jpg,False,,deepfake_media,1,0,high,high,b663f0843aea
e82982c2-1d3,sms,2025-09-16T10:12:24.279234Z,+916215068191,+917558800645,trusted-health.org,Free voucher! Redeem at http://trusted-health.org/surveys?id=e82982c2-1d3,none,none,True,http://trusted-health.org/surveys?id=e82982c2-1d3,benign,0,0,medium,medium,2835128f6d4e
f917ab02-b4d,sms,2025-11-11T10:25:18.279259Z,+919631610855,+919252631616,loanfast.info,Free voucher! Redeem at http://loanfast.info/surveys?id=f917ab02-b4d,none,none,True,http://loanfast.info/surveys?id=f917ab02-b4d,benign,0,0,high,high,4327a95f98e8
237633af-f51,email,2025-10-17T05:37:09.279283Z,user413@docverify.net,user1011@example.com,loanfast.info,Scholarship awarded! Apply here: https://loanfast.info/?id=237633af-f51 — limited seats.,pdf,pdf_237633af-f51.pdf,True,https://loanfast.info/?id=237633af-f51,benign,0,0,low,low,b345b5b6a82d
c699f66f-04a,social,2025-09-21T00:56:10.279311Z,Vikram Rao,public,,Interview leaked - audio attached,jpg,jpg_c699f66f-04a.jpg,False,,harassment,0,0,low,low,2a26ce95a765
9aebbc16-6cc,document,2025-10-09T18:13:50.279335Z,medilifehospital@secure-bank.com,records@hospital.org,,Hospital discharge summary - Patient: Meera Patel - MRN: 9aebbc16-6cc,docx,docx_9aebbc16-6cc.docx,False,,fake_doc,1,0,medium,medium,b5ee5de2f094
7e4a5095-473,email,2025-09-24T19:50:16.279362Z,user988@gov-id.org,user1479@example.com,docverify.net,"Hello, please review attached report Patient: John Smith, Acc: XXXX-XXXX-8759",pdf,pdf_7e4a5095-473.pdf,False,,benign,0,1,low,low,4d48d013f012
4eca7e0a-341,document,2025-09-30T07:49:16.279388Z,globaluni@trusted-health.org,records@gov.org,,Hospital discharge summary - Patient: Sana Ahmed - MRN: 4eca7e0a-341,docx,docx_4eca7e0a-341.docx,False,,legit_doc,0,0,medium,medium,7e8956378625
12688e3a-77c,email,2025-11-06T12:46:07.279413Z,user940@parcel-track.net,user1564@example.com,parcel-track.net,"Action required: Confirm your payment method at https://parcel-track.net/?id=12688e3a-77c. Invoice attached: invoice_12688e3a-77c.pdf Patient: John Smith, Acc: XXXX-XXXX-3288",pdf,pdf_12688e3a-77c.pdf,True,https://parcel-track.net/?id=12688e3a-77c,benign,0,1,low,low,bb5a68b657ac
791b3ecd-546,sms,2025-09-03T18:53:00.279443Z,+918051864518,+917146299712,gov-id.org,Loan approved! Complete KYC at http://gov-id.org/surveys?id=791b3ecd-546,none,none,True,http://gov-id.org/surveys?id=791b3ecd-546,scam_sms,0,0,medium,medium,ceecb1e5447d
8c043e90-5b3,email,2025-11-10T09:03:35.279469Z,user644@parcel-track.net,user1767@example.com,payments-update.com,Urgent: Your account will be suspended. Click https://payments-update.com/?id=8c043e90-5b3 to verify now.,pdf,pdf_8c043e90-5b3.pdf,True,https://payments-update.com/?id=8c043e90-5b3,phishing,0,0,medium,medium,28b4424767d5
e9fc4cb5-8ac,email,2025-09-28T01:59:14.279502Z,user240@uni-scholar.org,user1736@example.com,gov-id.org,Urgent: Your account will be suspended. Click https://gov-id.org/?id=e9fc4cb5-8ac to verify now.,png,png_e9fc4cb5-8ac.png,True,https://gov-id.org/?id=e9fc4cb5-8ac,benign,0,0,low,low,15992e9de4f9
63f062ef-df2,social,2025-10-24T06:19:07.279528Z,Vikram Rao,public,,Watch this shocking reveal video (see attachment),none,none,False,,deepfake_media,1,0,high,high,e5ca00ab15ee
654f51ce-b69,email,2025-09-30T18:28:10.279553Z,user108@gov-id.org,user1404@example.com,loanfast.info,Scholarship awarded! Apply here: https://loanfast.info/?id=654f51ce-b69 — limited seats.,mp4,mp4_654f51ce-b69.mp4,True,https://loanfast.info/?id=654f51ce-b69,phishing,0,0,critical,critical,344cddb67f5c
2c40b11e-574,email,2025-11-03T17:18:26.279581Z,user579@parcel-track.net,user1636@example.com,parcel-track.net,Security alert: New sign-in from unknown device. Reset here: https://parcel-track.net/?id=2c40b11e-574,png,png_2c40b11e-574.png,True,https://parcel-track.net/?id=2c40b11e-574,phishing,0,0,high,high,244d4604ecc3
862136f3-abf,upload,2025-09-16T05:35:27.279609Z,Vikram Rao,admin,,Uploaded media for review,mp4,mp4_862136f3-abf.mp4,False,,deepfake_media,0,0,low,low,031ebd71a190
a9bd115d-d38,sms,2025-09-02T06:45:16.279631Z,+919908667892,+919359258664,payments-update.com,Your exam result updated. Login at http://payments-update.com/surveys?id=a9bd115d-d38,none,none,True,http://payments-update.com/surveys?id=a9bd115d-d38,benign,0,0,low,low,e63545048e5f
e6e7a29f-f69,sms,2025-08-24T02:37:07.279657Z,+917012381094,+917837969776,loanfast.info,Package delivery failed. Confirm at http://loanfast.info/surveys?id=e6e7a29f-f69,none,none,True,http://loanfast.info/surveys?id=e6e7a29f-f69,benign,0,0,medium,medium,5e86d616ebe1
74b92356-e14,social,2025-11-19T15:45:32.279685Z,Aisha Khan,public,,Watch this shocking reveal video (see attachment),jpg,jpg_74b92356-e14.jpg,False,,deepfake_media,0,0,medium,medium,d644052cee1d
f75ea264-a3f,social,2025-11-03T10:09:02.279711Z,John Smith,public,,Watch this shocking reveal video (see attachment),jpg,jpg_f75ea264-a3f.jpg,False,,benign,0,0,medium,medium,9ac8768b716d
6ff6788e-96f,sms,2025-09-12T11:47:33.279735Z,+917407192719,+918429124187,uni-scholar.org,Your exam result updated. Login at http://uni-scholar.org/surveys?id=6ff6788e-96f,none,none,True,http://uni-scholar.org/surveys?id=6ff6788e-96f,benign,0,0,low,low,55f5753b19e1
122e0980-a99,email,2025-09-08T19:44:43.279765Z,user192@docverify.net,user1544@example.com,trusted-health.org,Action required: Confirm your payment method at https://trusted-health.org/?id=122e0980-a99. Invoice attached: invoice_122e0980-a99.pdf,pdf,pdf_122e0980-a99.pdf,True,https://trusted-health.org/?id=122e0980-a99,benign,0,0,low,low,4304fca82d35
01e0a58d-622,sms,2025-08-27T03:33:32.279795Z,+918388401529,+918195601393,docverify.net,Free voucher! Redeem at http://docverify.net/surveys?id=01e0a58d-622,none,none,True,http://docverify.net/surveys?id=01e0a58d-622,benign,0,0,low,low,4620e23d752f
67ca18a8-91e,email,2025-11-11T00:44:06.279820Z,user664@trusted-health.org,user1115@example.com,gov-id.org,Action required: Confirm your payment method at https://gov-id.org/?id=67ca18a8-91e. Invoice attached: invoice_67ca18a8-91e.pdf,pdf,pdf_67ca18a8-91e.pdf,True,https://gov-id.org/?id=67ca18a8-91e,benign,0,0,high,high,44805aa824fb
b2fec649-a5e,sms,2025-09-07T11:28:52.279847Z,+916118483787,+919698133591,loanfast.info,Loan approved! Complete KYC at http://loanfast.info/surveys?id=b2fec649-a5e,none,none,True,http://loanfast.info/surveys?id=b2fec649-a5e,benign,0,0,high,high,61fa5d624796
f399c0cb-ea2,social,2025-09-14T23:19:54.279873Z,Aisha Khan,public,,Watch this shocking reveal video (see attachment),none,none,False,,benign,0,0,medium,medium,f67799e21fc8
d3e26111-fe7,social,2025-09-21T06:31:38.279896Z,John Smith,public,,Watch this shocking reveal video (see attachment),jpg,jpg_d3e26111-fe7.jpg,False,,benign,0,0,medium,medium,4f20879a01ee
75b65407-e7f,sms,2025-10-23T21:20:28.279918Z,+917869056830,+916101921275,trusted-health.org,Package delivery failed. Confirm at http://trusted-health.org/surveys?id=75b65407-e7f,none,none,True,http://trusted-health.org/surveys?id=75b65407-e7f,benign,0,0,medium,medium,52a3e6ea2f20
2a8bab23-9df,email,2025-09-01T11:29:25.279953Z,user947@payments-update.com,user1858@example.com,uni-scholar.org,Action required: Confirm your payment method at https://uni-scholar.org/?id=2a8bab23-9df. Invoice attached: invoice_2a8bab23-9df.pdf,pdf,pdf_2a8bab23-9df.pdf,True,https://uni-scholar.org/?id=2a8bab23-9df,benign,0,0,critical,critical,e841622b92b5
69fce908-7af,email,2025-09-10T01:53:08.279982Z,user569@trusted-health.org,user1016@example.com,uni-scholar.org,Payroll issue: update your bank details: https://uni-scholar.org/?id=69fce908-7af,none,none,True,https://uni-scholar.org/?id=69fce908-7af,phishing,0,0,medium,medium,6f285d192df0
cba5dc70-8ae,social,2025-11-11T19:12:56.280010Z,Rahul Verma,public,,Viral video: unbelievable transformation - shared by John Smith,jpg,jpg_cba5dc70-8ae.jpg,False,,benign,0,0,high,high,9770bda82d0f
7913a6bf-9d7,sms,2025-09-19T23:11:49.280034Z,+919113538215,+916507781918,secure-bank.com,Your OTP is 123456 - never share it,none,none,False,,benign,0,0,medium,medium,1ce3b13e21a2
cb2931d7-f05,upload,2025-10-24T09:41:21.280058Z,John Smith,admin,,Uploaded media for review,png,png_cb2931d7-f05.png,False,,benign,0,0,low,low,a0f2c329154c
1fb94f35-3c4,email,2025-11-19T12:20:46.280080Z,user211@loanfast.info,user1558@example.com,docverify.net,Urgent: Your account will be suspended. Click https://docverify.net/?id=1fb94f35-3c4 to verify now.,pdf,pdf_1fb94f35-3c4.pdf,True,https://docverify.net/?id=1fb94f35-3c4,benign,0,0,low,low,6fa7a1e4d3c8
efc322ab-bd7,sms,2025-09-03T20:55:13.280106Z,+918810936911,+918826476528,uni-scholar.org,Package delivery failed. Confirm at http://uni-scholar.org/surveys?id=efc322ab-bd7,none,none,True,http://uni-scholar.org/surveys?id=efc322ab-bd7,scam_sms,0,0,medium,medium,5facbf8abc3b
714de372-aff,sms,2025-09-10T21:45:14.280132Z,+916425496615,+917243920366,loanfast.info,Your exam result updated. Login at http://loanfast.info/surveys?id=714de372-aff,none,none,True,http://loanfast.info/surveys?id=714de372-aff,benign,0,0,low,low,bfa3267a7744
4eda5356-063,document,2025-08-28T06:33:47.280157Z,medilifehospital@parcel-track.net,records@company.com,,Offer letter - Company: MediLife Hospital - Candidate: Meera Patel | DOB: 1983-08-15,pdf,pdf_4eda5356-063.pdf,False,,legit_doc,0,1,critical,critical,2a9adb514dd4
bb266f06-c60,upload,2025-10-29T14:11:08.280185Z,Sana Ahmed,admin,,Uploaded media for review,jpg,jpg_bb266f06-c60.jpg,False,,deepfake_media,0,0,medium,medium,0061f065ffd4
fc52e4e1-a1c,sms,2025-10-29T22:43:03.280207Z,+919998559002,+917090134713,loanfast.info,Your exam result updated. Login at http://loanfast.info/surveys?id=fc52e4e1-a1c,none,none,True,http://loanfast.info/surveys?id=fc52e4e1-a1c,scam_sms,0,0,high,high,d60160d6db0d
b84e89f9-ffb,email,2025-10-20T19:08:25.280233Z,user534@loanfast.info,user1917@example.com,parcel-track.net,Payroll issue: update your bank details: https://parcel-track.net/?id=b84e89f9-ffb,png,png_b84e89f9-ffb.png,True,https://parcel-track.net/?id=b84e89f9-ffb,phishing,0,0,medium,medium,5d3dc7544468
dbaafc46-915,upload,2025-09-10T15:10:19.280260Z,Vikram Rao,admin,,Uploaded media for review,mp4,mp4_dbaafc46-915.mp4,False,,benign,0,0,low,low,5e9d01593adf
aa046571-0ab,email,2025-10-22T05:34:56.280282Z,user574@parcel-track.net,user1586@example.com,docverify.net,Payroll issue: update your bank details: https://docverify.net/?id=aa046571-0ab,docx,docx_aa046571-0ab.docx,True,https://docverify.net/?id=aa046571-0ab,phishing,0,0,critical,critical,70deb0fefd4c
21ff6313-83c,email,2025-09-04T08:21:22.280308Z,user136@loanfast.info,user1830@example.com,trusted-health.org,Action required: Confirm your payment method at https://trusted-health.org/?id=21ff6313-83c. Invoice attached: invoice_21ff6313-83c.pdf,pdf,pdf_21ff6313-83c.pdf,True,https://trusted-health.org/?id=21ff6313-83c,benign,0,0,medium,medium,7a0388f7fac3
1af4918a-f2b,email,2025-10-01T05:50:21.280335Z,user523@parcel-track.net,user1781@example.com,parcel-track.net,Scholarship awarded! Apply here: https://parcel-track.net/?id=1af4918a-f2b — limited seats.,jpg,jpg_1af4918a-f2b.jpg,True,https://parcel-track.net/?id=1af4918a-f2b,job_scam,0,0,low,low,682b94ef8414
e5adf8ff-f34,email,2025-09-06T04:57:30.280363Z,user598@docverify.net,user1387@example.com,parcel-track.net,Payroll issue: update your bank details: https://parcel-track.net/?id=e5adf8ff-f34,docx,docx_e5adf8ff-f34.docx,True,https://parcel-track.net/?id=e5adf8ff-f34,benign,0,0,low,low,0a389f9eb20d
29e13821-807,email,2025-11-09T12:44:32.280390Z,user528@secure-bank.com,user1264@example.com,payments-update.com,Scholarship awarded! Apply here: https://payments-update.com/?id=29e13821-807 — limited seats.,pdf,pdf_29e13821-807.pdf,True,https://payments-update.com/?id=29e13821-807,benign,0,0,low,low,fbdbf7db3e7d
12dae4a1-305,email,2025-10-15T04:31:50.280416Z,user521@secure-bank.com,user1433@example.com,secure-bank.com,Urgent: Your account will be suspended. Click https://secure-bank.com/?id=12dae4a1-305 to verify now.,jpg,jpg_12dae4a1-305.jpg,True,https://secure-bank.com/?id=12dae4a1-305,invoice_fraud,0,0,medium,medium,12ad4b85969c
c330ee49-f57,email,2025-11-13T17:46:25.280444Z,user117@secure-bank.com,user1667@example.com,loanfast.info,"Hello, please review attached report",pdf,pdf_c330ee49-f57.pdf,False,,phishing,0,0,high,high,6cd5296127b2
bb251d82-d64,email,2025-10-27T12:25:04.280469Z,user267@trusted-health.org,user1607@example.com,trusted-health.org,Urgent: Your account will be suspended. Click https://trusted-health.org/?id=bb251d82-d64 to verify now.,jpg,jpg_bb251d82-d64.jpg,True,https://trusted-health.org/?id=bb251d82-d64,phishing,0,0,medium,medium,7e050898ef62
393e2035-865,email,2025-10-24T19:14:11.280496Z,user343@uni-scholar.org,user1882@example.com,payments-update.com,"Hello, please review attached report",mp4,mp4_393e2035-865.mp4,False,,benign,0,0,low,low,bf43a3a3b27a
775053f6-200,sms,2025-09-05T15:11:31.280519Z,+918413884997,+917244160963,payments-update.com,Your OTP is 123456 - never share it,none,none,False,,benign,0,0,low,low,c0868ec19c32
769b5463-cb4,upload,2025-10-10T12:11:51.280544Z,Vikram Rao,admin,,Uploaded media for review,mp4,mp4_769b5463-cb4.mp4,False,,benign,0,0,medium,medium,354ab826a69c
cebeef0d-231,email,2025-08-25T18:23:49.280566Z,user252@loanfast.info,user1334@example.com,payments-update.com,Scholarship awarded! Apply here: https://payments-update.com/?id=cebeef0d-231 — limited seats.,docx,docx_cebeef0d-231.docx,True,https://payments-update.com/?id=cebeef0d-231,benign,0,0,low,low,cc6da94774ee
2004cb91-9f4,email,2025-11-18T12:34:38.280592Z,user478@uni-scholar.org,user1231@example.com,payments-update.com,Payroll issue: update your bank details: https://payments-update.com/?id=2004cb91-9f4,png,png_2004cb91-9f4.png,True,https://payments-update.com/?id=2004cb91-9f4,benign,0,0,low,low,323bef0e9b52
9c736b28-545,email,2025-08-26T05:46:11.280618Z,user902@docverify.net,user1601@example.com,uni-scholar.org,Scholarship awarded! Apply here: https://uni-scholar.org/?id=9c736b28-545 — limited seats.,mp4,mp4_9c736b28-545.mp4,True,https://uni-scholar.org/?id=9c736b28-545,phishing,0,0,high,high,157e2a6f90da
0827b4f3-b83,email,2025-10-03T20:03:04.280646Z,user907@docverify.net,user1156@example.com,payments-update.com,Urgent: Your account will be suspended. Click https://payments-update.com/?id=0827b4f3-b83 to verify now.,docx,docx_0827b4f3-b83.docx,True,https://payments-update.com/?id=0827b4f3-b83,benign,0,0,medium,medium,4b9d9c7d8e30
6ee2f15a-955,social,2025-09-06T00:37:27.280672Z,John Smith,public,,Interview leaked - audio attached,mp4,mp4_6ee2f15a-955.mp4,False,,benign,0,0,low,low,afeb8ec31dd2
2e7cd2f6-888,document,2025-09-26T06:54:17.280696Z,globaluni@parcel-track.net,records@hospital.org,,Hospital discharge summary - Patient: John Smith - MRN: 2e7cd2f6-888 | DOB: 1981-05-28,pdf,pdf_2e7cd2f6-888.pdf,False,,legit_doc,0,1,low,low,d4bd6aa64da0
ecd0c7fc-a05,email,2025-11-03T17:27:26.280724Z,user542@uni-scholar.org,user1931@example.com,secure-bank.com,"Hello, please review attached report",jpg,jpg_ecd0c7fc-a05.jpg,False,,phishing,0,0,medium,medium,87fcc20da07b
db415feb-d31,email,2025-10-19T22:32:08.280766Z,user742@docverify.net,user1460@example.com,payments-update.com,Security alert: New sign-in from unknown device. Reset here: https://payments-update.com/?id=db415feb-d31,mp4,mp4_db415feb-d31.mp4,True,https://payments-update.com/?id=db415feb-d31,benign,0,0,low,low,620207acbb32
a1d4509e-640,email,2025-09-10T02:28:18.280814Z,user386@gov-id.org,user1449@example.com,payments-update.com,Payroll issue: update your bank details: https://payments-update.com/?id=a1d4509e-640,pdf,pdf_a1d4509e-640.pdf,True,https://payments-update.com/?id=a1d4509e-640,benign,0,0,low,low,60f135980af7
1eafc9e1-b9b,social,2025-11-20T05:59:11.280854Z,Rahul Verma,public,,Watch this shocking reveal video (see attachment),mp4,mp4_1eafc9e1-b9b.mp4,False,,benign,0,0,high,high,8741670a16a9
9578e5d3-79e,sms,2025-08-29T11:17:44.280891Z,+916378624924,+919926517243,loanfast.info,Loan approved! Complete KYC at http://loanfast.info/surveys?id=9578e5d3-79e,none,none,True,http://loanfast.info/surveys?id=9578e5d3-79e,scam_sms,0,0,medium,medium,abdc24a2c96f
a20a851d-295,sms,2025-09-07T09:26:49.280919Z,+917162172672,+919674633331,docverify.net,Package delivery failed. Confirm at http://docverify.net/surveys?id=a20a851d-295,none,none,True,http://docverify.net/surveys?id=a20a851d-295,benign,0,0,medium,medium,7dbdfaec7ac1
9398ee11-18d,document,2025-09-23T23:46:45.280945Z,medilifehospital@trusted-health.org,records@gov.org,,Hospital discharge summary - Patient: John Smith - MRN: 9398ee11-18d,pdf,pdf_9398ee11-18d.pdf,False,,fake_doc,1,0,high,high,de6c6c177b06
9945882c-78a,document,2025-10-09T08:49:40.280972Z,fintrustltd@secure-bank.com,records@company.com,,Medical test report - Patient: Aisha Khan - Result: Pending - Ref 9945882c-78a | DOB: 1997-05-13,pdf,pdf_9945882c-78a.pdf,False,,fake_doc,0,1,medium,medium,737aa895cd21
2e2ccddc-4ba,document,2025-08-29T14:55:23.281002Z,fintrustltd@payments-update.com,records@hospital.org,,Offer letter - Company: JobHub Pvt Ltd - Candidate: Aisha Khan | DOB: 1972-08-11,docx,docx_2e2ccddc-4ba.docx,False,,legit_doc,0,1,medium,medium,ba08db48013c
bdeb2799-b0b,social,2025-10-26T01:40:05.281029Z,Rahul Verma,public,,Watch this shocking reveal video (see attachment),mp4,mp4_bdeb2799-b0b.mp4,False,,deepfake_media,0,0,high,high,077312e58f75
0848a4d6-ad3,email,2025-10-08T16:32:45.281053Z,user101@loanfast.info,user1443@example.com,gov-id.org,"Hello, please review attached report Patient: John Smith, Acc: XXXX-XXXX-6279",docx,docx_0848a4d6-ad3.docx,False,,benign,0,1,low,low,b2474c40ff51
ea14c98b-d2c,sms,2025-10-30T07:29:09.281080Z,+917604683284,+917843140691,gov-id.org,Package delivery failed. Confirm at http://gov-id.org/surveys?id=ea14c98b-d2c,none,none,True,http://gov-id.org/surveys?id=ea14c98b-d2c,benign,0,0,high,high,3b2ff1386641
f62ce78a-7a5,email,2025-08-31T22:52:24.281112Z,user789@payments-update.com,user1639@example.com,trusted-health.org,Scholarship awarded! Apply here: https://trusted-health.org/?id=f62ce78a-7a5 — limited seats.,docx,docx_f62ce78a-7a5.docx,True,https://trusted-health.org/?id=f62ce78a-7a5,benign,0,0,low,low,714c795829c4
0ddcf6f5-be2,social,2025-09-25T05:23:59.281153Z,Sana Ahmed,public,,Viral video: unbelievable transformation - shared by Vikram Rao,none,none,False,,deepfake_media,1,0,medium,medium,0eff2515ba22
271f3130-e07,document,2025-08-26T16:29:51.281187Z,fintrustltd@parcel-track.net,records@hospital.org,,Medical test report - Patient: Vikram Rao - Result: Pending - Ref 271f3130-e07,pdf,pdf_271f3130-e07.pdf,False,,legit_doc,0,0,medium,medium,bfaf5eaadbfe
96465ab2-a8f,email,2025-11-20T00:24:23.281224Z,user435@trusted-health.org,user1253@example.com,payments-update.com,Urgent: Your account will be suspended. Click https://payments-update.com/?id=96465ab2-a8f to verify now.,docx,docx_96465ab2-a8f.docx,True,https://payments-update.com/?id=96465ab2-a8f,job_scam,0,0,high,high,f9d3961cced0
40083a6d-007,sms,2025-10-29T18:31:05.281264Z,+919656900528,+919476159325,uni-scholar.org,Your exam result updated. Login at http://uni-scholar.org/surveys?id=40083a6d-007,none,none,True,http://uni-scholar.org/surveys?id=40083a6d-007,benign,0,0,low,low,a0a094ddab2e
895c6524-cac,sms,2025-10-04T21:54:14.281301Z,+918693720873,+918587403712,uni-scholar.org,Your OTP is 123456 - never share it,none,none,False,,loan_scam,0,0,low,low,29abbac222df
2b1bc05a-6cc,sms,2025-10-14T08:08:27.281336Z,+919412677943,+916362129850,uni-scholar.org,Your exam result updated. Login at http://uni-scholar.org/surveys?id=2b1bc05a-6cc,none,none,True,http://uni-scholar.org/surveys?id=2b1bc05a-6cc,loan_scam,0,0,low,low,1cbba11b4203
6294bc00-033,social,2025-10-14T15:23:29.281372Z,John Smith,public,,Watch this shocking reveal video (see attachment),none,none,False,,deepfake_media,1,0,high,high,a2f01293c962
50d5bac8-bbf,social,2025-09-23T03:40:11.281406Z,Vikram Rao,public,,Viral video: unbelievable transformation - shared by John Smith,jpg,jpg_50d5bac8-bbf.jpg,False,,benign,0,0,low,low,9e5aa596b755
1153317f-c09,email,2025-08-25T20:28:30.281439Z,user713@parcel-track.net,user1433@example.com,secure-bank.com,Scholarship awarded! Apply here: https://secure-bank.com/?id=1153317f-c09 — limited seats.,docx,docx_1153317f-c09.docx,True,https://secure-bank.com/?id=1153317f-c09,benign,0,0,low,low,28bbc14b9cd6
377b5af6-18b,email,2025-08-30T18:36:06.281479Z,user661@trusted-health.org,user1672@example.com,payments-update.com,"Hello, please review attached report",png,png_377b5af6-18b.png,False,,benign,0,0,low,low,c3c86ebb59f5
e33c897f-6b9,email,2025-08-27T14:41:23.281516Z,user309@uni-scholar.org,user1330@example.com,trusted-health.org,"Hello, please review attached report",mp4,mp4_e33c897f-6b9.mp4,False,,phishing,0,0,high,high,503a16dd6b9a
3e529689-369,sms,2025-09-11T08:00:55.281553Z,+916090414404,+916593697294,docverify.net,Your OTP is 123456 - never share it,none,none,False,,scam_sms,0,0,high,high,57716182bbca
19f9876b-95a,email,2025-09-09T13:37:39.281589Z,user112@payments-update.com,user1926@example.com,loanfast.info,Urgent: Your account will be suspended. Click https://loanfast.info/?id=19f9876b-95a to verify now.,pdf,pdf_19f9876b-95a.pdf,True,https://loanfast.info/?id=19f9876b-95a,benign,0,0,high,high,873f3db7fba0
f28450da-8e2,document,2025-10-17T02:32:46.281627Z,fintrustltd@docverify.net,records@gov.org,,Medical test report - Patient: John Smith - Result: Pending - Ref f28450da-8e2,docx,docx_f28450da-8e2.docx,False,,fake_doc,1,0,high,high,ea6b9db61525
2e12cd35-b07,email,2025-09-13T01:34:33.281677Z,user806@docverify.net,user1400@example.com,parcel-track.net,Action required: Confirm your payment method at https://parcel-track.net/?id=2e12cd35-b07. Invoice attached: invoice_2e12cd35-b07.pdf,pdf,pdf_2e12cd35-b07.pdf,True,https://parcel-track.net/?id=2e12cd35-b07,invoice_fraud,0,0,medium,medium,ac07102af283
34f75ac7-f39,social,2025-11-21T13:25:03.281717Z,Aisha Khan,public,,Watch this shocking reveal video (see attachment),jpg,jpg_34f75ac7-f39.jpg,False,,harassment,0,0,high,high,535dfed0c783
cf1dbb6d-b28,email,2025-11-18T16:19:47.281750Z,user191@secure-bank.com,user1332@example.com,secure-bank.com,Action required: Confirm your payment method at https://secure-bank.com/?id=cf1dbb6d-b28. Invoice attached: invoice_cf1dbb6d-b28.pdf,pdf,pdf_cf1dbb6d-b28.pdf,True,https://secure-bank.com/?id=cf1dbb6d-b28,job_scam,0,0,critical,critical,0c447312d7cf
13aa0e5f-0ea,email,2025-10-14T15:33:14.282040Z,user265@secure-bank.com,user1865@example.com,trusted-health.org,Action required: Confirm your payment method at https://trusted-health.org/?id=13aa0e5f-0ea. Invoice attached: invoice_13aa0e5f-0ea.pdf,pdf,pdf_13aa0e5f-0ea.pdf,True,https://trusted-health.org/?id=13aa0e5f-0ea,benign,0,0,low,low,06c81b0f35ad
e32d1196-8b9,sms,2025-09-20T17:11:51.282085Z,+917302163556,+917716497470,trusted-health.org,Package delivery failed. Confirm at http://trusted-health.org/surveys?id=e32d1196-8b9,none,none,True,http://trusted-health.org/surveys?id=e32d1196-8b9,benign,0,0,low,low,33c2b3a15293
b996345c-bd1,social,2025-10-24T10:02:54.282118Z,Meera Patel,public,,Interview leaked - audio attached,jpg,jpg_b996345c-bd1.jpg,False,,benign,0,0,low,low,4ed02e49643e
bdec9a85-373,email,2025-08-24T10:25:43.282146Z,user358@docverify.net,user1970@example.com,parcel-track.net,Action required: Confirm your payment method at https://parcel-track.net/?id=bdec9a85-373. Invoice attached: invoice_bdec9a85-373.pdf,pdf,pdf_bdec9a85-373.pdf,True,https://parcel-track.net/?id=bdec9a85-373,benign,0,0,medium,medium,1f2864850a50
7dbae898-259,email,2025-08-29T10:26:22.282203Z,user122@trusted-health.org,user1168@example.com,loanfast.info,Urgent: Your account will be suspended. Click https://loanfast.info/?id=7dbae898-259 to verify now.,pdf,pdf_7dbae898-259.pdf,True,https://loanfast.info/?id=7dbae898-259,invoice_fraud,0,0,high,high,6a143730198e
75562a36-807,sms,2025-10-30T02:06:25.282236Z,+919297704978,+918442698013,gov-id.org,Loan approved! Complete KYC at http://gov-id.org/surveys?id=75562a36-807,none,none,True,http://gov-id.org/surveys?id=75562a36-807,benign,0,0,medium,medium,eacf564568a1
fc7d8023-39d,email,2025-09-16T04:54:37.282264Z,user575@docverify.net,user1035@example.com,docverify.net,Action required: Confirm your payment method at https://docverify.net/?id=fc7d8023-39d. Invoice attached: invoice_fc7d8023-39d.pdf,pdf,pdf_fc7d8023-39d.pdf,True,https://docverify.net/?id=fc7d8023-39d,job_scam,0,0,medium,medium,844041d824c0
67ccc90f-9cf,sms,2025-09-30T14:24:00.282293Z,+916450912983,+918354545518,parcel-track.net,Package delivery failed. Confirm at http://parcel-track.net/surveys?id=67ccc90f-9cf,none,none,True,http://parcel-track.net/surveys?id=67ccc90f-9cf,benign,0,0,low,low,f388eef55cae
7c6e5d45-3df,sms,2025-10-30T11:25:17.282320Z,+916976834078,+919096629587,payments-update.com,Your exam result updated. Login at http://payments-update.com/surveys?id=7c6e5d45-3df,none,none,True,http://payments-update.com/surveys?id=7c6e5d45-3df,benign,0,0,low,low,52db66551f7f
544d5044-151,email,2025-11-13T21:38:41.282345Z,user488@payments-update.com,user1801@example.com,secure-bank.com,Payroll issue: update your bank details: https://secure-bank.com/?id=544d5044-151,jpg,jpg_544d5044-151.jpg,True,https://secure-bank.com/?id=544d5044-151,benign,0,0,medium,medium,56a1041b0f2f
a828d374-bc9,email,2025-11-07T23:31:33.282373Z,user707@uni-scholar.org,user1196@example.com,parcel-track.net,Payroll issue: update your bank details: https://parcel-track.net/?id=a828d374-bc9,jpg,jpg_a828d374-bc9.jpg,True,https://parcel-track.net/?id=a828d374-bc9,job_scam,0,0,low,low,6530ad72eab8
b0c3d63c-b7f,email,2025-09-03T13:16:44.282401Z,user708@secure-bank.com,user1832@example.com,loanfast.info,"Hello, please review attached report",none,none,False,,benign,0,0,medium,medium,c0e6c504fe29
2511c65b-7e3,email,2025-09-06T11:55:15.282426Z,user364@payments-update.com,user1910@example.com,payments-update.com,Payroll issue: update your bank details: https://payments-update.com/?id=2511c65b-7e3,pdf,pdf_2511c65b-7e3.pdf,True,https://payments-update.com/?id=2511c65b-7e3,phishing,0,0,medium,medium,42b2bd8fc0e8
5464512e-c5d,sms,2025-10-28T02:48:56.282454Z,+917676790253,+916929050116,trusted-health.org,Package delivery failed. Confirm at http://trusted-health.org/surveys?id=5464512e-c5d,none,none,True,http://trusted-health.org/surveys?id=5464512e-c5d,benign,0,0,medium,medium,60031e51c156
de702688-eab,sms,2025-10-26T19:28:07.282481Z,+918903573154,+919637109683,payments-update.com,Your OTP is 123456 - never share it,none,none,False,,benign,0,0,medium,medium,70a87c2163fc
8d5ce508-368,email,2025-08-27T08:23:24.282513Z,user656@gov-id.org,user1000@example.com,payments-update.com,"Hello, please review attached report",docx,docx_8d5ce508-368.docx,False,,invoice_fraud,0,0,high,high,fffcd3ae09f1
f97bb248-83a,social,2025-11-18T08:17:20.282544Z,Meera Patel,public,,Watch this shocking reveal video (see attachment),none,none,False,,harassment,0,0,low,low,6e492f14b3ba
d762b764-897,sms,2025-11-22T11:53:32.282571Z,+916523609362,+919604501877,gov-id.org,Package delivery failed. Confirm at http://gov-id.org/surveys?id=d762b764-897,none,none,True,http://gov-id.org/surveys?id=d762b764-897,benign,0,0,low,low,f02a40ae7ed9
757aacfc-824,document,2025-09-16T06:31:59.282599Z,acmecorp@trusted-health.org,records@gov.org,,Hospital discharge summary - Patient: Meera Patel - MRN: 757aacfc-824,pdf,pdf_757aacfc-824.pdf,False,,legit_doc,0,0,medium,medium,c07dc084a47e
5a18366f-20f,social,2025-10-04T21:28:42.282628Z,Sana Ahmed,public,,Viral video: unbelievable transformation - shared by Vikram Rao,none,none,False,,benign,0,0,medium,medium,f00ff286365d
ac5a2b07-be7,sms,2025-09-07T00:16:15.282652Z,+917273925276,+918838740442,uni-scholar.org,Your OTP is 123456 - never share it,none,none,False,,scam_sms,0,0,high,high,a49144111fee
b79044a5-584,email,2025-10-22T18:32:39.282679Z,user186@secure-bank.com,user1127@example.com,payments-update.com,Urgent: Your account will be suspended. Click https://payments-update.com/?id=b79044a5-584 to verify now.,mp4,mp4_b79044a5-584.mp4,True,https://payments-update.com/?id=b79044a5-584,benign,0,0,low,low,814097d4d4a4
fc99b2a7-8cc,social,2025-09-28T05:00:39.282709Z,Aisha Khan,public,,Interview leaked - audio attached,mp4,mp4_fc99b2a7-8cc.mp4,False,,benign,0,0,medium,medium,675a7af9b7ed
03fec398-f1f,sms,2025-09-15T03:31:49.282733Z,+916991721594,+918293121266,payments-update.com,Loan approved! Complete KYC at http://payments-update.com/surveys?id=03fec398-f1f,none,none,True,http://payments-update.com/surveys?id=03fec398-f1f,loan_scam,0,0,medium,medium,71ba706fddd0
b65331de-caf,upload,2025-09-19T10:44:51.282760Z,Sana Ahmed,admin,,Uploaded media for review,mp4,mp4_b65331de-caf.mp4,False,,deepfake_media,1,0,high,high,465bc63e7e7c
f93c4371-65c,sms,2025-09-08T14:13:27.282782Z,+917286047284,+919621856412,payments-update.com,Free voucher! Redeem at http://payments-update.com/surveys?id=f93c4371-65c,none,none,True,http://payments-update.com/surveys?id=f93c4371-65c,benign,0,0,low,low,df1feb92e656
f6c33a90-182,document,2025-10-22T10:35:29.282810Z,medilifehospital@trusted-health.org,records@gov.org,,Government ID correction letter - Ref: f6c33a90-182 | DOB: 1994-03-14,pdf,pdf_f6c33a90-182.pdf,False,,legit_doc,0,1,medium,medium,cb43ef89ba8b
fc37e084-058,document,2025-09-23T02:10:36.282840Z,jobhubpvtltd@payments-update.com,records@hospital.org,,Hospital discharge summary - Patient: Rahul Verma - MRN: fc37e084-058,docx,docx_fc37e084-058.docx,False,,fake_doc,0,0,medium,medium,a9f9feb57ff0
aed6ae17-179,document,2025-09-10T19:17:21.282868Z,fintrustltd@uni-scholar.org,records@gov.org,,Government ID correction letter - Ref: aed6ae17-179,pdf,pdf_aed6ae17-179.pdf,False,,legit_doc,0,0,medium,medium,f09f008c110f
237922d4-bfc,upload,2025-09-08T09:20:41.282893Z,Aisha Khan,admin,,Uploaded media for review,mp4,mp4_237922d4-bfc.mp4,False,,deepfake_media,1,0,medium,medium,a0a38a3e4215
31dfe801-214,document,2025-10-18T14:33:16.282916Z,medilifehospital@trusted-health.org,records@company.com,,Certified true copy - see attached,docx,docx_31dfe801-214.docx,False,,legit_doc,0,0,medium,medium,5373eb8152de
59c2ee9d-569,social,2025-09-04T00:59:08.282941Z,Sana Ahmed,public,,Interview leaked - audio attached,none,none,False,,harassment,0,0,medium,medium,e14474e99436
90b08d0a-6cd,sms,2025-09-06T21:36:31.282965Z,+917766746666,+917262869054,payments-update.com,Package delivery failed. Confirm at http://payments-update.com/surveys?id=90b08d0a-6cd,none,none,True,http://payments-update.com/surveys?id=90b08d0a-6cd,benign,0,0,high,high,eccc2ae83f32
3ba5fec0-cf3,email,2025-10-29T19:26:50.282992Z,user456@loanfast.info,user1336@example.com,gov-id.org,"Payroll issue: update your bank details: https://gov-id.org/?id=3ba5fec0-cf3 Patient: Rahul Verma, Acc: XXXX-XXXX-7530",png,png_3ba5fec0-cf3.png,True,https://gov-id.org/?id=3ba5fec0-cf3,benign,0,1,low,low,c274669a4696
589bee07-1ca,sms,2025-10-30T09:49:12.283022Z,+916851492165,+916226154750,parcel-track.net,Loan approved! Complete KYC at http://parcel-track.net/surveys?id=589bee07-1ca,none,none,True,http://parcel-track.net/surveys?id=589bee07-1ca,benign,0,0,low,low,614ccb6417ac
9770032f-e34,email,2025-09-12T00:16:36.283048Z,user519@parcel-track.net,user1621@example.com,uni-scholar.org,"Security alert: New sign-in from unknown device. Reset here: https://uni-scholar.org/?id=9770032f-e34 Patient: Vikram Rao, Acc: XXXX-XXXX-5023",docx,docx_9770032f-e34.docx,True,https://uni-scholar.org/?id=9770032f-e34,phishing,0,1,critical,critical,8b2aec80693b
eb6d5941-746,document,2025-08-28T07:07:36.283080Z,medilifehospital@loanfast.info,records@company.com,,Certified true copy - see attached,pdf,pdf_eb6d5941-746.pdf,False,,fake_doc,1,0,high,high,2c33fa93a63d
ece710bb-7ed,sms,2025-09-22T06:28:31.283136Z,+919244987983,+917323240661,secure-bank.com,Your exam result updated. Login at http://secure-bank.com/surveys?id=ece710bb-7ed,none,none,True,http://secure-bank.com/surveys?id=ece710bb-7ed,scam_sms,0,0,high,high,ef8ababba745
b525add0-f1d,sms,2025-09-14T09:14:42.283175Z,+919870079842,+919222475926,docverify.net,Your exam result updated. Login at http://docverify.net/surveys?id=b525add0-f1d,none,none,True,http://docverify.net/surveys?id=b525add0-f1d,benign,0,0,low,low,c49b75e5b9b0
8c77b695-936,sms,2025-11-19T09:31:48.283202Z,+917538485832,+919835461070,docverify.net,Package delivery failed. Confirm at http://docverify.net/surveys?id=8c77b695-936,none,none,True,http://docverify.net/surveys?id=8c77b695-936,scam_sms,0,0,low,low,a30c19f7fb5d
d4f9411e-9f2,upload,2025-09-03T02:05:46.283229Z,Rahul Verma,admin,,Uploaded media for review,png,png_d4f9411e-9f2.png,False,,benign,0,0,high,high,40fb26015cdf
5329959e-d6c,email,2025-09-27T05:59:27.283252Z,user477@parcel-track.net,user1022@example.com,payments-update.com,"Hello, please review attached report",png,png_5329959e-d6c.png,False,,invoice_fraud,0,0,critical,critical,6ec3038268fd
f3251047-97f,email,2025-09-24T23:08:48.283279Z,user832@gov-id.org,user1859@example.com,gov-id.org,Urgent: Your account will be suspended. Click https://gov-id.org/?id=f3251047-97f to verify now.,pdf,pdf_f3251047-97f.pdf,True,https://gov-id.org/?id=f3251047-97f,benign,0,0,low,low,6e6894a603e8
54f1939c-2a0,email,2025-10-13T09:52:34.283306Z,user740@parcel-track.net,user1464@example.com,gov-id.org,Scholarship awarded! Apply here: https://gov-id.org/?id=54f1939c-2a0 — limited seats.,jpg,jpg_54f1939c-2a0.jpg,True,https://gov-id.org/?id=54f1939c-2a0,phishing,0,0,high,high,6c4e4bb8e6af
77fae110-b24,email,2025-09-28T04:00:10.283339Z,user826@secure-bank.com,user1096@example.com,loanfast.info,Urgent: Your account will be suspended. Click https://loanfast.info/?id=77fae110-b24 to verify now.,png,png_77fae110-b24.png,True,https://loanfast.info/?id=77fae110-b24,phishing,0,0,high,high,e5f857354be5
7d2af43d-2a3,sms,2025-09-06T11:04:58.283368Z,+916154895460,+919284570341,loanfast.info,Package delivery failed. Confirm at http://loanfast.info/surveys?id=7d2af43d-2a3,none,none,True,http://loanfast.info/surveys?id=7d2af43d-2a3,benign,0,0,critical,critical,b8f4ded822e4
2275b593-0ad,sms,2025-09-02T16:39:04.283395Z,+916003052669,+916740235460,parcel-track.net,Loan approved! Complete KYC at http://parcel-track.net/surveys?id=2275b593-0ad,none,none,True,http://parcel-track.net/surveys?id=2275b593-0ad,scam_sms,0,0,low,low,dfe0ebcd35bb
09fb1f3b-f56,email,2025-09-24T10:44:57.283422Z,user368@uni-scholar.org,user1401@example.com,loanfast.info,"Action required: Confirm your payment method at https://loanfast.info/?id=09fb1f3b-f56. Invoice attached: invoice_09fb1f3b-f56.pdf Patient: Rahul Verma, Acc: XXXX-XXXX-7921",pdf,pdf_09fb1f3b-f56.pdf,True,https://loanfast.info/?id=09fb1f3b-f56,benign,0,1,low,low,d63ea16d5e95
d788226d-f64,email,2025-09-03T14:30:24.283451Z,user344@gov-id.org,user1148@example.com,loanfast.info,Urgent: Your account will be suspended. Click https://loanfast.info/?id=d788226d-f64 to verify now.,jpg,jpg_d788226d-f64.jpg,True,https://loanfast.info/?id=d788226d-f64,phishing,0,0,medium,medium,146c2149f9ac
26abb211-481,sms,2025-10-21T20:32:05.283479Z,+917328736767,+919172747875,secure-bank.com,Your exam result updated. Login at http://secure-bank.com/surveys?id=26abb211-481,none,none,True,http://secure-bank.com/surveys?id=26abb211-481,benign,0,0,low,low,004b05df7c35
d56489f9-f82,email,2025-10-24T15:07:24.283505Z,user664@trusted-health.org,user1780@example.com,payments-update.com,Scholarship awarded! Apply here: https://payments-update.com/?id=d56489f9-f82 — limited seats.,pdf,pdf_d56489f9-f82.pdf,True,https://payments-update.com/?id=d56489f9-f82,benign,0,0,high,high,067cf9550af5
c484b769-ad3,email,2025-11-05T08:41:04.283534Z,user207@payments-update.com,user1196@example.com,trusted-health.org,Action required: Confirm your payment method at https://trusted-health.org/?id=c484b769-ad3. Invoice attached: invoice_c484b769-ad3.pdf,pdf,pdf_c484b769-ad3.pdf,True,https://trusted-health.org/?id=c484b769-ad3,scholarship_scam,0,0,low,low,9ed8f7deaf0a
f3b22c00-077,email,2025-09-09T06:39:07.283562Z,user170@loanfast.info,user1571@example.com,gov-id.org,Payroll issue: update your bank details: https://gov-id.org/?id=f3b22c00-077,jpg,jpg_f3b22c00-077.jpg,True,https://gov-id.org/?id=f3b22c00-077,phishing,0,0,medium,medium,9ab1cade9ed3
cad51ebc-d00,email,2025-09-29T11:47:27.283589Z,user599@parcel-track.net,user1736@example.com,docverify.net,Security alert: New sign-in from unknown device. Reset here: https://docverify.net/?id=cad51ebc-d00,png,png_cad51ebc-d00.png,True,https://docverify.net/?id=cad51ebc-d00,benign,0,0,low,low,dfa7b0d85317
fa948b7a-8cc,document,2025-10-08T01:38:34.283615Z,acmecorp@uni-scholar.org,records@company.com,,Government ID correction letter - Ref: fa948b7a-8cc | DOB: 2003-04-16,pdf,pdf_fa948b7a-8cc.pdf,False,,legit_doc,0,1,low,low,27d8e1925742
f01f2f0c-865,upload,2025-09-29T13:11:42.283643Z,Vikram Rao,admin,,Uploaded media for review,jpg,jpg_f01f2f0c-865.jpg,False,,benign,0,0,medium,medium,2f1d24f045b0
142bd6f9-7ad,sms,2025-10-25T17:18:33.283666Z,+916245923807,+916874053034,loanfast.info,Your OTP is 123456 - never share it,none,none,False,,scam_sms,0,0,high,high,a2965d23247f
9bd38256-30b,email,2025-10-26T20:07:39.283691Z,user740@loanfast.info,user1661@example.com,uni-scholar.org,Payroll issue: update your bank details: https://uni-scholar.org/?id=9bd38256-30b,jpg,jpg_9bd38256-30b.jpg,True,https://uni-scholar.org/?id=9bd38256-30b,benign,0,0,low,low,4d3a5a6b9be8
85c75eb2-6a1,email,2025-09-12T11:05:21.283728Z,user544@uni-scholar.org,user1848@example.com,loanfast.info,Action required: Confirm your payment method at https://loanfast.info/?id=85c75eb2-6a1. Invoice attached: invoice_85c75eb2-6a1.pdf,pdf,pdf_85c75eb2-6a1.pdf,True,https://loanfast.info/?id=85c75eb2-6a1,benign,0,0,medium,medium,9615d7cb5bf0
3cbad4bb-65e,sms,2025-09-28T04:37:11.283758Z,+919921333386,+917556005495,parcel-track.net,Loan approved! Complete KYC at http://parcel-track.net/surveys?id=3cbad4bb-65e,none,none,True,http://parcel-track.net/surveys?id=3cbad4bb-65e,scam_sms,0,0,high,high,6f8ea3058460
0b641085-c56,social,2025-10-18T06:29:52.283800Z,Vikram Rao,public,,Watch this shocking reveal video (see attachment),none,none,False,,benign,0,0,low,low,995eb384eb56
958252bd-b23,email,2025-11-13T20:17:09.283852Z,user810@secure-bank.com,user1390@example.com,gov-id.org,"Payroll issue: update your bank details: https://gov-id.org/?id=958252bd-b23 Patient: Vikram Rao, Acc: XXXX-XXXX-1546",jpg,jpg_958252bd-b23.jpg,True,https://gov-id.org/?id=958252bd-b23,benign,0,1,low,low,5e3b0f4e76fb
8b202712-337,sms,2025-08-29T22:24:23.283900Z,+917773600955,+917201423244,uni-scholar.org,Package delivery failed. Confirm at http://uni-scholar.org/surveys?id=8b202712-337,none,none,True,http://uni-scholar.org/surveys?id=8b202712-337,benign,0,0,low,low,6dadbedbad31
e0863482-ccd,document,2025-09-02T01:40:16.283942Z,fintrustltd@payments-update.com,records@gov.org,,Certified true copy - see attached | DOB: 1998-08-10,pdf,pdf_e0863482-ccd.pdf,False,,fake_doc,1,1,medium,medium,c5d993cee273
9413abbf-f62,email,2025-10-04T09:30:10.283988Z,user539@trusted-health.org,user1610@example.com,secure-bank.com,Security alert: New sign-in from unknown device. Reset here: https://secure-bank.com/?id=9413abbf-f62,jpg,jpg_9413abbf-f62.jpg,True,https://secure-bank.com/?id=9413abbf-f62,benign,0,0,low,low,86854647e9aa
c1ec923f-07d,upload,2025-10-27T01:30:42.284031Z,Aisha Khan,admin,,Uploaded media for review,png,png_c1ec923f-07d.png,False,,deepfake_media,0,0,low,low,336020ce3aa3
cd038d2f-bdc,sms,2025-10-12T08:58:53.284065Z,+917387269528,+919051547452,loanfast.info,Your OTP is 123456 - never share it,none,none,False,,scam_sms,0,0,low,low,f19b639ad821
da9b84c6-4ed,email,2025-11-02T10:39:35.284108Z,user628@trusted-health.org,user1622@example.com,parcel-track.net,Action required: Confirm your payment method at https://parcel-track.net/?id=da9b84c6-4ed. Invoice attached: invoice_da9b84c6-4ed.pdf,pdf,pdf_da9b84c6-4ed.pdf,True,https://parcel-track.net/?id=da9b84c6-4ed,benign,0,0,medium,medium,ab9e17e17d57
fb50bcd8-a58,sms,2025-10-03T15:16:05.284182Z,+917944472085,+918891427721,uni-scholar.org,Loan approved! Complete KYC at http://uni-scholar.org/surveys?id=fb50bcd8-a58,none,none,True,http://uni-scholar.org/surveys?id=fb50bcd8-a58,benign,0,0,low,low,e56a6afbe361
af7a0049-194,document,2025-09-21T21:11:45.284225Z,jobhubpvtltd@gov-id.org,records@hospital.org,,Certified true copy - see attached | DOB: 2006-01-15,pdf,pdf_af7a0049-194.pdf,False,,fake_doc,1,1,high,high,05d3923f0d92
8d526a39-91f,email,2025-09-07T12:11:39.284272Z,user380@payments-update.com,user1175@example.com,secure-bank.com,Action required: Confirm your payment method at https://secure-bank.com/?id=8d526a39-91f. Invoice attached: invoice_8d526a39-91f.pdf,pdf,pdf_8d526a39-91f.pdf,True,https://secure-bank.com/?id=8d526a39-91f,benign,0,0,low,low,620a3c4acd8a
d77d52c7-45e,document,2025-09-23T16:50:53.284314Z,acmecorp@gov-id.org,records@gov.org,,Certified true copy - see attached,pdf,pdf_d77d52c7-45e.pdf,False,,fake_doc,1,0,high,high,2ed0a7d6c920
bb517938-79a,social,2025-09-06T04:31:48.284354Z,Vikram Rao,public,,Viral video: unbelievable transformation - shared by Meera Patel,jpg,jpg_bb517938-79a.jpg,False,,deepfake_media,1,0,medium,medium,caafbae67f01
30342c93-b45,social,2025-10-18T04:16:41.284392Z,Rahul Verma,public,,Watch this shocking reveal video (see attachment),jpg,jpg_30342c93-b45.jpg,False,,deepfake_media,1,0,medium,medium,21eb0fac598f
e5facfab-4a8,upload,2025-10-18T21:27:07.284430Z,Aisha Khan,admin,,Uploaded media for review,png,png_e5facfab-4a8.png,False,,benign,0,0,low,low,e9f184a49896
78e4e2ab-29a,sms,2025-10-09T18:20:28.284462Z,+919406821382,+919292633625,docverify.net,Your OTP is 123456 - never share it,none,none,False,,benign,0,0,low,low,ac318f95d1cc
0278e69d-227,email,2025-10-04T06:46:32.284498Z,user855@trusted-health.org,user1686@example.com,uni-scholar.org,"Hello, please review attached report",png,png_0278e69d-227.png,False,,benign,0,0,high,high,9694a44382e1
a394322a-8ea,email,2025-09-23T20:17:25.284536Z,user813@loanfast.info,user1982@example.com,parcel-track.net,"Security alert: New sign-in from unknown device. Reset here: https://parcel-track.net/?id=a394322a-8ea Patient: John Smith, Acc: XXXX-XXXX-6825",docx,docx_a394322a-8ea.docx,True,https://parcel-track.net/?id=a394322a-8ea,benign,0,1,medium,medium,a19b2f649f93
eca52807-974,email,2025-09-02T17:59:54.284579Z,user781@parcel-track.net,user1285@example.com,gov-id.org,"Action required: Confirm your payment method at https://gov-id.org/?id=eca52807-974. Invoice attached: invoice_eca52807-974.pdf Patient: Meera Patel, Acc: XXXX-XXXX-7499",pdf,pdf_eca52807-974.pdf,True,https://gov-id.org/?id=eca52807-974,benign,0,1,medium,medium,6c29877c155f
11b73597-d87,sms,2025-11-07T18:48:17.284623Z,+918929147637,+916458392240,loanfast.info,Your exam result updated. Login at http://loanfast.info/surveys?id=11b73597-d87,none,none,True,http://loanfast.info/surveys?id=11b73597-d87,scam_sms,0,0,medium,medium,edf3645c6e44
5919921e-0b6,email,2025-09-18T04:41:36.284665Z,user779@loanfast.info,user1607@example.com,loanfast.info,"Action required: Confirm your payment method at https://loanfast.info/?id=5919921e-0b6. Invoice attached: invoice_5919921e-0b6.pdf Patient: Rahul Verma, Acc: XXXX-XXXX-7782",pdf,pdf_5919921e-0b6.pdf,True,https://loanfast.info/?id=5919921e-0b6,benign,0,1,low,low,3ab069836721
7a25a40a-cce,email,2025-10-22T23:04:46.284709Z,user113@docverify.net,user1290@example.com,parcel-track.net,Urgent: Your account will be suspended. Click https://parcel-track.net/?id=7a25a40a-cce to verify now.,pdf,pdf_7a25a40a-cce.pdf,True,https://parcel-track.net/?id=7a25a40a-cce,benign,0,0,low,low,1d08928838c9
99c100d1-03a,document,2025-10-28T13:19:08.284750Z,medilifehospital@uni-scholar.org,records@hospital.org,,Certified true copy - see attached | DOB: 2007-05-21,docx,docx_99c100d1-03a.docx,False,,fake_doc,0,1,medium,medium,81483af6f2f5
ab515b6e-a28,email,2025-11-18T06:17:42.284796Z,user359@loanfast.info,user1897@example.com,trusted-health.org,Action required: Confirm your payment method at https://trusted-health.org/?id=ab515b6e-a28. Invoice attached: invoice_ab515b6e-a28.pdf,pdf,pdf_ab515b6e-a28.pdf,True,https://trusted-health.org/?id=ab515b6e-a28,benign,0,0,medium,medium,b906f15c5884
8687d6b1-e4f,sms,2025-11-09T09:59:14.284838Z,+916554118734,+919793529751,secure-bank.com,Your exam result updated. Login at http://secure-bank.com/surveys?id=8687d6b1-e4f,none,none,True,http://secure-bank.com/surveys?id=8687d6b1-e4f,benign,0,0,low,low,1b6195ba5ac5
44c45e22-656,social,2025-11-03T22:24:14.284875Z,John Smith,public,,Interview leaked - audio attached,mp4,mp4_44c45e22-656.mp4,False,,deepfake_media,0,0,medium,medium,539e8bd58248
c90dce94-20a,social,2025-09-21T16:04:01.284911Z,Vikram Rao,public,,Interview leaked - audio attached,jpg,jpg_c90dce94-20a.jpg,False,,deepfake_media,1,0,medium,medium,d1d8382ae70e
0b5c6cde-ee8,upload,2025-09-14T19:53:32.284947Z,Sana Ahmed,admin,,Uploaded media for review,png,png_0b5c6cde-ee8.png,False,,benign,0,0,high,high,172aab97ea84
0ccf7195-dbc,sms,2025-09-07T10:02:54.284978Z,+916867435477,+919182978025,docverify.net,Package delivery failed. Confirm at http://docverify.net/surveys?id=0ccf7195-dbc,none,none,True,http://docverify.net/surveys?id=0ccf7195-dbc,benign,0,0,medium,medium,c3d34fd72305
21581aee-2ec,document,2025-09-30T14:00:35.285016Z,fintrustltd@payments-update.com,records@gov.org,,Offer letter - Company: Global Uni - Candidate: Aisha Khan | DOB: 2006-06-20,pdf,pdf_21581aee-2ec.pdf,False,,legit_doc,0,1,medium,medium,2394071abc17
99c8dec6-cee,social,2025-09-14T22:21:24.285059Z,Meera Patel,public,,Interview leaked - audio attached,jpg,jpg_99c8dec6-cee.jpg,False,,harassment,0,0,low,low,59c38e692539
2dbbec4f-c15,document,2025-09-22T14:42:47.285094Z,globaluni@payments-update.com,records@company.com,,Certified true copy - see attached,pdf,pdf_2dbbec4f-c15.pdf,False,,fake_doc,0,0,medium,medium,1afa5e3d7d91
216aee6c-e07,sms,2025-09-01T19:50:02.285132Z,+918768434305,+919607104392,docverify.net,Your exam result updated. Login at http://docverify.net/surveys?id=216aee6c-e07,none,none,True,http://docverify.net/surveys?id=216aee6c-e07,benign,0,0,high,high,3ea1ff5eedd7
c5aec2f4-f5d,social,2025-09-27T19:15:42.285170Z,Sana Ahmed,public,,Viral video: unbelievable transformation - shared by Sana Ahmed,jpg,jpg_c5aec2f4-f5d.jpg,False,,deepfake_media,1,0,high,high,704d072af18f
c05666e4-d47,email,2025-10-07T07:26:56.285209Z,user321@parcel-track.net,user1059@example.com,payments-update.com,Action required: Confirm your payment method at https://payments-update.com/?id=c05666e4-d47. Invoice attached: invoice_c05666e4-d47.pdf,pdf,pdf_c05666e4-d47.pdf,True,https://payments-update.com/?id=c05666e4-d47,phishing,0,0,critical,critical,95204e057a6f
6d7b346d-b2e,document,2025-09-24T04:55:23.285256Z,fintrustltd@docverify.net,records@company.com,,Medical test report - Patient: Vikram Rao - Result: Pending - Ref 6d7b346d-b2e,pdf,pdf_6d7b346d-b2e.pdf,False,,legit_doc,0,0,low,low,bba6f2f5d78e
bdde3696-c70,sms,2025-11-13T11:41:14.285295Z,+919967118366,+919499597380,docverify.net,Package delivery failed. Confirm at http://docverify.net/surveys?id=bdde3696-c70,none,none,True,http://docverify.net/surveys?id=bdde3696-c70,scam_sms,0,0,low,low,c287dd542618
a4a92094-6e9,sms,2025-10-20T15:27:29.285334Z,+916214418760,+917452208872,trusted-health.org,Your exam result updated. Login at http://trusted-health.org/surveys?id=a4a92094-6e9,none,none,True,http://trusted-health.org/surveys?id=a4a92094-6e9,benign,0,0,low,low,366abda96b37
616b56b5-68e,sms,2025-09-10T19:39:40.285371Z,+919236326883,+916393905353,gov-id.org,Package delivery failed. Confirm at http://gov-id.org/surveys?id=616b56b5-68e,none,none,True,http://gov-id.org/surveys?id=616b56b5-68e,scam_sms,0,0,low,low,683dc1534086
89302ecc-f1c,sms,2025-09-03T13:27:28.285408Z,+918412550751,+916413284073,docverify.net,Package delivery failed. Confirm at http://docverify.net/surveys?id=89302ecc-f1c,none,none,True,http://docverify.net/surveys?id=89302ecc-f1c,benign,0,0,low,low,2ba315e047ca
e95fdd29-d22,email,2025-09-18T16:34:40.285445Z,user673@payments-update.com,user1971@example.com,payments-update.com,"Payroll issue: update your bank details: https://payments-update.com/?id=e95fdd29-d22 Patient: Sana Ahmed, Acc: XXXX-XXXX-7011",pdf,pdf_e95fdd29-d22.pdf,True,https://payments-update.com/?id=e95fdd29-d22,benign,0,1,medium,medium,b37e92f4dc76
11b27714-e78,sms,2025-09-13T20:38:45.285512Z,+918697309299,+919530449389,trusted-health.org,Free voucher! Redeem at http://trusted-health.org/surveys?id=11b27714-e78,none,none,True,http://trusted-health.org/surveys?id=11b27714-e78,benign,0,0,critical,critical,36f6f1b78298
a53d2fe3-30f,email,2025-10-24T04:33:44.285551Z,user380@docverify.net,user1878@example.com,parcel-track.net,"Scholarship awarded! Apply here: https://parcel-track.net/?id=a53d2fe3-30f — limited seats. Patient: Aisha Khan, Acc: XXXX-XXXX-3647",jpg,jpg_a53d2fe3-30f.jpg,True,https://parcel-track.net/?id=a53d2fe3-30f,invoice_fraud,0,1,high,high,2883c5c29ac7
4c4c2d0a-514,sms,2025-10-19T04:34:26.285605Z,+917806774063,+917041780189,loanfast.info,Loan approved! Complete KYC at http://loanfast.info/surveys?id=4c4c2d0a-514,none,none,True,http://loanfast.info/surveys?id=4c4c2d0a-514,benign,0,0,low,low,cec6cfef6725
4ae74b63-95e,social,2025-09-02T08:27:17.285647Z,Vikram Rao,public,,Interview leaked - audio attached,none,none,False,,benign,0,0,medium,medium,c07764c4806c
f4d7189d-97c,sms,2025-10-07T05:54:18.285681Z,+919098077669,+919899483159,loanfast.info,Loan approved! Complete KYC at http://loanfast.info/surveys?id=f4d7189d-97c,none,none,True,http://loanfast.info/surveys?id=f4d7189d-97c,scam_sms,0,0,high,high,a5b4333b0964
a9595f2f-f0f,email,2025-10-18T19:05:18.285729Z,user498@payments-update.com,user1083@example.com,payments-update.com,Payroll issue: update your bank details: https://payments-update.com/?id=a9595f2f-f0f,pdf,pdf_a9595f2f-f0f.pdf,True,https://payments-update.com/?id=a9595f2f-f0f,benign,0,0,low,low,3cbc055376ed
e5951aad-aa9,upload,2025-08-31T20:58:50.285773Z,Vikram Rao,admin,,Uploaded media for review,jpg,jpg_e5951aad-aa9.jpg,False,,deepfake_media,0,0,medium,medium,4c3b7f990a86
47efc21f-24d,document,2025-10-01T07:21:48.285806Z,fintrustltd@gov-id.org,records@gov.org,,Certified true copy - see attached | DOB: 1985-08-21,pdf,pdf_47efc21f-24d.pdf,False,,legit_doc,0,1,low,low,988f2f18c8cc
889ece9a-fe6,email,2025-10-01T04:42:08.285847Z,user424@uni-scholar.org,user1608@example.com,gov-id.org,"Hello, please review attached report",none,none,False,,phishing,0,0,critical,critical,2b8f734567cb
f8296b47-49f,email,2025-09-01T09:23:44.285885Z,user161@trusted-health.org,user1054@example.com,uni-scholar.org,"Hello, please review attached report Patient: Aisha Khan, Acc: XXXX-XXXX-5413",none,none,False,,benign,0,1,low,low,0e80d4bf550d
a9570be2-47e,document,2025-11-01T16:52:48.285925Z,fintrustltd@payments-update.com,records@gov.org,,Certified true copy - see attached | DOB: 1997-03-25,pdf,pdf_a9570be2-47e.pdf,False,,legit_doc,0,1,low,low,d2441e2fb589
07eb77f5-1f7,document,2025-09-01T17:20:47.285966Z,jobhubpvtltd@secure-bank.com,records@hospital.org,,Medical test report - Patient: Meera Patel - Result: Pending - Ref 07eb77f5-1f7 | DOB: 1993-03-17,docx,docx_07eb77f5-1f7.docx,False,,fake_doc,1,1,high,high,c01e249cec0c
40bce441-b8f,document,2025-09-27T19:23:23.286011Z,fintrustltd@loanfast.info,records@company.com,,Certified true copy - see attached | DOB: 1987-08-11,docx,docx_40bce441-b8f.docx,False,,legit_doc,0,1,low,low,c19303f509fc
401b4227-190,social,2025-09-06T22:34:28.286050Z,Vikram Rao,public,,Interview leaked - audio attached,mp4,mp4_401b4227-190.mp4,False,,benign,0,0,low,low,b2eb3606731b
92bf1744-9a0,document,2025-09-24T04:12:35.286100Z,medilifehospital@payments-update.com,records@hospital.org,,Medical test report - Patient: Meera Patel - Result: Pending - Ref 92bf1744-9a0 | DOB: 1970-07-22,docx,docx_92bf1744-9a0.docx,False,,fake_doc,0,1,medium,medium,e2fce3d367e0
42b433ef-bbb,sms,2025-09-10T14:13:49.286133Z,+916895806939,+916304794987,loanfast.info,Your OTP is 123456 - never share it,none,none,False,,scam_sms,0,0,high,high,1fc75ef5c7ad
f2c7db77-d31,email,2025-08-26T22:25:36.286160Z,user775@secure-bank.com,user1087@example.com,parcel-track.net,Scholarship awarded! Apply here: https://parcel-track.net/?id=f2c7db77-d31 — limited seats.,jpg,jpg_f2c7db77-d31.jpg,True,https://parcel-track.net/?id=f2c7db77-d31,benign,0,0,low,low,12e5cb3904fc
e38ccca4-4df,email,2025-11-18T04:43:39.286192Z,user184@parcel-track.net,user1231@example.com,payments-update.com,Payroll issue: update your bank details: https://payments-update.com/?id=e38ccca4-4df,png,png_e38ccca4-4df.png,True,https://payments-update.com/?id=e38ccca4-4df,benign,0,0,low,low,8b863eeac04d
f5d4e543-e18,email,2025-10-16T01:38:45.286220Z,user109@parcel-track.net,user1226@example.com,trusted-health.org,"Security alert: New sign-in from unknown device. Reset here: https://trusted-health.org/?id=f5d4e543-e18 Patient: Vikram Rao, Acc: XXXX-XXXX-6623",none,none,True,https://trusted-health.org/?id=f5d4e543-e18,benign,0,1,low,low,c305fa7c2759
0e1e4f8f-af1,sms,2025-10-07T13:46:53.286248Z,+918381181719,+917506711380,trusted-health.org,Free voucher! Redeem at http://trusted-health.org/surveys?id=0e1e4f8f-af1,none,none,True,http://trusted-health.org/surveys?id=0e1e4f8f-af1,benign,0,0,low,low,eead9b1ec03a
2db5e619-faa,sms,2025-10-08T03:53:05.286275Z,+917424556962,+917160092525,docverify.net,Package delivery failed. Confirm at http://docverify.net/surveys?id=2db5e619-faa,none,none,True,http://docverify.net/surveys?id=2db5e619-faa,scam_sms,0,0,medium,medium,cf339ab7a350
c25e3842-f5a,email,2025-11-01T00:23:56.286304Z,user625@uni-scholar.org,user1692@example.com,trusted-health.org,Scholarship awarded! Apply here: https://trusted-health.org/?id=c25e3842-f5a — limited seats.,jpg,jpg_c25e3842-f5a.jpg,True,https://trusted-health.org/?id=c25e3842-f5a,benign,0,0,low,low,a4d465a7fb00
fdbee7df-c44,email,2025-09-14T10:43:52.286341Z,user322@payments-update.com,user1684@example.com,payments-update.com,Security alert: New sign-in from unknown device. Reset here: https://payments-update.com/?id=fdbee7df-c44,jpg,jpg_fdbee7df-c44.jpg,True,https://payments-update.com/?id=fdbee7df-c44,benign,0,0,low,low,9cbfaa14113a
200a3687-b8c,social,2025-09-21T14:19:17.286369Z,Aisha Khan,public,,Watch this shocking reveal video (see attachment),none,none,False,,deepfake_media,0,0,medium,medium,8a5a8f3643a7
7b663d23-ea9,social,2025-09-27T18:59:46.286402Z,John Smith,public,,Interview leaked - audio attached,mp4,mp4_7b663d23-ea9.mp4,False,,deepfake_media,1,0,high,high,85a433e286ac
eab1cb49-998,email,2025-08-26T19:59:36.286428Z,user767@secure-bank.com,user1130@example.com,uni-scholar.org,Payroll issue: update your bank details: https://uni-scholar.org/?id=eab1cb49-998,docx,docx_eab1cb49-998.docx,True,https://uni-scholar.org/?id=eab1cb49-998,phishing,0,0,medium,medium,ec0062f44aaf
9e808cee-ca3,document,2025-10-20T05:58:34.286458Z,globaluni@gov-id.org,records@hospital.org,,Offer letter - Company: JobHub Pvt Ltd - Candidate: Vikram Rao | DOB: 2004-02-25,pdf,pdf_9e808cee-ca3.pdf,False,,fake_doc,1,1,medium,medium,81bc1ae9575d
d34d83a1-2ca,sms,2025-10-31T08:24:30.286489Z,+917480365840,+918102523788,loanfast.info,Loan approved! Complete KYC at http://loanfast.info/surveys?id=d34d83a1-2ca,none,none,True,http://loanfast.info/surveys?id=d34d83a1-2ca,benign,0,0,low,low,1c65f2547b10
0b39aafd-16f,sms,2025-09-13T05:28:55.286515Z,+916566850315,+917041602171,trusted-health.org,Your exam result updated. Login at http://trusted-health.org/surveys?id=0b39aafd-16f,none,none,True,http://trusted-health.org/surveys?id=0b39aafd-16f,benign,0,0,low,low,3b677c2e2589
be244cbd-cd1,social,2025-09-03T23:45:23.286541Z,Sana Ahmed,public,,Viral video: unbelievable transformation - shared by Rahul Verma,jpg,jpg_be244cbd-cd1.jpg,False,,benign,0,0,low,low,a967f768327a
9a079a50-c56,document,2025-11-09T09:52:57.286566Z,medilifehospital@secure-bank.com,records@hospital.org,,Medical test report - Patient: Meera Patel - Result: Pending - Ref 9a079a50-c56,pdf,pdf_9a079a50-c56.pdf,False,,fake_doc,0,0,medium,medium,8a2ded428797
228198e2-0da,email,2025-11-19T02:54:32.286593Z,user327@payments-update.com,user1644@example.com,payments-update.com,Urgent: Your account will be suspended. Click https://payments-update.com/?id=228198e2-0da to verify now.,pdf,pdf_228198e2-0da.pdf,True,https://payments-update.com/?id=228198e2-0da,phishing,0,0,medium,medium,b73880db5fb8
a828ac39-667,document,2025-10-27T05:07:04.286622Z,fintrustltd@parcel-track.net,records@company.com,,Offer letter - Company: JobHub Pvt Ltd - Candidate: Sana Ahmed | DOB: 1996-06-26,docx,docx_a828ac39-667.docx,False,,legit_doc,0,1,high,high,a872316e0e18
054a763c-ed9,email,2025-11-17T09:41:45.286672Z,user862@loanfast.info,user1176@example.com,payments-update.com,"Hello, please review attached report",pdf,pdf_054a763c-ed9.pdf,False,,benign,0,0,low,low,3bf22bd57c95
ff544c3e-486,social,2025-11-20T11:12:47.286700Z,Rahul Verma,public,,Viral video: unbelievable transformation - shared by Rahul Verma,none,none,False,,benign,0,0,low,low,ce5f88695c95
d91b48b5-a85,email,2025-11-21T11:17:55.286728Z,user708@payments-update.com,user1278@example.com,loanfast.info,Urgent: Your account will be suspended. Click https://loanfast.info/?id=d91b48b5-a85 to verify now.,docx,docx_d91b48b5-a85.docx,True,https://loanfast.info/?id=d91b48b5-a85,benign,0,0,medium,medium,74975cdc0b71
69f8d9ec-f39,sms,2025-11-07T20:23:50.286759Z,+917620878692,+918764869740,loanfast.info,Loan approved! Complete KYC at http://loanfast.info/surveys?id=69f8d9ec-f39,none,none,True,http://loanfast.info/surveys?id=69f8d9ec-f39,scam_sms,0,0,medium,medium,b2cd7522add5
dece2991-c52,document,2025-10-10T21:55:41.286789Z,acmecorp@payments-update.com,records@gov.org,,Hospital discharge summary - Patient: Rahul Verma - MRN: dece2991-c52,docx,docx_dece2991-c52.docx,False,,legit_doc,0,0,high,high,9336846dd719
388b8313-95b,document,2025-11-19T09:50:30.286823Z,globaluni@secure-bank.com,records@hospital.org,,Certified true copy - see attached | DOB: 2001-01-28,docx,docx_388b8313-95b.docx,False,,legit_doc,0,1,low,low,af3673a056f6
e4ae32bb-f64,email,2025-09-24T10:16:52.286851Z,user680@gov-id.org,user1243@example.com,uni-scholar.org,Action required: Confirm your payment method at https://uni-scholar.org/?id=e4ae32bb-f64. Invoice attached: invoice_e4ae32bb-f64.pdf,pdf,pdf_e4ae32bb-f64.pdf,True,https://uni-scholar.org/?id=e4ae32bb-f64,benign,0,0,low,low,9dac3c4bc2ba
191acebc-a36,email,2025-09-14T03:15:56.286880Z,user311@gov-id.org,user1840@example.com,trusted-health.org,"Hello, please review attached report",pdf,pdf_191acebc-a36.pdf,False,,invoice_fraud,0,0,medium,medium,9c35566c77a9
45e15485-381,email,2025-09-24T05:49:56.286907Z,user137@payments-update.com,user1720@example.com,trusted-health.org,"Urgent: Your account will be suspended. Click https://trusted-health.org/?id=45e15485-381 to verify now. Patient: Meera Patel, Acc: XXXX-XXXX-7891",mp4,mp4_45e15485-381.mp4,True,https://trusted-health.org/?id=45e15485-381,benign,0,1,medium,medium,5f97eb1a11bd
c5ed866c-056,email,2025-09-04T08:10:22.286935Z,user257@trusted-health.org,user1229@example.com,uni-scholar.org,Urgent: Your account will be suspended. Click https://uni-scholar.org/?id=c5ed866c-056 to verify now.,pdf,pdf_c5ed866c-056.pdf,True,https://uni-scholar.org/?id=c5ed866c-056,phishing,0,0,high,high,afa2294069a6
9265ea27-cab,document,2025-11-11T11:24:29.286964Z,globaluni@loanfast.info,records@company.com,,Certified true copy - see attached,pdf,pdf_9265ea27-cab.pdf,False,,legit_doc,0,0,low,low,c4ca1a530494
8e8f11fb-22b,email,2025-09-08T00:13:39.286989Z,user180@docverify.net,user1043@example.com,trusted-health.org,Payroll issue: update your bank details: https://trusted-health.org/?id=8e8f11fb-22b,none,none,True,https://trusted-health.org/?id=8e8f11fb-22b,benign,0,0,low,low,7fd555472001
92815e26-7c3,social,2025-08-24T23:30:36.287015Z,Aisha Khan,public,,Interview leaked - audio attached,mp4,mp4_92815e26-7c3.mp4,False,,benign,0,0,high,high,8136f9d1f0c1
22194346-d85,sms,2025-10-15T08:22:18.287038Z,+919350401314,+918070526624,secure-bank.com,Your exam result updated. Login at http://secure-bank.com/surveys?id=22194346-d85,none,none,True,http://secure-bank.com/surveys?id=22194346-d85,benign,0,0,low,low,f066320ca165
6a499bc0-325,email,2025-10-02T23:20:49.287063Z,user522@docverify.net,user1551@example.com,parcel-track.net,Security alert: New sign-in from unknown device. Reset here: https://parcel-track.net/?id=6a499bc0-325,pdf,pdf_6a499bc0-325.pdf,True,https://parcel-track.net/?id=6a499bc0-325,benign,0,0,medium,medium,42fe3b65f662
3425d7ff-086,document,2025-08-27T17:11:40.287090Z,medilifehospital@uni-scholar.org,records@hospital.org,,Government ID correction letter - Ref: 3425d7ff-086 | DOB: 1990-04-26,docx,docx_3425d7ff-086.docx,False,,legit_doc,0,1,medium,medium,3e6ebcbb58c3
9f97b026-aad,email,2025-10-04T13:58:23.287119Z,user486@payments-update.com,user1898@example.com,loanfast.info,Payroll issue: update your bank details: https://loanfast.info/?id=9f97b026-aad,none,none,True,https://loanfast.info/?id=9f97b026-aad,job_scam,0,0,low,low,6706fa53957e
46e1cc38-3ab,email,2025-10-13T22:06:22.287145Z,user558@loanfast.info,user1651@example.com,trusted-health.org,Payroll issue: update your bank details: https://trusted-health.org/?id=46e1cc38-3ab,png,png_46e1cc38-3ab.png,True,https://trusted-health.org/?id=46e1cc38-3ab,benign,0,0,high,high,8bcfcaef8179
69510683-7f6,email,2025-10-01T02:40:30.287170Z,user318@uni-scholar.org,user1717@example.com,secure-bank.com,Security alert: New sign-in from unknown device. Reset here: https://secure-bank.com/?id=69510683-7f6,png,png_69510683-7f6.png,True,https://secure-bank.com/?id=69510683-7f6,job_scam,0,0,medium,medium,d91b18bf3d8e
2a14108f-342,sms,2025-09-13T16:02:09.287196Z,+918077196656,+918078485705,parcel-track.net,Package delivery failed. Confirm at http://parcel-track.net/surveys?id=2a14108f-342,none,none,True,http://parcel-track.net/surveys?id=2a14108f-342,scam_sms,0,0,high,high,834e6349ed9d
20b1d9d5-191,document,2025-09-02T10:48:21.287222Z,globaluni@loanfast.info,records@company.com,,Government ID correction letter - Ref: 20b1d9d5-191 | DOB: 1985-09-19,pdf,pdf_20b1d9d5-191.pdf,False,,legit_doc,0,1,low,low,5b9a06b3afaf
ef5745ee-689,email,2025-09-14T09:38:03.287249Z,user993@uni-scholar.org,user1717@example.com,payments-update.com,Security alert: New sign-in from unknown device. Reset here: https://payments-update.com/?id=ef5745ee-689,jpg,jpg_ef5745ee-689.jpg,True,https://payments-update.com/?id=ef5745ee-689,phishing,0,0,high,high,c6093b82e53e
ccbd59d4-b1b,email,2025-08-28T08:18:18.287277Z,user208@uni-scholar.org,user1483@example.com,secure-bank.com,Action required: Confirm your payment method at https://secure-bank.com/?id=ccbd59d4-b1b. Invoice attached: invoice_ccbd59d4-b1b.pdf,pdf,pdf_ccbd59d4-b1b.pdf,True,https://secure-bank.com/?id=ccbd59d4-b1b,phishing,0,0,critical,critical,895e8c1c1a10
6d692286-a08,sms,2025-08-27T04:06:41.287305Z,+919378261168,+916069805698,docverify.net,Your OTP is 123456 - never share it,none,none,False,,benign,0,0,low,low,1d10d48059ca
fa4c9719-ed8,sms,2025-10-09T17:20:13.287330Z,+919817030154,+917117705848,docverify.net,Package delivery failed. Confirm at http://docverify.net/surveys?id=fa4c9719-ed8,none,none,True,http://docverify.net/surveys?id=fa4c9719-ed8,benign,0,0,high,high,0b7ae3ba785a
36443292-1ac,email,2025-09-01T23:47:40.287355Z,user158@docverify.net,user1556@example.com,docverify.net,Scholarship awarded! Apply here: https://docverify.net/?id=36443292-1ac — limited seats.,pdf,pdf_36443292-1ac.pdf,True,https://docverify.net/?id=36443292-1ac,phishing,0,0,high,high,57e68ef549d3
cc344255-925,email,2025-10-29T18:48:35.287385Z,user483@gov-id.org,user1716@example.com,payments-update.com,"Security alert: New sign-in from unknown device. Reset here: https://payments-update.com/?id=cc344255-925 Patient: Sana Ahmed, Acc: XXXX-XXXX-3828",none,none,True,https://payments-update.com/?id=cc344255-925,benign,0,1,critical,critical,6d1ca68efa95
725bd3cf-91d,upload,2025-09-25T03:41:49.287412Z,Vikram Rao,admin,,Uploaded media for review,jpg,jpg_725bd3cf-91d.jpg,False,,deepfake_media,1,0,low,low,c92b5715d3ed
104919b2-18f,sms,2025-09-28T03:50:07.287435Z,+917248122353,+919252639350,gov-id.org,Free voucher! Redeem at http://gov-id.org/surveys?id=104919b2-18f,none,none,True,http://gov-id.org/surveys?id=104919b2-18f,benign,0,0,high,high,cbbdce89db96
1d690951-fc7,sms,2025-09-13T19:54:46.287460Z,+916487850058,+916140473043,loanfast.info,Free voucher! Redeem at http://loanfast.info/surveys?id=1d690951-fc7,none,none,True,http://loanfast.info/surveys?id=1d690951-fc7,benign,0,0,low,low,92c1e8e20962
8df375f2-895,email,2025-09-11T15:05:56.287484Z,user580@trusted-health.org,user1730@example.com,secure-bank.com,Payroll issue: update your bank details: https://secure-bank.com/?id=8df375f2-895,jpg,jpg_8df375f2-895.jpg,True,https://secure-bank.com/?id=8df375f2-895,benign,0,0,medium,medium,0f36cdf5fd92
47cdddb9-ee9,email,2025-11-18T02:34:31.287530Z,user260@gov-id.org,user1024@example.com,docverify.net,Security alert: New sign-in from unknown device. Reset here: https://docverify.net/?id=47cdddb9-ee9,docx,docx_47cdddb9-ee9.docx,True,https://docverify.net/?id=47cdddb9-ee9,benign,0,0,low,low,3a10a4a8b369
5d257c74-910,upload,2025-10-09T22:30:46.287558Z,Meera Patel,admin,,Uploaded media for review,jpg,jpg_5d257c74-910.jpg,False,,deepfake_media,0,0,low,low,f03394ac40fc
7c1f1bc4-a86,email,2025-11-11T14:21:11.287580Z,user605@loanfast.info,user1885@example.com,uni-scholar.org,"Urgent: Your account will be suspended. Click https://uni-scholar.org/?id=7c1f1bc4-a86 to verify now. Patient: Meera Patel, Acc: XXXX-XXXX-6437",jpg,jpg_7c1f1bc4-a86.jpg,True,https://uni-scholar.org/?id=7c1f1bc4-a86,benign,0,1,medium,medium,94effd64b5c6
b311a312-edc,sms,2025-10-09T02:08:00.287608Z,+919445070752,+918475460321,gov-id.org,Loan approved! Complete KYC at http://gov-id.org/surveys?id=b311a312-edc,none,none,True,http://gov-id.org/surveys?id=b311a312-edc,benign,0,0,medium,medium,a03b385065c6
ff018794-2d6,social,2025-10-18T15:21:47.287637Z,John Smith,public,,Watch this shocking reveal video (see attachment),mp4,mp4_ff018794-2d6.mp4,False,,benign,0,0,medium,medium,b23c24439f98
57a46ae5-8a7,email,2025-11-05T19:47:36.287661Z,user753@uni-scholar.org,user1281@example.com,gov-id.org,"Security alert: New sign-in from unknown device. Reset here: https://gov-id.org/?id=57a46ae5-8a7 Patient: Meera Patel, Acc: XXXX-XXXX-3546",mp4,mp4_57a46ae5-8a7.mp4,True,https://gov-id.org/?id=57a46ae5-8a7,benign,0,1,low,low,5b60af4849b3
4c28d570-803,email,2025-09-09T17:45:51.287688Z,user133@docverify.net,user1997@example.com,secure-bank.com,Urgent: Your account will be suspended. Click https://secure-bank.com/?id=4c28d570-803 to verify now.,mp4,mp4_4c28d570-803.mp4,True,https://secure-bank.com/?id=4c28d570-803,benign,0,0,low,low,da47f768182d
3682cbea-580,email,2025-11-22T16:32:38.287722Z,user236@secure-bank.com,user1196@example.com,payments-update.com,"Hello, please review attached report",mp4,mp4_3682cbea-580.mp4,False,,benign,0,0,low,low,416f9c94322f
8e98e5de-043,document,2025-10-13T05:39:18.287750Z,jobhubpvtltd@trusted-health.org,records@hospital.org,,Certified true copy - see attached | DOB: 2004-02-26,docx,docx_8e98e5de-043.docx,False,,legit_doc,0,1,low,low,8d09f9f96002
8fc6159b-931,sms,2025-08-30T22:55:55.287779Z,+918057371366,+919418413200,payments-update.com,Free voucher! Redeem at http://payments-update.com/surveys?id=8fc6159b-931,none,none,True,http://payments-update.com/surveys?id=8fc6159b-931,benign,0,0,low,low,5121da5b206e
3adcf748-b1f,document,2025-10-01T09:30:54.287814Z,globaluni@docverify.net,records@company.com,,Offer letter - Company: FinTrust Ltd - Candidate: John Smith | DOB: 1983-09-27,docx,docx_3adcf748-b1f.docx,False,,legit_doc,0,1,medium,medium,07a70e1df66d
28ae50e3-95d,email,2025-11-02T23:27:09.287843Z,user735@secure-bank.com,user1447@example.com,secure-bank.com,Urgent: Your account will be suspended. Click https://secure-bank.com/?id=28ae50e3-95d to verify now.,docx,docx_28ae50e3-95d.docx,True,https://secure-bank.com/?id=28ae50e3-95d,benign,0,0,low,low,598915de8beb
26806a87-27f,upload,2025-10-17T14:33:43.287870Z,Sana Ahmed,admin,,Uploaded media for review,png,png_26806a87-27f.png,False,,deepfake_media,1,0,low,low,ead3046fe425
3c33ee81-aab,email,2025-11-08T04:50:16.287894Z,user845@gov-id.org,user1455@example.com,loanfast.info,Payroll issue: update your bank details: https://loanfast.info/?id=3c33ee81-aab,png,png_3c33ee81-aab.png,True,https://loanfast.info/?id=3c33ee81-aab,benign,0,0,low,low,fb8f9daa91dd
6caf45a9-a87,sms,2025-10-24T06:29:30.287923Z,+916893891825,+917132967557,secure-bank.com,Loan approved! Complete KYC at http://secure-bank.com/surveys?id=6caf45a9-a87,none,none,True,http://secure-bank.com/surveys?id=6caf45a9-a87,scam_sms,0,0,low,low,0afcab19d66f
cd5abbd6-436,email,2025-10-31T19:39:42.287949Z,user786@payments-update.com,user1041@example.com,docverify.net,Scholarship awarded! Apply here: https://docverify.net/?id=cd5abbd6-436 — limited seats.,docx,docx_cd5abbd6-436.docx,True,https://docverify.net/?id=cd5abbd6-436,benign,0,0,medium,medium,37586af88847
41bfcfb9-ebe,email,2025-10-07T05:24:53.287978Z,user997@uni-scholar.org,user1578@example.com,loanfast.info,Action required: Confirm your payment method at https://loanfast.info/?id=41bfcfb9-ebe. Invoice attached: invoice_41bfcfb9-ebe.pdf,pdf,pdf_41bfcfb9-ebe.pdf,True,https://loanfast.info/?id=41bfcfb9-ebe,benign,0,0,medium,medium,a3ed859f80d3
6e1498bb-27b,email,2025-08-24T02:22:11.288005Z,user380@parcel-track.net,user1828@example.com,docverify.net,Scholarship awarded! Apply here: https://docverify.net/?id=6e1498bb-27b — limited seats.,mp4,mp4_6e1498bb-27b.mp4,True,https://docverify.net/?id=6e1498bb-27b,invoice_fraud,0,0,medium,medium,35d521932a1e
a0ed406a-a06,email,2025-10-12T12:35:25.288033Z,user800@loanfast.info,user1125@example.com,trusted-health.org,Scholarship awarded! Apply here: https://trusted-health.org/?id=a0ed406a-a06 — limited seats.,mp4,mp4_a0ed406a-a06.mp4,True,https://trusted-health.org/?id=a0ed406a-a06,benign,0,0,medium,medium,1f988cac5376
f7c6392e-169,email,2025-11-14T01:29:29.288060Z,user151@secure-bank.com,user1600@example.com,payments-update.com,Security alert: New sign-in from unknown device. Reset here: https://payments-update.com/?id=f7c6392e-169,png,png_f7c6392e-169.png,True,https://payments-update.com/?id=f7c6392e-169,job_scam,0,0,low,low,20291c4df84e
2c50e66b-fa4,email,2025-10-06T17:38:28.288088Z,user264@secure-bank.com,user1199@example.com,payments-update.com,"Payroll issue: update your bank details: https://payments-update.com/?id=2c50e66b-fa4 Patient: Aisha Khan, Acc: XXXX-XXXX-9024",pdf,pdf_2c50e66b-fa4.pdf,True,https://payments-update.com/?id=2c50e66b-fa4,scholarship_scam,0,1,medium,medium,d8e54ab636f8
8502de04-dfa,sms,2025-11-04T03:50:22.288116Z,+917294753073,+918033290918,gov-id.org,Your exam result updated. Login at http://gov-id.org/surveys?id=8502de04-dfa,none,none,True,http://gov-id.org/surveys?id=8502de04-dfa,benign,0,0,low,low,390188e2a916
9ca21bbc-312,sms,2025-10-04T16:52:38.288141Z,+917773260545,+917596653743,gov-id.org,Your exam result updated. Login at http://gov-id.org/surveys?id=9ca21bbc-312,none,none,True,http://gov-id.org/surveys?id=9ca21bbc-312,benign,0,0,medium,medium,2d25b486e20d
1bbaa877-caf,document,2025-10-30T08:16:54.288166Z,acmecorp@gov-id.org,records@gov.org,,Certified true copy - see attached,pdf,pdf_1bbaa877-caf.pdf,False,,legit_doc,0,0,medium,medium,a1cfa83f0cd7
c58bded9-0ea,social,2025-09-13T23:10:56.288195Z,Meera Patel,public,,Watch this shocking reveal video (see attachment),mp4,mp4_c58bded9-0ea.mp4,False,,benign,0,0,critical,critical,9c9bbc5cf3a6
d12cd397-73d,email,2025-09-27T14:01:03.288221Z,user330@secure-bank.com,user1756@example.com,loanfast.info,"Scholarship awarded! Apply here: https://loanfast.info/?id=d12cd397-73d — limited seats. Patient: Aisha Khan, Acc: XXXX-XXXX-3240",mp4,mp4_d12cd397-73d.mp4,True,https://loanfast.info/?id=d12cd397-73d,phishing,0,1,critical,critical,4a2d15ac44d4
05812e00-e72,social,2025-09-15T08:18:57.288253Z,Vikram Rao,public,,Watch this shocking reveal video (see attachment),mp4,mp4_05812e00-e72.mp4,False,,harassment,0,0,medium,medium,2db9e1e6a355
19761c54-f33,email,2025-09-17T12:53:12.288276Z,user267@gov-id.org,user1239@example.com,docverify.net,Urgent: Your account will be suspended. Click https://docverify.net/?id=19761c54-f33 to verify now.,pdf,pdf_19761c54-f33.pdf,True,https://docverify.net/?id=19761c54-f33,scholarship_scam,0,0,low,low,6c06fc398095
969c8421-4e8,email,2025-11-22T09:43:15.288303Z,user553@payments-update.com,user1095@example.com,docverify.net,Action required: Confirm your payment method at https://docverify.net/?id=969c8421-4e8. Invoice attached: invoice_969c8421-4e8.pdf,pdf,pdf_969c8421-4e8.pdf,True,https://docverify.net/?id=969c8421-4e8,benign,0,0,low,low,0417ff181539
0db9835b-7f6,sms,2025-11-04T03:49:18.288330Z,+919331470811,+919410269124,trusted-health.org,Your OTP is 123456 - never share it,none,none,False,,scam_sms,0,0,low,low,2cd15a995605
30756aeb-c0e,email,2025-09-14T02:23:27.288355Z,user936@payments-update.com,user1463@example.com,trusted-health.org,Action required: Confirm your payment method at https://trusted-health.org/?id=30756aeb-c0e. Invoice attached: invoice_30756aeb-c0e.pdf,pdf,pdf_30756aeb-c0e.pdf,True,https://trusted-health.org/?id=30756aeb-c0e,benign,0,0,low,low,3d592f24c258
1553a0e8-83b,sms,2025-11-22T18:53:04.288400Z,+916048952287,+919947894791,parcel-track.net,Your exam result updated. Login at http://parcel-track.net/surveys?id=1553a0e8-83b,none,none,True,http://parcel-track.net/surveys?id=1553a0e8-83b,scam_sms,0,0,low,low,d6e32dd61ab7
615b180d-49f,sms,2025-11-06T18:12:35.288428Z,+917317931662,+916053028353,trusted-health.org,Free voucher! Redeem at http://trusted-health.org/surveys?id=615b180d-49f,none,none,True,http://trusted-health.org/surveys?id=615b180d-49f,benign,0,0,medium,medium,c6380f4ef6ee
fddaccf3-34b,email,2025-09-20T09:01:54.288453Z,user649@secure-bank.com,user1573@example.com,uni-scholar.org,"Hello, please review attached report Patient: Vikram Rao, Acc: XXXX-XXXX-1307",png,png_fddaccf3-34b.png,False,,benign,0,1,high,high,5a5389ba3d21
c6e483f5-eee,email,2025-09-08T12:29:41.288479Z,user926@loanfast.info,user1235@example.com,docverify.net,Action required: Confirm your payment method at https://docverify.net/?id=c6e483f5-eee. Invoice attached: invoice_c6e483f5-eee.pdf,pdf,pdf_c6e483f5-eee.pdf,True,https://docverify.net/?id=c6e483f5-eee,benign,0,0,low,low,6e633f058485
89749e1d-5e2,document,2025-10-19T04:59:05.288506Z,globaluni@gov-id.org,records@gov.org,,Government ID correction letter - Ref: 89749e1d-5e2 | DOB: 1977-06-14,pdf,pdf_89749e1d-5e2.pdf,False,,legit_doc,0,1,low,low,135681ac702b
2217a86a-56c,email,2025-10-19T02:16:02.288534Z,user114@uni-scholar.org,user1835@example.com,payments-update.com,Scholarship awarded! Apply here: https://payments-update.com/?id=2217a86a-56c — limited seats.,mp4,mp4_2217a86a-56c.mp4,True,https://payments-update.com/?id=2217a86a-56c,phishing,0,0,medium,medium,5efba798b495
c98bc84a-45a,email,2025-10-19T08:05:08.288563Z,user261@uni-scholar.org,user1341@example.com,secure-bank.com,Action required: Confirm your payment method at https://secure-bank.com/?id=c98bc84a-45a. Invoice attached: invoice_c98bc84a-45a.pdf,pdf,pdf_c98bc84a-45a.pdf,True,https://secure-bank.com/?id=c98bc84a-45a,benign,0,0,low,low,76efe9475136
571c537e-484,sms,2025-11-02T02:33:31.288590Z,+919114173212,+917227239711,loanfast.info,Free voucher! Redeem at http://loanfast.info/surveys?id=571c537e-484,none,none,True,http://loanfast.info/surveys?id=571c537e-484,scam_sms,0,0,low,low,2caa288c1603
23540e26-b9b,email,2025-11-10T08:56:16.288617Z,user550@loanfast.info,user1146@example.com,loanfast.info,Scholarship awarded! Apply here: https://loanfast.info/?id=23540e26-b9b — limited seats.,mp4,mp4_23540e26-b9b.mp4,True,https://loanfast.info/?id=23540e26-b9b,benign,0,0,high,high,ff1fd8ea9eac
007d4429-534,sms,2025-10-09T00:57:54.288645Z,+919888361198,+918259854864,secure-bank.com,Free voucher! Redeem at http://secure-bank.com/surveys?id=007d4429-534,none,none,True,http://secure-bank.com/surveys?id=007d4429-534,benign,0,0,low,low,34bdb0de3e11
8884d9db-ee9,email,2025-09-30T21:36:39.288672Z,user975@trusted-health.org,user1085@example.com,loanfast.info,Scholarship awarded! Apply here: https://loanfast.info/?id=8884d9db-ee9 — limited seats.,pdf,pdf_8884d9db-ee9.pdf,True,https://loanfast.info/?id=8884d9db-ee9,benign,0,0,low,low,a1b6e556cf18
9770079d-811,sms,2025-10-15T09:16:10.288699Z,+918864615169,+918603876895,uni-scholar.org,Your exam result updated. Login at http://uni-scholar.org/surveys?id=9770079d-811,none,none,True,http://uni-scholar.org/surveys?id=9770079d-811,scam_sms,0,0,high,high,48b0325c4980
83904d07-a9a,social,2025-09-16T19:18:35.288724Z,Meera Patel,public,,Viral video: unbelievable transformation - shared by Aisha Khan,jpg,jpg_83904d07-a9a.jpg,False,,benign,0,0,low,low,ffba4a36be19
574c7978-25e,document,2025-11-19T02:22:20.288747Z,medilifehospital@loanfast.info,records@company.com,,Medical test report - Patient: Vikram Rao - Result: Pending - Ref 574c7978-25e,docx,docx_574c7978-25e.docx,False,,legit_doc,0,0,high,high,a0b018fe8ae4
2a16a62f-49e,document,2025-09-15T08:40:29.288774Z,acmecorp@payments-update.com,records@company.com,,Hospital discharge summary - Patient: Sana Ahmed - MRN: 2a16a62f-49e | DOB: 1981-01-11,docx,docx_2a16a62f-49e.docx,False,,legit_doc,0,1,medium,medium,30d2551cb2e8
6e358437-77d,social,2025-11-02T16:21:18.288812Z,Rahul Verma,public,,Interview leaked - audio attached,jpg,jpg_6e358437-77d.jpg,False,,deepfake_media,1,0,high,high,b6d26e2df278
651653af-43c,email,2025-10-28T00:26:40.288837Z,user564@secure-bank.com,user1082@example.com,gov-id.org,"Hello, please review attached report",pdf,pdf_651653af-43c.pdf,False,,phishing,0,0,high,high,0ca8a7b68472
bb93a242-ba5,email,2025-11-19T23:40:24.288863Z,user580@parcel-track.net,user1795@example.com,parcel-track.net,Action required: Confirm your payment method at https://parcel-track.net/?id=bb93a242-ba5. Invoice attached: invoice_bb93a242-ba5.pdf,pdf,pdf_bb93a242-ba5.pdf,True,https://parcel-track.net/?id=bb93a242-ba5,phishing,0,0,high,high,d1ec3b285818
ad483b3d-33b,email,2025-11-03T04:38:58.288891Z,user312@parcel-track.net,user1660@example.com,trusted-health.org,Urgent: Your account will be suspended. Click https://trusted-health.org/?id=ad483b3d-33b to verify now.,jpg,jpg_ad483b3d-33b.jpg,True,https://trusted-health.org/?id=ad483b3d-33b,job_scam,0,0,low,low,230b80e247b0
267ca1db-b12,email,2025-08-30T02:31:23.288917Z,user774@payments-update.com,user1610@example.com,uni-scholar.org,Scholarship awarded! Apply here: https://uni-scholar.org/?id=267ca1db-b12 — limited seats.,mp4,mp4_267ca1db-b12.mp4,True,https://uni-scholar.org/?id=267ca1db-b12,benign,0,0,medium,medium,46509654a4be
287ac4b2-0f0,email,2025-11-05T00:39:31.288944Z,user138@gov-id.org,user1489@example.com,secure-bank.com,Security alert: New sign-in from unknown device. Reset here: https://secure-bank.com/?id=287ac4b2-0f0,none,none,True,https://secure-bank.com/?id=287ac4b2-0f0,benign,0,0,low,low,249daca12136
59087487-4ba,upload,2025-09-16T12:56:20.288969Z,Aisha Khan,admin,,Uploaded media for review,mp4,mp4_59087487-4ba.mp4,False,,benign,0,0,low,low,d1cbcee65416
0562ca59-4c0,email,2025-09-20T06:15:38.288991Z,user174@loanfast.info,user1892@example.com,trusted-health.org,"Hello, please review attached report",docx,docx_0562ca59-4c0.docx,False,,phishing,0,0,high,high,acd1c32b0c7d
bf4fb4f9-2c7,email,2025-09-12T12:06:55.289016Z,user150@loanfast.info,user1325@example.com,uni-scholar.org,Action required: Confirm your payment method at https://uni-scholar.org/?id=bf4fb4f9-2c7. Invoice attached: invoice_bf4fb4f9-2c7.pdf,pdf,pdf_bf4fb4f9-2c7.pdf,True,https://uni-scholar.org/?id=bf4fb4f9-2c7,benign,0,0,medium,medium,01b459e99a5f
b649f376-68c,email,2025-11-13T10:29:09.289042Z,user591@uni-scholar.org,user1425@example.com,uni-scholar.org,"Hello, please review attached report",png,png_b649f376-68c.png,False,,scholarship_scam,0,0,medium,medium,cc08d9add2c3
6613b85e-e27,email,2025-09-28T15:56:28.289066Z,user822@loanfast.info,user1168@example.com,docverify.net,Scholarship awarded! Apply here: https://docverify.net/?id=6613b85e-e27 — limited seats.,docx,docx_6613b85e-e27.docx,True,https://docverify.net/?id=6613b85e-e27,benign,0,0,low,low,d0b9cc71e74e
de0e150e-1ad,social,2025-09-22T08:24:17.289096Z,Rahul Verma,public,,Viral video: unbelievable transformation - shared by Meera Patel,none,none,False,,benign,0,0,medium,medium,6fe266513781
6e955e13-60e,social,2025-08-24T20:13:22.289122Z,Sana Ahmed,public,,Interview leaked - audio attached,mp4,mp4_6e955e13-60e.mp4,False,,deepfake_media,1,0,medium,medium,9ead7f5f4697
95f140ff-874,sms,2025-09-16T17:42:02.289146Z,+918837377817,+916722085910,docverify.net,Your exam result updated. Login at http://docverify.net/surveys?id=95f140ff-874,none,none,True,http://docverify.net/surveys?id=95f140ff-874,benign,0,0,low,low,6cbaad9fe367
f00e8998-414,email,2025-09-05T13:45:59.289171Z,user827@secure-bank.com,user1153@example.com,docverify.net,Scholarship awarded! Apply here: https://docverify.net/?id=f00e8998-414 — limited seats.,pdf,pdf_f00e8998-414.pdf,True,https://docverify.net/?id=f00e8998-414,invoice_fraud,0,0,medium,medium,ae873fa7e4bc
ffd70864-668,email,2025-08-25T03:35:18.289200Z,user662@payments-update.com,user1884@example.com,trusted-health.org,Urgent: Your account will be suspended. Click https://trusted-health.org/?id=ffd70864-668 to verify now.,mp4,mp4_ffd70864-668.mp4,True,https://trusted-health.org/?id=ffd70864-668,phishing,0,0,high,high,d6fd478c6ee8
49974699-b4a,sms,2025-09-30T10:35:04.289248Z,+918206256905,+919601410952,trusted-health.org,Your exam result updated. Login at http://trusted-health.org/surveys?id=49974699-b4a,none,none,True,http://trusted-health.org/surveys?id=49974699-b4a,benign,0,0,low,low,976efac8ae3e
ed792915-850,email,2025-08-30T05:11:22.289278Z,user675@secure-bank.com,user1043@example.com,docverify.net,Action required: Confirm your payment method at https://docverify.net/?id=ed792915-850. Invoice attached: invoice_ed792915-850.pdf,pdf,pdf_ed792915-850.pdf,True,https://docverify.net/?id=ed792915-850,benign,0,0,medium,medium,7ff7d9babdf1
4b4e00f2-fa1,email,2025-08-25T06:23:08.289306Z,user127@loanfast.info,user1733@example.com,trusted-health.org,Payroll issue: update your bank details: https://trusted-health.org/?id=4b4e00f2-fa1,none,none,True,https://trusted-health.org/?id=4b4e00f2-fa1,benign,0,0,low,low,9d209637b24d
64e962d4-f35,sms,2025-10-10T09:27:05.289332Z,+916063396751,+916022255044,trusted-health.org,Free voucher! Redeem at http://trusted-health.org/surveys?id=64e962d4-f35,none,none,True,http://trusted-health.org/surveys?id=64e962d4-f35,benign,0,0,low,low,d9727f3f4d19
66cc7043-7c5,document,2025-10-08T14:18:31.289357Z,jobhubpvtltd@parcel-track.net,records@hospital.org,,Medical test report - Patient: Aisha Khan - Result: Pending - Ref 66cc7043-7c5,docx,docx_66cc7043-7c5.docx,False,,fake_doc,1,0,high,high,06e66354ee4e
880a1619-5ff,email,2025-09-28T19:33:38.289384Z,user407@parcel-track.net,user1625@example.com,payments-update.com,Scholarship awarded! Apply here: https://payments-update.com/?id=880a1619-5ff — limited seats.,docx,docx_880a1619-5ff.docx,True,https://payments-update.com/?id=880a1619-5ff,benign,0,0,high,high,6177656e71b3
453a1be7-649,sms,2025-09-21T00:21:30.289413Z,+918660630619,+916581231204,payments-update.com,Free voucher! Redeem at http://payments-update.com/surveys?id=453a1be7-649,none,none,True,http://payments-update.com/surveys?id=453a1be7-649,loan_scam,0,0,medium,medium,5d752a15b3c7
14143a44-c0d,document,2025-10-22T07:30:02.289438Z,globaluni@uni-scholar.org,records@company.com,,Government ID correction letter - Ref: 14143a44-c0d | DOB: 1981-04-26,docx,docx_14143a44-c0d.docx,False,,legit_doc,0,1,low,low,48f5b944bebf
b5c08640-0f3,sms,2025-09-16T20:25:31.289465Z,+916789622796,+919201019836,loanfast.info,Loan approved! Complete KYC at http://loanfast.info/surveys?id=b5c08640-0f3,none,none,True,http://loanfast.info/surveys?id=b5c08640-0f3,benign,0,0,medium,medium,5b699f17a4b4
1d252502-fe5,sms,2025-09-18T00:19:13.289490Z,+918012389639,+918367075574,docverify.net,Your exam result updated. Login at http://docverify.net/surveys?id=1d252502-fe5,none,none,True,http://docverify.net/surveys?id=1d252502-fe5,benign,0,0,low,low,8c5261ed0c53
58d17614-377,upload,2025-09-18T12:23:04.289518Z,Vikram Rao,admin,,Uploaded media for review,png,png_58d17614-377.png,False,,deepfake_media,0,0,medium,medium,8f03e2def02f
8df6dcec-88b,document,2025-11-08T11:47:35.289542Z,globaluni@uni-scholar.org,records@gov.org,,Certified true copy - see attached,pdf,pdf_8df6dcec-88b.pdf,False,,legit_doc,0,0,low,low,e45f3d8b2b8b
af51a644-5f9,email,2025-09-03T22:46:16.289567Z,user560@loanfast.info,user1185@example.com,docverify.net,Action required: Confirm your payment method at https://docverify.net/?id=af51a644-5f9. Invoice attached: invoice_af51a644-5f9.pdf,pdf,pdf_af51a644-5f9.pdf,True,https://docverify.net/?id=af51a644-5f9,phishing,0,0,medium,medium,e2af245d8216
bfc7d7ab-200,document,2025-10-20T23:15:25.289596Z,acmecorp@gov-id.org,records@gov.org,,Government ID correction letter - Ref: bfc7d7ab-200 | DOB: 1972-05-26,docx,docx_bfc7d7ab-200.docx,False,,legit_doc,0,1,low,low,c28559390782
a179d5f9-4cc,sms,2025-10-11T22:50:03.289627Z,+918317620981,+916783651614,parcel-track.net,Package delivery failed. Confirm at http://parcel-track.net/surveys?id=a179d5f9-4cc,none,none,True,http://parcel-track.net/surveys?id=a179d5f9-4cc,scam_sms,0,0,low,low,3c3a6c396352
eac792f5-b79,email,2025-09-13T09:47:11.289656Z,user721@gov-id.org,user1140@example.com,payments-update.com,Payroll issue: update your bank details: https://payments-update.com/?id=eac792f5-b79,pdf,pdf_eac792f5-b79.pdf,True,https://payments-update.com/?id=eac792f5-b79,benign,0,0,low,low,8303e8f11696
3de485c8-9a7,email,2025-10-18T15:00:07.289689Z,user378@parcel-track.net,user1335@example.com,loanfast.info,Urgent: Your account will be suspended. Click https://loanfast.info/?id=3de485c8-9a7 to verify now.,none,none,True,https://loanfast.info/?id=3de485c8-9a7,benign,0,0,low,low,ebf8167cbe82
da3c625e-877,social,2025-11-22T20:07:49.289721Z,John Smith,public,,Viral video: unbelievable transformation - shared by Sana Ahmed,mp4,mp4_da3c625e-877.mp4,False,,harassment,0,0,high,high,b86f5db9645a
8042aabe-64d,sms,2025-10-25T14:01:55.289750Z,+918141765098,+917360034002,secure-bank.com,Your OTP is 123456 - never share it,none,none,False,,benign,0,0,low,low,dd82eb5ce863
3f9491d5-801,social,2025-09-07T18:55:16.289775Z,Vikram Rao,public,,Viral video: unbelievable transformation - shared by Aisha Khan,mp4,mp4_3f9491d5-801.mp4,False,,benign,0,0,low,low,7d0be5d8e53c
080648de-8ea,email,2025-10-27T13:49:22.289800Z,user792@secure-bank.com,user1653@example.com,loanfast.info,Payroll issue: update your bank details: https://loanfast.info/?id=080648de-8ea,jpg,jpg_080648de-8ea.jpg,True,https://loanfast.info/?id=080648de-8ea,benign,0,0,medium,medium,d02e593cded4
6ec21974-fe8,email,2025-11-20T06:09:52.289827Z,user178@trusted-health.org,user1373@example.com,trusted-health.org,"Hello, please review attached report",mp4,mp4_6ec21974-fe8.mp4,False,,benign,0,0,medium,medium,7538c42da97d
88e739fd-739,document,2025-10-23T07:44:25.289852Z,jobhubpvtltd@payments-update.com,records@company.com,,Offer letter - Company: MediLife Hospital - Candidate: Meera Patel | DOB: 2000-05-25,docx,docx_88e739fd-739.docx,False,,legit_doc,0,1,medium,medium,47997cd182d2
a9b20fe3-30d,upload,2025-11-09T05:17:29.289881Z,Vikram Rao,admin,,Uploaded media for review,mp4,mp4_a9b20fe3-30d.mp4,False,,benign,0,0,low,low,4d2b3116e2f6
8a0bf0fc-158,sms,2025-09-06T23:34:08.289904Z,+916355155765,+917974590165,docverify.net,Package delivery failed. Confirm at http://docverify.net/surveys?id=8a0bf0fc-158,none,none,True,http://docverify.net/surveys?id=8a0bf0fc-158,benign,0,0,medium,medium,85dc79a0b0b4
6b6c6004-5ad,email,2025-09-27T23:58:57.289930Z,user975@secure-bank.com,user1556@example.com,gov-id.org,"Security alert: New sign-in from unknown device. Reset here: https://gov-id.org/?id=6b6c6004-5ad Patient: Meera Patel, Acc: XXXX-XXXX-8471",none,none,True,https://gov-id.org/?id=6b6c6004-5ad,benign,0,1,low,low,66f3be71e774
0e0aca1c-3e9,social,2025-09-16T04:50:39.289957Z,Aisha Khan,public,,Interview leaked - audio attached,none,none,False,,benign,0,0,low,low,26d6d7751a37
74315cc0-fc1,document,2025-11-05T19:51:03.289980Z,globaluni@docverify.net,records@hospital.org,,Government ID correction letter - Ref: 74315cc0-fc1 | DOB: 1987-01-27,pdf,pdf_74315cc0-fc1.pdf,False,,fake_doc,1,1,high,high,454f5cc8401a
bd5b2229-f86,document,2025-11-19T10:59:07.290008Z,acmecorp@gov-id.org,records@hospital.org,,Offer letter - Company: JobHub Pvt Ltd - Candidate: Vikram Rao | DOB: 1986-07-15,docx,docx_bd5b2229-f86.docx,False,,legit_doc,0,1,low,low,d7cb352e8a03
1bac60a6-80b,upload,2025-09-05T03:51:19.290035Z,Sana Ahmed,admin,,Uploaded media for review,png,png_1bac60a6-80b.png,False,,benign,0,0,medium,medium,c046c6e862de
a9301653-4bf,social,2025-11-02T03:18:26.290057Z,Sana Ahmed,public,,Interview leaked - audio attached,mp4,mp4_a9301653-4bf.mp4,False,,benign,0,0,low,low,80ab2e844c1e
941910fe-167,social,2025-09-19T00:41:42.290080Z,Sana Ahmed,public,,Viral video: unbelievable transformation - shared by Aisha Khan,none,none,False,,benign,0,0,low,low,fe523196260a
0a76bca3-119,sms,2025-09-08T06:29:10.290103Z,+918061088422,+916561157342,uni-scholar.org,Free voucher! Redeem at http://uni-scholar.org/surveys?id=0a76bca3-119,none,none,True,http://uni-scholar.org/surveys?id=0a76bca3-119,benign,0,0,low,low,1cd92b9a91ab
9cdd6541-bbb,document,2025-11-17T08:28:51.290128Z,fintrustltd@payments-update.com,records@gov.org,,Offer letter - Company: Global Uni - Candidate: Aisha Khan | DOB: 1987-05-20,docx,docx_9cdd6541-bbb.docx,False,,fake_doc,1,1,high,high,4c3f41ccbd07
b73e5ff0-4d3,sms,2025-11-05T13:57:45.290169Z,+918836223416,+919883897778,loanfast.info,Package delivery failed. Confirm at http://loanfast.info/surveys?id=b73e5ff0-4d3,none,none,True,http://loanfast.info/surveys?id=b73e5ff0-4d3,benign,0,0,low,low,6737f3d82bb0
be88bc3b-e79,document,2025-11-20T21:57:05.290200Z,jobhubpvtltd@trusted-health.org,records@hospital.org,,Offer letter - Company: FinTrust Ltd - Candidate: Aisha Khan,docx,docx_be88bc3b-e79.docx,False,,legit_doc,0,0,critical,critical,66df5bd0fd58
0c9c679c-b3d,email,2025-09-28T07:12:53.290227Z,user398@uni-scholar.org,user1325@example.com,trusted-health.org,Scholarship awarded! Apply here: https://trusted-health.org/?id=0c9c679c-b3d — limited seats.,docx,docx_0c9c679c-b3d.docx,True,https://trusted-health.org/?id=0c9c679c-b3d,benign,0,0,medium,medium,98a960fcba61
bd7a00ab-87f,social,2025-11-11T10:36:01.290256Z,Rahul Verma,public,,Viral video: unbelievable transformation - shared by Sana Ahmed,mp4,mp4_bd7a00ab-87f.mp4,False,,deepfake_media,1,0,medium,medium,ebbd5177dab0
717b7783-c25,social,2025-09-27T04:30:50.290281Z,Meera Patel,public,,Interview leaked - audio attached,mp4,mp4_717b7783-c25.mp4,False,,deepfake_media,1,0,medium,medium,89f61d9dc10e
27e65625-510,email,2025-11-20T11:22:00.290305Z,user928@payments-update.com,user1610@example.com,payments-update.com,Payroll issue: update your bank details: https://payments-update.com/?id=27e65625-510,none,none,True,https://payments-update.com/?id=27e65625-510,benign,0,0,low,low,998f86d7e839
1ce406dd-649,upload,2025-09-22T06:01:14.290332Z,Sana Ahmed,admin,,Uploaded media for review,jpg,jpg_1ce406dd-649.jpg,False,,deepfake_media,0,0,medium,medium,96cadb98d37e
2124b11e-63a,sms,2025-10-08T15:01:10.290355Z,+917014210391,+918737187525,uni-scholar.org,Package delivery failed. Confirm at http://uni-scholar.org/surveys?id=2124b11e-63a,none,none,True,http://uni-scholar.org/surveys?id=2124b11e-63a,scam_sms,0,0,low,low,3341c281177d
ff0f8fce-335,email,2025-10-19T12:05:21.290381Z,user683@loanfast.info,user1435@example.com,trusted-health.org,Security alert: New sign-in from unknown device. Reset here: https://trusted-health.org/?id=ff0f8fce-335,docx,docx_ff0f8fce-335.docx,True,https://trusted-health.org/?id=ff0f8fce-335,phishing,0,0,medium,medium,e5f77ee4de0a
56d98b52-da3,social,2025-10-09T21:25:55.290411Z,Vikram Rao,public,,Watch this shocking reveal video (see attachment),jpg,jpg_56d98b52-da3.jpg,False,,benign,0,0,medium,medium,104a90d44172
adc62f9e-b65,document,2025-08-28T04:46:28.290436Z,fintrustltd@payments-update.com,records@hospital.org,,Certified true copy - see attached | DOB: 1979-07-14,pdf,pdf_adc62f9e-b65.pdf,False,,legit_doc,0,1,medium,medium,b659916efe22
5f9ffee6-cdb,email,2025-09-26T18:54:38.290464Z,user785@loanfast.info,user1644@example.com,gov-id.org,Urgent: Your account will be suspended. Click https://gov-id.org/?id=5f9ffee6-cdb to verify now.,pdf,pdf_5f9ffee6-cdb.pdf,True,https://gov-id.org/?id=5f9ffee6-cdb,benign,0,0,high,high,3e828e9df20e
32e1fce9-22c,document,2025-11-01T20:57:20.290490Z,globaluni@gov-id.org,records@hospital.org,,Certified true copy - see attached,docx,docx_32e1fce9-22c.docx,False,,legit_doc,0,0,low,low,083312735a6f
cbc33150-2c7,email,2025-09-02T22:54:14.290516Z,user868@payments-update.com,user1748@example.com,docverify.net,Security alert: New sign-in from unknown device. Reset here: https://docverify.net/?id=cbc33150-2c7,docx,docx_cbc33150-2c7.docx,True,https://docverify.net/?id=cbc33150-2c7,benign,0,0,low,low,fc9b389c2e6f
764da0eb-6ff,email,2025-10-12T19:47:37.290543Z,user496@secure-bank.com,user1423@example.com,uni-scholar.org,Security alert: New sign-in from unknown device. Reset here: https://uni-scholar.org/?id=764da0eb-6ff,jpg,jpg_764da0eb-6ff.jpg,True,https://uni-scholar.org/?id=764da0eb-6ff,benign,0,0,medium,medium,538254ce5364
29ba5f06-a15,email,2025-10-20T13:47:30.290570Z,user729@loanfast.info,user1215@example.com,docverify.net,Security alert: New sign-in from unknown device. Reset here: https://docverify.net/?id=29ba5f06-a15,jpg,jpg_29ba5f06-a15.jpg,True,https://docverify.net/?id=29ba5f06-a15,scholarship_scam,0,0,low,low,2452254efdff
8dc7eea7-949,document,2025-10-31T04:08:52.290596Z,globaluni@payments-update.com,records@gov.org,,Medical test report - Patient: Meera Patel - Result: Pending - Ref 8dc7eea7-949,pdf,pdf_8dc7eea7-949.pdf,False,,legit_doc,0,0,low,low,adeb1725c4c0
1eb526f7-29b,social,2025-09-03T04:46:40.290622Z,John Smith,public,,Viral video: unbelievable transformation - shared by John Smith,jpg,jpg_1eb526f7-29b.jpg,False,,benign,0,0,low,low,e3f442176a83
c86c266b-337,sms,2025-10-25T20:30:26.290645Z,+917846053184,+917677129876,parcel-track.net,Your exam result updated. Login at http://parcel-track.net/surveys?id=c86c266b-337,none,none,True,http://parcel-track.net/surveys?id=c86c266b-337,scam_sms,0,0,medium,medium,6b1f58f354ba
173a1393-fa7,social,2025-09-24T00:13:15.290671Z,Vikram Rao,public,,Viral video: unbelievable transformation - shared by Meera Patel,mp4,mp4_173a1393-fa7.mp4,False,,benign,0,0,high,high,89d2de8da091
1ec4bdf2-6ed,social,2025-11-21T19:25:11.290694Z,Sana Ahmed,public,,Interview leaked - audio attached,none,none,False,,benign,0,0,low,low,240a9ffeed4a
6ad2ee5b-555,social,2025-08-25T16:32:47.290716Z,John Smith,public,,Viral video: unbelievable transformation - shared by Meera Patel,mp4,mp4_6ad2ee5b-555.mp4,False,,benign,0,0,critical,critical,b7783b13ed31
cd2c1242-e13,email,2025-09-27T07:24:31.290740Z,user590@trusted-health.org,user1748@example.com,gov-id.org,Security alert: New sign-in from unknown device. Reset here: https://gov-id.org/?id=cd2c1242-e13,png,png_cd2c1242-e13.png,True,https://gov-id.org/?id=cd2c1242-e13,invoice_fraud,0,0,high,high,d6f28734e428
816db203-51e,upload,2025-10-15T17:40:45.290768Z,Vikram Rao,admin,,Uploaded media for review,mp4,mp4_816db203-51e.mp4,False,,benign,0,0,low,low,fe08f7c17161
9a7358ff-720,email,2025-11-15T15:02:25.290796Z,user581@loanfast.info,user1401@example.com,docverify.net,Action required: Confirm your payment method at https://docverify.net/?id=9a7358ff-720. Invoice attached: invoice_9a7358ff-720.pdf,pdf,pdf_9a7358ff-720.pdf,True,https://docverify.net/?id=9a7358ff-720,benign,0,0,low,low,5cd98e57e00b
60cb7d2d-159,upload,2025-10-22T21:24:53.290824Z,John Smith,admin,,Uploaded media for review,jpg,jpg_60cb7d2d-159.jpg,False,,deepfake_media,1,0,high,high,eb2c98c2a50a
112c74a1-451,email,2025-10-12T11:55:33.290846Z,user738@loanfast.info,user1553@example.com,docverify.net,"Payroll issue: update your bank details: https://docverify.net/?id=112c74a1-451 Patient: Aisha Khan, Acc: XXXX-XXXX-6978",mp4,mp4_112c74a1-451.mp4,True,https://docverify.net/?id=112c74a1-451,scholarship_scam,0,1,low,low,ec08ee34336c
9fe4c924-ec5,email,2025-10-13T21:03:32.290876Z,user475@payments-update.com,user1220@example.com,uni-scholar.org,Security alert: New sign-in from unknown device. Reset here: https://uni-scholar.org/?id=9fe4c924-ec5,jpg,jpg_9fe4c924-ec5.jpg,True,https://uni-scholar.org/?id=9fe4c924-ec5,benign,0,0,low,low,5e50ef609e3a
286d06de-420,upload,2025-11-16T01:28:45.290905Z,Vikram Rao,admin,,Uploaded media for review,jpg,jpg_286d06de-420.jpg,False,,deepfake_media,0,0,low,low,8a7a2e0fc17e
5dbc6960-ae1,social,2025-11-03T18:10:24.290927Z,Rahul Verma,public,,Interview leaked - audio attached,mp4,mp4_5dbc6960-ae1.mp4,False,,benign,0,0,low,low,b00f243ba57c
ffb09006-f4f,sms,2025-10-15T14:53:09.290954Z,+918831936947,+916178384436,payments-update.com,Free voucher! Redeem at http://payments-update.com/surveys?id=ffb09006-f4f,none,none,True,http://payments-update.com/surveys?id=ffb09006-f4f,benign,0,0,high,high,9e7bf833cbde
4bcc466e-172,sms,2025-10-06T05:56:26.290982Z,+917346129713,+916972810021,uni-scholar.org,Your OTP is 123456 - never share it,none,none,False,,benign,0,0,low,low,d5a3f4fca8d1
eb559502-e6e,document,2025-10-10T07:00:06.291005Z,jobhubpvtltd@payments-update.com,records@hospital.org,,Hospital discharge summary - Patient: Rahul Verma - MRN: eb559502-e6e | DOB: 1997-06-22,docx,docx_eb559502-e6e.docx,False,,fake_doc,0,1,high,high,435d4cdc2103
6c1c6f68-9b0,email,2025-08-31T07:43:15.291035Z,user468@trusted-health.org,user1565@example.com,uni-scholar.org,Security alert: New sign-in from unknown device. Reset here: https://uni-scholar.org/?id=6c1c6f68-9b0,jpg,jpg_6c1c6f68-9b0.jpg,True,https://uni-scholar.org/?id=6c1c6f68-9b0,phishing,0,0,high,high,b8b065ac8fd2
b75b3db5-43a,email,2025-09-10T04:45:13.291075Z,user981@loanfast.info,user1186@example.com,secure-bank.com,Action required: Confirm your payment method at https://secure-bank.com/?id=b75b3db5-43a. Invoice attached: invoice_b75b3db5-43a.pdf,pdf,pdf_b75b3db5-43a.pdf,True,https://secure-bank.com/?id=b75b3db5-43a,invoice_fraud,0,0,medium,medium,c81fa784eca5
9f6bfb5d-5f2,email,2025-08-29T14:33:45.291107Z,user343@uni-scholar.org,user1898@example.com,parcel-track.net,Security alert: New sign-in from unknown device. Reset here: https://parcel-track.net/?id=9f6bfb5d-5f2,docx,docx_9f6bfb5d-5f2.docx,True,https://parcel-track.net/?id=9f6bfb5d-5f2,benign,0,0,high,high,67611d74dee0
271cc47a-480,document,2025-09-02T15:43:05.291137Z,globaluni@payments-update.com,records@hospital.org,,Government ID correction letter - Ref: 271cc47a-480,docx,docx_271cc47a-480.docx,False,,fake_doc,1,0,high,high,0f30ea589bdd
fb7333e1-b63,email,2025-11-01T10:39:37.291164Z,user231@gov-id.org,user1424@example.com,trusted-health.org,Payroll issue: update your bank details: https://trusted-health.org/?id=fb7333e1-b63,jpg,jpg_fb7333e1-b63.jpg,True,https://trusted-health.org/?id=fb7333e1-b63,invoice_fraud,0,0,critical,critical,2d01eec51e17
d93ac4c7-a7e,social,2025-09-07T07:32:31.291193Z,John Smith,public,,Watch this shocking reveal video (see attachment),mp4,mp4_d93ac4c7-a7e.mp4,False,,benign,0,0,medium,medium,d2709c16bf6a
1c6e8675-d50,email,2025-11-09T23:39:01.291217Z,user150@gov-id.org,user1785@example.com,docverify.net,Action required: Confirm your payment method at https://docverify.net/?id=1c6e8675-d50. Invoice attached: invoice_1c6e8675-d50.pdf,pdf,pdf_1c6e8675-d50.pdf,True,https://docverify.net/?id=1c6e8675-d50,scholarship_scam,0,0,low,low,8f09e2994067
2121414e-92c,social,2025-09-18T15:02:33.291244Z,Vikram Rao,public,,Watch this shocking reveal video (see attachment),jpg,jpg_2121414e-92c.jpg,False,,deepfake_media,1,0,high,high,b6c9ae67040d
efae3a55-a48,sms,2025-09-30T02:34:52.291268Z,+919814350984,+917615779663,trusted-health.org,Your exam result updated. Login at http://trusted-health.org/surveys?id=efae3a55-a48,none,none,True,http://trusted-health.org/surveys?id=efae3a55-a48,scam_sms,0,0,high,high,c75493737dee
7823fe4a-caa,social,2025-11-17T03:29:16.291294Z,Vikram Rao,public,,Viral video: unbelievable transformation - shared by Meera Patel,jpg,jpg_7823fe4a-caa.jpg,False,,benign,0,0,low,low,10e2ca4bcad3
34d5a783-0f5,email,2025-11-22T00:57:27.291318Z,user359@loanfast.info,user1647@example.com,trusted-health.org,Urgent: Your account will be suspended. Click https://trusted-health.org/?id=34d5a783-0f5 to verify now.,mp4,mp4_34d5a783-0f5.mp4,True,https://trusted-health.org/?id=34d5a783-0f5,invoice_fraud,0,0,high,high,df1c5e9caf1f
1e586e03-00f,social,2025-10-16T11:51:13.291346Z,Sana Ahmed,public,,Watch this shocking reveal video (see attachment),mp4,mp4_1e586e03-00f.mp4,False,,benign,0,0,critical,critical,a80c700a275c
5cebe784-f9a,document,2025-11-21T10:03:26.291375Z,acmecorp@gov-id.org,records@gov.org,,Government ID correction letter - Ref: 5cebe784-f9a | DOB: 2004-03-14,pdf,pdf_5cebe784-f9a.pdf,False,,fake_doc,1,1,high,high,0f80a5f416eb
e51d3cc9-4c7,social,2025-09-24T21:58:00.291404Z,Aisha Khan,public,,Viral video: unbelievable transformation - shared by Meera Patel,jpg,jpg_e51d3cc9-4c7.jpg,False,,deepfake_media,0,0,medium,medium,a589b7a8cfb1
98243bcb-edd,upload,2025-10-25T00:37:06.291429Z,Sana Ahmed,admin,,Uploaded media for review,jpg,jpg_98243bcb-edd.jpg,False,,deepfake_media,0,0,low,low,1897dbcfd591
16d8c2b6-d47,document,2025-11-17T05:57:09.291452Z,acmecorp@loanfast.info,records@hospital.org,,Certified true copy - see attached,docx,docx_16d8c2b6-d47.docx,False,,fake_doc,0,0,medium,medium,c318fd08af80
5e79da9b-a11,sms,2025-10-28T08:00:27.291484Z,+916915489868,+919453885360,gov-id.org,Your OTP is 123456 - never share it,none,none,False,,benign,0,0,low,low,63dbc4a380e3
5cb371b0-30c,social,2025-10-06T10:24:55.291510Z,Rahul Verma,public,,Interview leaked - audio attached,mp4,mp4_5cb371b0-30c.mp4,False,,benign,0,0,high,high,cfb58950b3e4
76184d02-22c,email,2025-09-11T08:10:03.291533Z,user786@parcel-track.net,user1890@example.com,docverify.net,Urgent: Your account will be suspended. Click https://docverify.net/?id=76184d02-22c to verify now.,png,png_76184d02-22c.png,True,https://docverify.net/?id=76184d02-22c,benign,0,0,low,low,edd5eafcc723
13168b53-dc8,sms,2025-11-20T11:02:51.291560Z,+916951509587,+916736415420,loanfast.info,Your exam result updated. Login at http://loanfast.info/surveys?id=13168b53-dc8,none,none,True,http://loanfast.info/surveys?id=13168b53-dc8,benign,0,0,medium,medium,608cb5f917e2
878625cd-e68,document,2025-10-10T07:31:19.291585Z,globaluni@trusted-health.org,records@hospital.org,,Certified true copy - see attached,docx,docx_878625cd-e68.docx,False,,legit_doc,0,0,low,low,a9b3ae2ee39b
c8cee77f-fd8,document,2025-09-13T08:05:04.291611Z,medilifehospital@docverify.net,records@company.com,,Hospital discharge summary - Patient: Rahul Verma - MRN: c8cee77f-fd8 | DOB: 1999-08-16,pdf,pdf_c8cee77f-fd8.pdf,False,,legit_doc,0,1,medium,medium,ed077316b915
3efc9c19-3de,sms,2025-10-22T14:32:28.291639Z,+917471968713,+916454032102,gov-id.org,Your OTP is 123456 - never share it,none,none,False,,benign,0,0,high,high,5e45c1936eb8
50db3920-9cc,upload,2025-11-16T01:16:29.291662Z,John Smith,admin,,Uploaded media for review,jpg,jpg_50db3920-9cc.jpg,False,,deepfake_media,1,0,low,low,2db731495d59
2bc86cbe-280,sms,2025-11-02T06:59:06.291684Z,+919714965003,+917578915834,parcel-track.net,Your OTP is 123456 - never share it,none,none,False,,benign,0,0,high,high,9308f48c2763
e2bd0694-9fb,document,2025-10-11T21:51:30.291708Z,fintrustltd@loanfast.info,records@gov.org,,Government ID correction letter - Ref: e2bd0694-9fb | DOB: 1978-01-13,docx,docx_e2bd0694-9fb.docx,False,,fake_doc,1,1,high,high,6adcdb48b2b4
bb2ab22f-5fa,sms,2025-11-08T18:07:02.291735Z,+916171703847,+919238335593,parcel-track.net,Loan approved! Complete KYC at http://parcel-track.net/surveys?id=bb2ab22f-5fa,none,none,True,http://parcel-track.net/surveys?id=bb2ab22f-5fa,scam_sms,0,0,high,high,fc495dea56c7
21f6c0d0-de4,social,2025-09-13T17:05:17.291761Z,Meera Patel,public,,Watch this shocking reveal video (see attachment),jpg,jpg_21f6c0d0-de4.jpg,False,,benign,0,0,medium,medium,ca31f9f34838
fe150203-d98,sms,2025-08-25T22:39:03.291785Z,+916591474210,+918918553211,parcel-track.net,Free voucher! Redeem at http://parcel-track.net/surveys?id=fe150203-d98,none,none,True,http://parcel-track.net/surveys?id=fe150203-d98,scam_sms,0,0,medium,medium,036205b3e817
fa54abba-d57,sms,2025-09-18T14:56:51.291811Z,+916644166725,+917983806269,loanfast.info,Package delivery failed. Confirm at http://loanfast.info/surveys?id=fa54abba-d57,none,none,True,http://loanfast.info/surveys?id=fa54abba-d57,scam_sms,0,0,high,high,97440c4e7745
9db71ec8-2e2,social,2025-09-13T02:53:59.291837Z,Aisha Khan,public,,Watch this shocking reveal video (see attachment),none,none,False,,deepfake_media,1,0,high,high,2457a8f149df
c62c3766-70b,email,2025-11-09T19:58:53.291860Z,user693@loanfast.info,user1708@example.com,secure-bank.com,Payroll issue: update your bank details: https://secure-bank.com/?id=c62c3766-70b,png,png_c62c3766-70b.png,True,https://secure-bank.com/?id=c62c3766-70b,benign,0,0,low,low,a11fc0f891c8
e96347d9-84d,email,2025-11-01T17:41:27.291886Z,user353@gov-id.org,user1060@example.com,loanfast.info,Action required: Confirm your payment method at https://loanfast.info/?id=e96347d9-84d. Invoice attached: invoice_e96347d9-84d.pdf,pdf,pdf_e96347d9-84d.pdf,True,https://loanfast.info/?id=e96347d9-84d,benign,0,0,high,high,531eba143c4d
3fbb7ce4-d7f,document,2025-09-28T05:38:46.291913Z,fintrustltd@gov-id.org,records@gov.org,,Offer letter - Company: Acme Corp - Candidate: Sana Ahmed,docx,docx_3fbb7ce4-d7f.docx,False,,fake_doc,1,0,medium,medium,c23763b56dce
cec0c210-dbc,sms,2025-10-21T08:18:11.291941Z,+917241933058,+919653375459,docverify.net,Your exam result updated. Login at http://docverify.net/surveys?id=cec0c210-dbc,none,none,True,http://docverify.net/surveys?id=cec0c210-dbc,benign,0,0,low,low,cc65f946364b
34bf634a-ff3,email,2025-11-09T04:39:53.291966Z,user110@secure-bank.com,user1527@example.com,gov-id.org,Security alert: New sign-in from unknown device. Reset here: https://gov-id.org/?id=34bf634a-ff3,jpg,jpg_34bf634a-ff3.jpg,True,https://gov-id.org/?id=34bf634a-ff3,phishing,0,0,medium,medium,7c5055c62295
8cc57d1c-593,social,2025-11-15T02:05:51.292003Z,Vikram Rao,public,,Viral video: unbelievable transformation - shared by Sana Ahmed,jpg,jpg_8cc57d1c-593.jpg,False,,benign,0,0,medium,medium,75d471bfed49
012fc2e4-5bf,email,2025-08-30T23:18:14.292029Z,user687@uni-scholar.org,user1598@example.com,gov-id.org,"Urgent: Your account will be suspended. Click https://gov-id.org/?id=012fc2e4-5bf to verify now. Patient: Vikram Rao, Acc: XXXX-XXXX-2664",mp4,mp4_012fc2e4-5bf.mp4,True,https://gov-id.org/?id=012fc2e4-5bf,phishing,0,1,high,high,0e992bf1bd0d
0d6d36b4-557,sms,2025-11-17T06:48:03.292059Z,+919572814904,+917972516040,parcel-track.net,Free voucher! Redeem at http://parcel-track.net/surveys?id=0d6d36b4-557,none,none,True,http://parcel-track.net/surveys?id=0d6d36b4-557,scam_sms,0,0,medium,medium,1649e02c0057
5f741d8b-7cf,email,2025-09-23T01:06:44.292088Z,user962@docverify.net,user1349@example.com,parcel-track.net,Scholarship awarded! Apply here: https://parcel-track.net/?id=5f741d8b-7cf — limited seats.,docx,docx_5f741d8b-7cf.docx,True,https://parcel-track.net/?id=5f741d8b-7cf,phishing,0,0,high,high,55f6bf97277d
3cc2f42a-6bc,upload,2025-08-27T00:58:53.292119Z,Rahul Verma,admin,,Uploaded media for review,jpg,jpg_3cc2f42a-6bc.jpg,False,,benign,0,0,low,low,f2ded725399a
fb0a2f2b-077,social,2025-10-13T02:13:34.292142Z,Aisha Khan,public,,Watch this shocking reveal video (see attachment),jpg,jpg_fb0a2f2b-077.jpg,False,,deepfake_media,1,0,medium,medium,31a456fc460f
ec27c59d-704,email,2025-09-10T19:19:05.292166Z,user182@docverify.net,user1610@example.com,payments-update.com,Payroll issue: update your bank details: https://payments-update.com/?id=ec27c59d-704,mp4,mp4_ec27c59d-704.mp4,True,https://payments-update.com/?id=ec27c59d-704,benign,0,0,high,high,6804a0a0951f
c9a845a5-18e,sms,2025-10-26T10:04:58.292193Z,+919894443871,+918484377476,payments-update.com,Package delivery failed. Confirm at http://payments-update.com/surveys?id=c9a845a5-18e,none,none,True,http://payments-update.com/surveys?id=c9a845a5-18e,benign,0,0,high,high,a6d68b085f58
80aa43e1-4c0,sms,2025-10-25T01:09:17.292219Z,+917200025982,+919712311627,payments-update.com,Loan approved! Complete KYC at http://payments-update.com/surveys?id=80aa43e1-4c0,none,none,True,http://payments-update.com/surveys?id=80aa43e1-4c0,benign,0,0,medium,medium,443824ac8677
18ff8cd3-b27,email,2025-10-03T11:53:53.292244Z,user906@parcel-track.net,user1623@example.com,gov-id.org,Urgent: Your account will be suspended. Click https://gov-id.org/?id=18ff8cd3-b27 to verify now.,png,png_18ff8cd3-b27.png,True,https://gov-id.org/?id=18ff8cd3-b27,benign,0,0,medium,medium,18aa0cc712b4
56ad953a-272,email,2025-08-29T00:46:09.292271Z,user657@uni-scholar.org,user1435@example.com,uni-scholar.org,Urgent: Your account will be suspended. Click https://uni-scholar.org/?id=56ad953a-272 to verify now.,png,png_56ad953a-272.png,True,https://uni-scholar.org/?id=56ad953a-272,phishing,0,0,high,high,312eb45e2a04
a73d6b03-2dc,sms,2025-09-26T12:22:43.292298Z,+919489376744,+916467990591,payments-update.com,Your OTP is 123456 - never share it,none,none,False,,scam_sms,0,0,low,low,23c2acdd5adf
d41ef0b4-4d4,document,2025-10-10T19:34:16.292322Z,jobhubpvtltd@trusted-health.org,records@gov.org,,Medical test report - Patient: Sana Ahmed - Result: Pending - Ref d41ef0b4-4d4,pdf,pdf_d41ef0b4-4d4.pdf,False,,legit_doc,0,0,low,low,c877a8c0959b
f2cd15cc-2b0,social,2025-09-26T22:42:54.292347Z,Rahul Verma,public,,Viral video: unbelievable transformation - shared by Aisha Khan,mp4,mp4_f2cd15cc-2b0.mp4,False,,benign,0,0,medium,medium,3ee3f183da2b
2e7d6028-93e,email,2025-08-24T06:36:46.292371Z,user326@gov-id.org,user1099@example.com,trusted-health.org,Scholarship awarded! Apply here: https://trusted-health.org/?id=2e7d6028-93e — limited seats.,mp4,mp4_2e7d6028-93e.mp4,True,https://trusted-health.org/?id=2e7d6028-93e,benign,0,0,high,high,29ec53e46bef
19baa024-ed3,email,2025-08-30T10:39:26.292399Z,user751@loanfast.info,user1814@example.com,gov-id.org,Payroll issue: update your bank details: https://gov-id.org/?id=19baa024-ed3,none,none,True,https://gov-id.org/?id=19baa024-ed3,benign,0,0,medium,medium,013c1d295417
a2cedd24-e71,email,2025-11-02T23:14:35.292424Z,user344@loanfast.info,user1673@example.com,loanfast.info,Action required: Confirm your payment method at https://loanfast.info/?id=a2cedd24-e71. Invoice attached: invoice_a2cedd24-e71.pdf,pdf,pdf_a2cedd24-e71.pdf,True,https://loanfast.info/?id=a2cedd24-e71,benign,0,0,low,low,beff64c63ca6
2956680b-d0c,upload,2025-11-05T12:44:16.292451Z,Aisha Khan,admin,,Uploaded media for review,jpg,jpg_2956680b-d0c.jpg,False,,benign,0,0,medium,medium,40aa4b8728a2
75e1d978-89e,upload,2025-09-02T11:49:07.292473Z,Vikram Rao,admin,,Uploaded media for review,png,png_75e1d978-89e.png,False,,benign,0,0,medium,medium,aef3e18327f0
e71b00a0-70f,sms,2025-09-03T22:46:11.292494Z,+916419995063,+916288472906,payments-update.com,Your exam result updated. Login at http://payments-update.com/surveys?id=e71b00a0-70f,none,none,True,http://payments-update.com/surveys?id=e71b00a0-70f,benign,0,0,low,low,6ff651247b1e
1b62e3bf-888,document,2025-11-04T18:19:56.292519Z,acmecorp@gov-id.org,records@gov.org,,Government ID correction letter - Ref: 1b62e3bf-888,pdf,pdf_1b62e3bf-888.pdf,False,,legit_doc,0,0,high,high,aca5a27e7739
b54c093b-a1d,email,2025-11-19T13:57:03.292544Z,user769@gov-id.org,user1126@example.com,loanfast.info,Payroll issue: update your bank details: https://loanfast.info/?id=b54c093b-a1d,pdf,pdf_b54c093b-a1d.pdf,True,https://loanfast.info/?id=b54c093b-a1d,benign,0,0,low,low,cf1bceb424c9
b36a6892-a4f,social,2025-11-08T17:59:53.292579Z,John Smith,public,,Interview leaked - audio attached,mp4,mp4_b36a6892-a4f.mp4,False,,deepfake_media,1,0,medium,medium,fde0e106fb1a
0332320e-b8b,sms,2025-09-13T11:11:45.292613Z,+916826876120,+916587474767,uni-scholar.org,Package delivery failed. Confirm at http://uni-scholar.org/surveys?id=0332320e-b8b,none,none,True,http://uni-scholar.org/surveys?id=0332320e-b8b,benign,0,0,low,low,5015512e86c0
a9161704-86d,document,2025-09-14T13:49:04.292649Z,jobhubpvtltd@uni-scholar.org,records@gov.org,,Medical test report - Patient: Vikram Rao - Result: Pending - Ref a9161704-86d,docx,docx_a9161704-86d.docx,False,,legit_doc,0,0,high,high,6a595290a20e
2add52b6-eae,email,2025-09-13T19:02:47.292685Z,user960@trusted-health.org,user1251@example.com,parcel-track.net,Scholarship awarded! Apply here: https://parcel-track.net/?id=2add52b6-eae — limited seats.,jpg,jpg_2add52b6-eae.jpg,True,https://parcel-track.net/?id=2add52b6-eae,benign,0,0,high,high,c7f6f3865fe5
8227660b-d99,sms,2025-09-09T17:03:32.292726Z,+916800987529,+918340945915,docverify.net,Your OTP is 123456 - never share it,none,none,False,,benign,0,0,critical,critical,6f6c25a1c94f
1b1ab13d-9e9,document,2025-09-21T23:54:08.292759Z,jobhubpvtltd@secure-bank.com,records@company.com,,Government ID correction letter - Ref: 1b1ab13d-9e9,docx,docx_1b1ab13d-9e9.docx,False,,legit_doc,0,0,high,high,eb5049a59a89
a89bbd3c-f52,sms,2025-08-25T21:51:07.292784Z,+917089340421,+919061337471,docverify.net,Your OTP is 123456 - never share it,none,none,False,,benign,0,0,medium,medium,3eee31830ea7
ed8b3a0d-5eb,social,2025-11-15T08:42:25.292808Z,John Smith,public,,Interview leaked - audio attached,jpg,jpg_ed8b3a0d-5eb.jpg,False,,benign,0,0,low,low,3b4615122be3
f992f5a9-426,social,2025-10-14T05:09:09.292830Z,Sana Ahmed,public,,Viral video: unbelievable transformation - shared by Rahul Verma,mp4,mp4_f992f5a9-426.mp4,False,,harassment,0,0,medium,medium,abf5bd7de1d8
07d85de2-7fd,sms,2025-09-22T16:07:36.292853Z,+918324658807,+917248349337,secure-bank.com,Your exam result updated. Login at http://secure-bank.com/surveys?id=07d85de2-7fd,none,none,True,http://secure-bank.com/surveys?id=07d85de2-7fd,scam_sms,0,0,low,low,788b44404307
94f8b691-7e1,email,2025-10-05T05:15:11.292878Z,user941@payments-update.com,user1851@example.com,parcel-track.net,"Hello, please review attached report",docx,docx_94f8b691-7e1.docx,False,,benign,0,0,low,low,1ac0ea5969d5
42f38e56-2e1,email,2025-08-29T05:10:09.292903Z,user504@docverify.net,user1796@example.com,payments-update.com,Scholarship awarded! Apply here: https://payments-update.com/?id=42f38e56-2e1 — limited seats.,pdf,pdf_42f38e56-2e1.pdf,True,https://payments-update.com/?id=42f38e56-2e1,benign,0,0,low,low,6a1ad6ef5a57
12a15e00-23b,sms,2025-11-18T06:14:35.292945Z,+917854329799,+916986520675,payments-update.com,Loan approved! Complete KYC at http://payments-update.com/surveys?id=12a15e00-23b,none,none,True,http://payments-update.com/surveys?id=12a15e00-23b,benign,0,0,low,low,653b519073b4
2697781a-16c,email,2025-10-11T22:01:15.292972Z,user347@parcel-track.net,user1003@example.com,trusted-health.org,"Hello, please review attached report",mp4,mp4_2697781a-16c.mp4,False,,job_scam,0,0,medium,medium,2dbc3415ef65
3baec4cf-3d4,document,2025-11-15T20:36:47.292998Z,globaluni@uni-scholar.org,records@hospital.org,,Offer letter - Company: JobHub Pvt Ltd - Candidate: Rahul Verma | DOB: 2010-05-17,docx,docx_3baec4cf-3d4.docx,False,,fake_doc,1,1,medium,medium,eb46c78b7e4e
da6d516f-703,upload,2025-09-27T15:52:23.293027Z,Aisha Khan,admin,,Uploaded media for review,png,png_da6d516f-703.png,False,,deepfake_media,1,0,low,low,0ee277115a56
364a1169-602,sms,2025-10-01T07:20:23.293050Z,+916503700133,+917059981189,docverify.net,Loan approved! Complete KYC at http://docverify.net/surveys?id=364a1169-602,none,none,True,http://docverify.net/surveys?id=364a1169-602,benign,0,0,low,low,1df3a933f53e
0dc8b06a-09f,sms,2025-09-15T21:02:25.293075Z,+919495863833,+917246929718,secure-bank.com,Your OTP is 123456 - never share it,none,none,False,,benign,0,0,medium,medium,218cbae9d695
6cdce105-b85,email,2025-10-12T02:02:14.293099Z,user947@payments-update.com,user1779@example.com,trusted-health.org,Urgent: Your account will be suspended. Click https://trusted-health.org/?id=6cdce105-b85 to verify now.,docx,docx_6cdce105-b85.docx,True,https://trusted-health.org/?id=6cdce105-b85,scholarship_scam,0,0,low,low,72f70efe3cd1
f1a85178-985,email,2025-08-25T07:11:20.293126Z,user246@trusted-health.org,user1425@example.com,uni-scholar.org,Urgent: Your account will be suspended. Click https://uni-scholar.org/?id=f1a85178-985 to verify now.,none,none,True,https://uni-scholar.org/?id=f1a85178-985,phishing,0,0,high,high,20e475e306d5
ddb193c6-8d6,email,2025-11-07T07:11:45.293152Z,user996@uni-scholar.org,user1724@example.com,docverify.net,Scholarship awarded! Apply here: https://docverify.net/?id=ddb193c6-8d6 — limited seats.,docx,docx_ddb193c6-8d6.docx,True,https://docverify.net/?id=ddb193c6-8d6,benign,0,0,high,high,3bedd6eb8ea4
249ad623-e25,social,2025-10-21T10:26:09.293180Z,John Smith,public,,Watch this shocking reveal video (see attachment),mp4,mp4_249ad623-e25.mp4,False,,deepfake_media,1,0,medium,medium,43e636ae4ffb
b0beed2e-1ff,sms,2025-11-11T12:38:11.293211Z,+916590372570,+916649951720,secure-bank.com,Package delivery failed. Confirm at http://secure-bank.com/surveys?id=b0beed2e-1ff,none,none,True,http://secure-bank.com/surveys?id=b0beed2e-1ff,benign,0,0,high,high,d09a4e5642c5
021ea18a-e6f,email,2025-11-05T07:16:23.293239Z,user247@loanfast.info,user1889@example.com,payments-update.com,Action required: Confirm your payment method at https://payments-update.com/?id=021ea18a-e6f. Invoice attached: invoice_021ea18a-e6f.pdf,pdf,pdf_021ea18a-e6f.pdf,True,https://payments-update.com/?id=021ea18a-e6f,scholarship_scam,0,0,medium,medium,d9c792aaa26e
94258781-f2c,social,2025-08-30T08:49:21.293267Z,John Smith,public,,Interview leaked - audio attached,jpg,jpg_94258781-f2c.jpg,False,,benign,0,0,low,low,0db9f6b60bd3
dc8d9fb1-121,email,2025-11-10T07:02:01.293290Z,user186@trusted-health.org,user1946@example.com,docverify.net,Security alert: New sign-in from unknown device. Reset here: https://docverify.net/?id=dc8d9fb1-121,none,none,True,https://docverify.net/?id=dc8d9fb1-121,scholarship_scam,0,0,low,low,9e6b044d4fd6
1b940aad-bbf,sms,2025-09-17T15:32:35.293315Z,+919537385452,+916651271413,loanfast.info,Loan approved! Complete KYC at http://loanfast.info/surveys?id=1b940aad-bbf,none,none,True,http://loanfast.info/surveys?id=1b940aad-bbf,scam_sms,0,0,medium,medium,32358962c293
34fe3ed2-a9d,email,2025-11-10T03:48:51.293342Z,user842@trusted-health.org,user1156@example.com,uni-scholar.org,Urgent: Your account will be suspended. Click https://uni-scholar.org/?id=34fe3ed2-a9d to verify now.,jpg,jpg_34fe3ed2-a9d.jpg,True,https://uni-scholar.org/?id=34fe3ed2-a9d,phishing,0,0,high,high,32de6f385eb0
cc9eb090-cc5,social,2025-10-17T19:54:38.293370Z,Sana Ahmed,public,,Watch this shocking reveal video (see attachment),none,none,False,,deepfake_media,0,0,high,high,4d5374853a23
fcde170f-85a,sms,2025-09-30T00:51:42.293394Z,+918512840973,+919294126188,payments-update.com,Your OTP is 123456 - never share it,none,none,False,,loan_scam,0,0,low,low,7fc3aa304fde
123aa3f3-0ad,sms,2025-08-28T05:29:47.293418Z,+918650175358,+919275770172,docverify.net,Your exam result updated. Login at http://docverify.net/surveys?id=123aa3f3-0ad,none,none,True,http://docverify.net/surveys?id=123aa3f3-0ad,benign,0,0,low,low,9c52f8cb2e68
68de30e5-c2c,document,2025-09-06T23:28:08.293443Z,fintrustltd@gov-id.org,records@gov.org,,Government ID correction letter - Ref: 68de30e5-c2c,docx,docx_68de30e5-c2c.docx,False,,fake_doc,1,0,high,high,6dafc6ef9ebd
82bcf64c-959,email,2025-11-20T10:03:45.293469Z,user833@parcel-track.net,user1267@example.com,gov-id.org,"Scholarship awarded! Apply here: https://gov-id.org/?id=82bcf64c-959 — limited seats. Patient: Sana Ahmed, Acc: XXXX-XXXX-6287",mp4,mp4_82bcf64c-959.mp4,True,https://gov-id.org/?id=82bcf64c-959,benign,0,1,low,low,5cf6614a80d1
34e42a2a-82c,email,2025-10-13T12:22:28.293499Z,user852@docverify.net,user1113@example.com,parcel-track.net,Scholarship awarded! Apply here: https://parcel-track.net/?id=34e42a2a-82c — limited seats.,mp4,mp4_34e42a2a-82c.mp4,True,https://parcel-track.net/?id=34e42a2a-82c,phishing,0,0,critical,critical,a117819d731d
6d31cde0-0a4,sms,2025-09-27T04:19:41.293527Z,+916571500550,+917053247846,parcel-track.net,Your exam result updated. Login at http://parcel-track.net/surveys?id=6d31cde0-0a4,none,none,True,http://parcel-track.net/surveys?id=6d31cde0-0a4,benign,0,0,medium,medium,be5cbf192ace
50c53214-c76,email,2025-09-06T08:50:51.293553Z,user274@gov-id.org,user1355@example.com,loanfast.info,"Hello, please review attached report Patient: John Smith, Acc: XXXX-XXXX-2146",none,none,False,,scholarship_scam,0,1,high,high,0704f11d2968
6a9bccd1-0f0,email,2025-08-29T13:30:41.293579Z,user172@uni-scholar.org,user1922@example.com,secure-bank.com,"Hello, please review attached report",none,none,False,,benign,0,0,critical,critical,2aa1af715f84
4492190f-d9c,upload,2025-09-30T17:09:23.293602Z,Sana Ahmed,admin,,Uploaded media for review,mp4,mp4_4492190f-d9c.mp4,False,,deepfake_media,0,0,low,low,fac0a9d6975f
97c8cbf5-a8c,email,2025-10-25T19:43:27.293624Z,user802@uni-scholar.org,user1242@example.com,trusted-health.org,Scholarship awarded! Apply here: https://trusted-health.org/?id=97c8cbf5-a8c — limited seats.,mp4,mp4_97c8cbf5-a8c.mp4,True,https://trusted-health.org/?id=97c8cbf5-a8c,phishing,0,0,high,high,64149258b305
d06421fc-d50,sms,2025-10-17T05:50:14.293652Z,+917224012190,+919273120070,loanfast.info,Free voucher! Redeem at http://loanfast.info/surveys?id=d06421fc-d50,none,none,True,http://loanfast.info/surveys?id=d06421fc-d50,benign,0,0,low,low,ff8ff7a9370f
14600a2d-fcf,email,2025-08-27T06:02:31.293676Z,user760@trusted-health.org,user1747@example.com,secure-bank.com,Scholarship awarded! Apply here: https://secure-bank.com/?id=14600a2d-fcf — limited seats.,pdf,pdf_14600a2d-fcf.pdf,True,https://secure-bank.com/?id=14600a2d-fcf,job_scam,0,0,medium,medium,9e5e0f381673
fcc14065-25b,sms,2025-09-27T19:44:33.293703Z,+917333904685,+917913308307,trusted-health.org,Your exam result updated. Login at http://trusted-health.org/surveys?id=fcc14065-25b,none,none,True,http://trusted-health.org/surveys?id=fcc14065-25b,scam_sms,0,0,high,high,a1602b969d49
3ce9d489-c59,email,2025-11-22T05:06:33.293727Z,user744@parcel-track.net,user1289@example.com,loanfast.info,Action required: Confirm your payment method at https://loanfast.info/?id=3ce9d489-c59. Invoice attached: invoice_3ce9d489-c59.pdf,pdf,pdf_3ce9d489-c59.pdf,True,https://loanfast.info/?id=3ce9d489-c59,phishing,0,0,high,high,ea3027e638cd
ebc64e0e-5f9,social,2025-08-28T06:38:17.293755Z,Sana Ahmed,public,,Interview leaked - audio attached,none,none,False,,benign,0,0,low,low,1dc6696fa3af
1ad67818-d3e,email,2025-10-06T23:47:46.293789Z,user731@docverify.net,user1291@example.com,parcel-track.net,Payroll issue: update your bank details: https://parcel-track.net/?id=1ad67818-d3e,docx,docx_1ad67818-d3e.docx,True,https://parcel-track.net/?id=1ad67818-d3e,benign,0,0,medium,medium,1824f4d94426
e65e151c-0fb,email,2025-09-10T10:26:01.293817Z,user419@secure-bank.com,user1968@example.com,trusted-health.org,Scholarship awarded! Apply here: https://trusted-health.org/?id=e65e151c-0fb — limited seats.,docx,docx_e65e151c-0fb.docx,True,https://trusted-health.org/?id=e65e151c-0fb,invoice_fraud,0,0,critical,critical,775d47f6be3a
5a5e1bfb-497,sms,2025-09-04T04:33:14.293845Z,+918002172385,+917795450862,loanfast.info,Free voucher! Redeem at http://loanfast.info/surveys?id=5a5e1bfb-497,none,none,True,http://loanfast.info/surveys?id=5a5e1bfb-497,scam_sms,0,0,low,low,896a51e6f98e
19c28461-eca,social,2025-11-08T23:48:13.293872Z,Aisha Khan,public,,Viral video: unbelievable transformation - shared by Meera Patel,mp4,mp4_19c28461-eca.mp4,False,,benign,0,0,low,low,e3687f597e2c
534cfdf4-b67,sms,2025-09-10T01:37:52.293895Z,+918602469161,+919372594209,gov-id.org,Free voucher! Redeem at http://gov-id.org/surveys?id=534cfdf4-b67,none,none,True,http://gov-id.org/surveys?id=534cfdf4-b67,loan_scam,0,0,critical,critical,0a4953d2d402
8612ecff-bea,sms,2025-09-11T18:20:07.293920Z,+918340566733,+917764711092,payments-update.com,Free voucher! Redeem at http://payments-update.com/surveys?id=8612ecff-bea,none,none,True,http://payments-update.com/surveys?id=8612ecff-bea,benign,0,0,medium,medium,843e90783cef
8c23651f-171,sms,2025-09-03T21:31:48.293944Z,+919642468979,+917159695213,secure-bank.com,Your OTP is 123456 - never share it,none,none,False,,benign,0,0,medium,medium,6f3206647421
c73aa34e-992,email,2025-10-11T23:36:32.293967Z,user755@uni-scholar.org,user1785@example.com,secure-bank.com,Action required: Confirm your payment method at https://secure-bank.com/?id=c73aa34e-992. Invoice attached: invoice_c73aa34e-992.pdf,pdf,pdf_c73aa34e-992.pdf,True,https://secure-bank.com/?id=c73aa34e-992,phishing,0,0,high,high,ff10c98d402a
7a1433d9-9ae,email,2025-10-18T14:33:23.293995Z,user550@payments-update.com,user1540@example.com,gov-id.org,Security alert: New sign-in from unknown device. Reset here: https://gov-id.org/?id=7a1433d9-9ae,png,png_7a1433d9-9ae.png,True,https://gov-id.org/?id=7a1433d9-9ae,benign,0,0,high,high,00a416b6f07e
f9f5c2cc-248,email,2025-10-14T14:27:01.294022Z,user894@uni-scholar.org,user1089@example.com,gov-id.org,"Security alert: New sign-in from unknown device. Reset here: https://gov-id.org/?id=f9f5c2cc-248 Patient: John Smith, Acc: XXXX-XXXX-8342",jpg,jpg_f9f5c2cc-248.jpg,True,https://gov-id.org/?id=f9f5c2cc-248,phishing,0,1,high,high,cc986224b22f
89bcddca-4f2,social,2025-08-25T00:05:47.294050Z,Vikram Rao,public,,Interview leaked - audio attached,jpg,jpg_89bcddca-4f2.jpg,False,,harassment,0,0,low,low,bf814a917c02
14b9d257-689,sms,2025-11-09T07:02:01.294073Z,+919009082685,+917290237024,uni-scholar.org,Your OTP is 123456 - never share it,none,none,False,,scam_sms,0,0,medium,medium,2ed54f915ba6
1d207f8a-6ec,sms,2025-11-20T00:22:44.294097Z,+919526660025,+917774830132,uni-scholar.org,Package delivery failed. Confirm at http://uni-scholar.org/surveys?id=1d207f8a-6ec,none,none,True,http://uni-scholar.org/surveys?id=1d207f8a-6ec,scam_sms,0,0,medium,medium,1f59f6078d5e
148eeb26-05f,document,2025-09-11T07:29:00.294122Z,fintrustltd@loanfast.info,records@company.com,,Offer letter - Company: FinTrust Ltd - Candidate: Vikram Rao | DOB: 1976-02-25,docx,docx_148eeb26-05f.docx,False,,fake_doc,0,1,high,high,fa39bf175976
23a62604-72a,social,2025-09-15T18:49:55.294151Z,John Smith,public,,Watch this shocking reveal video (see attachment),none,none,False,,benign,0,0,low,low,c12df48d391a
483476a8-07a,upload,2025-10-18T17:10:48.294175Z,Vikram Rao,admin,,Uploaded media for review,mp4,mp4_483476a8-07a.mp4,False,,benign,0,0,low,low,7cb1c075cd22
4119c2ca-6b9,sms,2025-11-16T09:00:32.294197Z,+918302210003,+918335182271,parcel-track.net,Loan approved! Complete KYC at http://parcel-track.net/surveys?id=4119c2ca-6b9,none,none,True,http://parcel-track.net/surveys?id=4119c2ca-6b9,scam_sms,0,0,low,low,91fd52f64ab5
e08bb535-f94,sms,2025-11-01T01:26:36.294222Z,+919199480531,+917453186818,payments-update.com,Your exam result updated. Login at http://payments-update.com/surveys?id=e08bb535-f94,none,none,True,http://payments-update.com/surveys?id=e08bb535-f94,benign,0,0,high,high,dbc3848ce3f4
8ae31775-6d4,email,2025-11-17T18:01:31.294247Z,user216@trusted-health.org,user1663@example.com,loanfast.info,"Hello, please review attached report",docx,docx_8ae31775-6d4.docx,False,,benign,0,0,medium,medium,bf0bbdd966fc
4321c3df-0a8,social,2025-10-28T05:05:20.294272Z,Aisha Khan,public,,Viral video: unbelievable transformation - shared by Sana Ahmed,none,none,False,,harassment,0,0,low,low,0dc168427189
493bd5a6-dcf,sms,2025-10-29T07:14:21.294295Z,+919895337107,+918280483451,uni-scholar.org,Your OTP is 123456 - never share it,none,none,False,,benign,0,0,medium,medium,dded98307d99
6bb5ec76-185,document,2025-08-30T08:21:51.294318Z,acmecorp@secure-bank.com,records@hospital.org,,Certified true copy - see attached | DOB: 1979-03-26,docx,docx_6bb5ec76-185.docx,False,,fake_doc,1,1,high,high,9016f508d8c4
f4c268cc-2a9,sms,2025-09-29T01:35:23.294346Z,+917597479175,+917427359168,secure-bank.com,Package delivery failed. Confirm at http://secure-bank.com/surveys?id=f4c268cc-2a9,none,none,True,http://secure-bank.com/surveys?id=f4c268cc-2a9,benign,0,0,medium,medium,0fc47ff894bd
f5458608-d38,sms,2025-11-13T20:36:13.294371Z,+917141561427,+919487185537,docverify.net,Package delivery failed. Confirm at http://docverify.net/surveys?id=f5458608-d38,none,none,True,http://docverify.net/surveys?id=f5458608-d38,benign,0,0,high,high,a63a166307f8
90e3c662-b0c,social,2025-11-08T04:44:22.294396Z,Aisha Khan,public,,Viral video: unbelievable transformation - shared by Rahul Verma,mp4,mp4_90e3c662-b0c.mp4,False,,benign,0,0,low,low,116bc7c8187e
4c99568f-eee,social,2025-09-03T05:57:17.294419Z,Sana Ahmed,public,,Viral video: unbelievable transformation - shared by John Smith,mp4,mp4_4c99568f-eee.mp4,False,,benign,0,0,high,high,c03fef2daa1b
d7fe7c87-23e,social,2025-11-07T05:49:03.294442Z,John Smith,public,,Interview leaked - audio attached,none,none,False,,deepfake_media,1,0,high,high,b70e06a4c27e
c5db3cec-7d0,social,2025-11-20T07:02:03.294466Z,John Smith,public,,Interview leaked - audio attached,none,none,False,,benign,0,0,high,high,444f56235229
e361e008-3c2,social,2025-09-28T13:42:38.294488Z,Vikram Rao,public,,Interview leaked - audio attached,none,none,False,,harassment,0,0,medium,medium,eb8edcf662d2
74a14cc2-537,social,2025-09-06T08:30:01.294510Z,Aisha Khan,public,,Viral video: unbelievable transformation - shared by Meera Patel,jpg,jpg_74a14cc2-537.jpg,False,,benign,0,0,low,low,a02f919c8f22
ce7fc07a-c1a,social,2025-11-04T19:14:50.294532Z,Rahul Verma,public,,Interview leaked - audio attached,mp4,mp4_ce7fc07a-c1a.mp4,False,,benign,0,0,low,low,a31902789136
8b312546-920,sms,2025-09-30T00:10:09.294554Z,+918928525297,+918613862048,docverify.net,Package delivery failed. Confirm at http://docverify.net/surveys?id=8b312546-920,none,none,True,http://docverify.net/surveys?id=8b312546-920,benign,0,0,low,low,5db897e2f847
caff3c1c-6cd,social,2025-09-22T01:24:21.294578Z,Rahul Verma,public,,Viral video: unbelievable transformation - shared by Vikram Rao,jpg,jpg_caff3c1c-6cd.jpg,False,,benign,0,0,medium,medium,6c52539c1837
ab042286-22d,social,2025-10-11T09:19:07.294602Z,Rahul Verma,public,,Interview leaked - audio attached,mp4,mp4_ab042286-22d.mp4,False,,deepfake_media,1,0,high,high,3f666f92cdfc
582cc0c6-f79,email,2025-09-13T17:47:40.294625Z,user538@parcel-track.net,user1150@example.com,payments-update.com,Scholarship awarded! Apply here: https://payments-update.com/?id=582cc0c6-f79 — limited seats.,jpg,jpg_582cc0c6-f79.jpg,True,https://payments-update.com/?id=582cc0c6-f79,benign,0,0,low,low,cc50330e9240
dda03ced-bd5,sms,2025-11-04T13:57:24.294652Z,+917028435752,+916510376108,parcel-track.net,Your OTP is 123456 - never share it,none,none,False,,scam_sms,0,0,medium,medium,86411c2a0b95
11109266-408,email,2025-08-30T12:09:12.294689Z,user918@docverify.net,user1859@example.com,parcel-track.net,Urgent: Your account will be suspended. Click https://parcel-track.net/?id=11109266-408 to verify now.,png,png_11109266-408.png,True,https://parcel-track.net/?id=11109266-408,benign,0,0,low,low,9e1b80dd3cc2
751c6b5d-940,sms,2025-10-23T20:50:48.294720Z,+917936759260,+919923280045,gov-id.org,Your OTP is 123456 - never share it,none,none,False,,benign,0,0,low,low,6489a6856789
74ffdf8f-30d,email,2025-09-26T07:00:04.294746Z,user933@gov-id.org,user1375@example.com,loanfast.info,"Hello, please review attached report",png,png_74ffdf8f-30d.png,False,,benign,0,0,low,low,d8f9846e8dcf
e91cc9b1-2a9,sms,2025-10-04T13:42:04.294772Z,+917434523908,+916137900214,payments-update.com,Loan approved! Complete KYC at http://payments-update.com/surveys?id=e91cc9b1-2a9,none,none,True,http://payments-update.com/surveys?id=e91cc9b1-2a9,benign,0,0,low,low,0c76f959218f
80e6153b-c5b,email,2025-09-26T08:42:04.294808Z,user998@secure-bank.com,user1905@example.com,payments-update.com,Action required: Confirm your payment method at https://payments-update.com/?id=80e6153b-c5b. Invoice attached: invoice_80e6153b-c5b.pdf,pdf,pdf_80e6153b-c5b.pdf,True,https://payments-update.com/?id=80e6153b-c5b,benign,0,0,low,low,f2e524ad1e46
35002757-fa0,email,2025-11-21T07:37:20.294843Z,user812@uni-scholar.org,user1181@example.com,parcel-track.net,"Hello, please review attached report",jpg,jpg_35002757-fa0.jpg,False,,phishing,0,0,critical,critical,53fd7b2fc91f
2c154d54-cd7,document,2025-11-04T22:37:09.294870Z,acmecorp@trusted-health.org,records@hospital.org,,Hospital discharge summary - Patient: Meera Patel - MRN: 2c154d54-cd7 | DOB: 2004-06-23,pdf,pdf_2c154d54-cd7.pdf,False,,legit_doc,0,1,medium,medium,5c75b53753de
3cdfc317-c85,social,2025-10-28T08:09:57.294901Z,Vikram Rao,public,,Interview leaked - audio attached,jpg,jpg_3cdfc317-c85.jpg,False,,benign,0,0,medium,medium,14ba1e86af37
e05fb505-0c3,email,2025-09-18T03:41:01.294928Z,user144@uni-scholar.org,user1129@example.com,gov-id.org,Urgent: Your account will be suspended. Click https://gov-id.org/?id=e05fb505-0c3 to verify now.,docx,docx_e05fb505-0c3.docx,True,https://gov-id.org/?id=e05fb505-0c3,benign,0,0,medium,medium,f7f3a7aed16c
2c138bb5-cf3,email,2025-11-09T14:36:12.294958Z,user499@gov-id.org,user1556@example.com,gov-id.org,Scholarship awarded! Apply here: https://gov-id.org/?id=2c138bb5-cf3 — limited seats.,png,png_2c138bb5-cf3.png,True,https://gov-id.org/?id=2c138bb5-cf3,benign,0,0,medium,medium,fd50c75192e1
8879e91c-18b,sms,2025-09-06T02:52:06.294987Z,+919751654360,+917874691804,trusted-health.org,Your exam result updated. Login at http://trusted-health.org/surveys?id=8879e91c-18b,none,none,True,http://trusted-health.org/surveys?id=8879e91c-18b,scam_sms,0,0,low,low,9a15cc0807af
da94a2aa-acb,email,2025-09-15T18:53:55.295014Z,user293@payments-update.com,user1508@example.com,secure-bank.com,Security alert: New sign-in from unknown device. Reset here: https://secure-bank.com/?id=da94a2aa-acb,pdf,pdf_da94a2aa-acb.pdf,True,https://secure-bank.com/?id=da94a2aa-acb,benign,0,0,low,low,3e040f9b1efb
1f612c66-bef,upload,2025-10-07T19:52:12.295041Z,Rahul Verma,admin,,Uploaded media for review,mp4,mp4_1f612c66-bef.mp4,False,,benign,0,0,medium,medium,49f062aa2374
c98f6ed0-4c3,document,2025-11-20T13:39:10.295063Z,globaluni@trusted-health.org,records@gov.org,,Government ID correction letter - Ref: c98f6ed0-4c3 | DOB: 1996-07-23,docx,docx_c98f6ed0-4c3.docx,False,,fake_doc,1,1,high,high,23ad0f3f44c1
dda4493d-05f,sms,2025-11-18T12:04:18.295092Z,+916635272135,+916242281264,docverify.net,Free voucher! Redeem at http://docverify.net/surveys?id=dda4493d-05f,none,none,True,http://docverify.net/surveys?id=dda4493d-05f,benign,0,0,low,low,9f1010cf3690
15fcfe48-b35,email,2025-10-17T13:37:26.295117Z,user131@payments-update.com,user1447@example.com,docverify.net,Scholarship awarded! Apply here: https://docverify.net/?id=15fcfe48-b35 — limited seats.,png,png_15fcfe48-b35.png,True,https://docverify.net/?id=15fcfe48-b35,benign,0,0,low,low,d795126c2512
9f21abf7-380,email,2025-09-03T00:15:35.295145Z,user274@trusted-health.org,user1869@example.com,uni-scholar.org,"Hello, please review attached report Patient: Meera Patel, Acc: XXXX-XXXX-9145",none,none,False,,scholarship_scam,0,1,low,low,4630a8f704dd
e998d81a-aa1,email,2025-10-15T20:44:47.295171Z,user844@gov-id.org,user1740@example.com,gov-id.org,Urgent: Your account will be suspended. Click https://gov-id.org/?id=e998d81a-aa1 to verify now.,none,none,True,https://gov-id.org/?id=e998d81a-aa1,benign,0,0,low,low,8fbc93e8d2c2
58043dc5-6bc,email,2025-10-26T05:41:07.295197Z,user163@trusted-health.org,user1578@example.com,trusted-health.org,"Payroll issue: update your bank details: https://trusted-health.org/?id=58043dc5-6bc Patient: Aisha Khan, Acc: XXXX-XXXX-3354",docx,docx_58043dc5-6bc.docx,True,https://trusted-health.org/?id=58043dc5-6bc,job_scam,0,1,low,low,da822eaf1d80
980f6d43-f96,social,2025-11-21T22:28:42.295233Z,Meera Patel,public,,Viral video: unbelievable transformation - shared by Aisha Khan,mp4,mp4_980f6d43-f96.mp4,False,,benign,0,0,high,high,b66e9f1f59a1
3866d0e8-79b,document,2025-10-07T17:41:11.295259Z,jobhubpvtltd@uni-scholar.org,records@hospital.org,,Certified true copy - see attached,docx,docx_3866d0e8-79b.docx,False,,fake_doc,0,0,medium,medium,3d1b7a227d26
22db15d0-522,sms,2025-10-13T06:34:54.295286Z,+916904806976,+916966145322,parcel-track.net,Your exam result updated. Login at http://parcel-track.net/surveys?id=22db15d0-522,none,none,True,http://parcel-track.net/surveys?id=22db15d0-522,loan_scam,0,0,medium,medium,5f873d43119b
8ef7ce65-40f,social,2025-10-22T18:03:55.295312Z,Rahul Verma,public,,Viral video: unbelievable transformation - shared by Vikram Rao,jpg,jpg_8ef7ce65-40f.jpg,False,,deepfake_media,1,0,high,high,b7efca1ebcaf
a190abfb-ca7,email,2025-10-14T09:06:37.295336Z,user276@parcel-track.net,user1276@example.com,loanfast.info,Security alert: New sign-in from unknown device. Reset here: https://loanfast.info/?id=a190abfb-ca7,pdf,pdf_a190abfb-ca7.pdf,True,https://loanfast.info/?id=a190abfb-ca7,benign,0,0,high,high,237b30e792a5
573c312a-c55,document,2025-11-03T03:55:22.295364Z,medilifehospital@secure-bank.com,records@hospital.org,,Medical test report - Patient: John Smith - Result: Pending - Ref 573c312a-c55 | DOB: 1990-02-28,pdf,pdf_573c312a-c55.pdf,False,,fake_doc,1,1,high,high,d124729b6b9d
9a143663-2f1,social,2025-10-13T22:59:18.295393Z,Sana Ahmed,public,,Viral video: unbelievable transformation - shared by Rahul Verma,jpg,jpg_9a143663-2f1.jpg,False,,benign,0,0,low,low,d8efba4ed91a
e432276f-29e,social,2025-11-21T00:39:59.295416Z,John Smith,public,,Interview leaked - audio attached,none,none,False,,benign,0,0,low,low,9a64a73d0b94
b3798d77-c2c,social,2025-09-14T03:06:30.295439Z,Vikram Rao,public,,Watch this shocking reveal video (see attachment),jpg,jpg_b3798d77-c2c.jpg,False,,benign,0,0,low,low,ab821a8ec92b
1f3d687c-d38,email,2025-08-31T23:58:57.295462Z,user813@loanfast.info,user1581@example.com,secure-bank.com,Scholarship awarded! Apply here: https://secure-bank.com/?id=1f3d687c-d38 — limited seats.,pdf,pdf_1f3d687c-d38.pdf,True,https://secure-bank.com/?id=1f3d687c-d38,benign,0,0,low,low,1e75fdd01947
9e63ce6f-7b9,document,2025-11-02T00:14:51.295490Z,medilifehospital@secure-bank.com,records@gov.org,,Government ID correction letter - Ref: 9e63ce6f-7b9 | DOB: 2003-07-20,pdf,pdf_9e63ce6f-7b9.pdf,False,,legit_doc,0,1,medium,medium,0cb650cfefd2
c975e5ab-1c4,sms,2025-10-30T20:32:11.295518Z,+916313377313,+919243354162,loanfast.info,Your OTP is 123456 - never share it,none,none,False,,benign,0,0,low,low,9c67934f6ae3
21b67056-695,sms,2025-09-05T11:28:10.295542Z,+919620999726,+918245103483,loanfast.info,Your exam result updated. Login at http://loanfast.info/surveys?id=21b67056-695,none,none,True,http://loanfast.info/surveys?id=21b67056-695,loan_scam,0,0,low,low,85ad01720215
d827faf1-f4c,social,2025-11-10T08:43:59.295568Z,John Smith,public,,Viral video: unbelievable transformation - shared by Meera Patel,none,none,False,,benign,0,0,high,high,b6922c41d980
25c8a9e0-106,sms,2025-10-22T00:44:47.295591Z,+917952850847,+919922869850,docverify.net,Free voucher! Redeem at http://docverify.net/surveys?id=25c8a9e0-106,none,none,True,http://docverify.net/surveys?id=25c8a9e0-106,benign,0,0,medium,medium,9462d40ee676
625a3000-0af,upload,2025-09-19T22:25:54.295633Z,Meera Patel,admin,,Uploaded media for review,png,png_625a3000-0af.png,False,,deepfake_media,1,0,high,high,ad942b250675
9e02fa27-c31,upload,2025-11-17T14:41:10.295657Z,Vikram Rao,admin,,Uploaded media for review,jpg,jpg_9e02fa27-c31.jpg,False,,benign,0,0,low,low,09ca690768c3
584cb236-a29,document,2025-08-29T12:48:16.295678Z,globaluni@gov-id.org,records@company.com,,Medical test report - Patient: Vikram Rao - Result: Pending - Ref 584cb236-a29,docx,docx_584cb236-a29.docx,False,,legit_doc,0,0,low,low,08bf490027bc
f0c1c95a-028,document,2025-08-29T15:23:02.295704Z,medilifehospital@secure-bank.com,records@company.com,,Certified true copy - see attached | DOB: 2003-05-18,docx,docx_f0c1c95a-028.docx,False,,legit_doc,0,1,low,low,99275b4b4fa5
127d0b93-f47,email,2025-10-29T03:24:25.295730Z,user677@gov-id.org,user1771@example.com,gov-id.org,Payroll issue: update your bank details: https://gov-id.org/?id=127d0b93-f47,none,none,True,https://gov-id.org/?id=127d0b93-f47,job_scam,0,0,high,high,1d394c2454a1
6819cb79-3a0,document,2025-08-29T05:19:48.295757Z,globaluni@docverify.net,records@hospital.org,,Offer letter - Company: MediLife Hospital - Candidate: Vikram Rao,docx,docx_6819cb79-3a0.docx,False,,fake_doc,1,0,medium,medium,b3274814aea8
1415067c-012,email,2025-08-27T02:12:44.295790Z,user981@uni-scholar.org,user1443@example.com,payments-update.com,Urgent: Your account will be suspended. Click https://payments-update.com/?id=1415067c-012 to verify now.,png,png_1415067c-012.png,True,https://payments-update.com/?id=1415067c-012,benign,0,0,medium,medium,0620730252a1
5be792a3-5a7,social,2025-10-24T22:39:57.295817Z,Meera Patel,public,,Watch this shocking reveal video (see attachment),none,none,False,,benign,0,0,medium,medium,3562e5ae6319
2e13e634-fa8,email,2025-10-20T19:36:36.295840Z,user297@trusted-health.org,user1970@example.com,gov-id.org,Scholarship awarded! Apply here: https://gov-id.org/?id=2e13e634-fa8 — limited seats.,docx,docx_2e13e634-fa8.docx,True,https://gov-id.org/?id=2e13e634-fa8,benign,0,0,medium,medium,970b60743cba
b535f5a7-2d2,social,2025-11-15T03:57:32.295867Z,Sana Ahmed,public,,Viral video: unbelievable transformation - shared by Rahul Verma,mp4,mp4_b535f5a7-2d2.mp4,False,,harassment,0,0,high,high,1dc13085c49b
c186eaf8-13e,upload,2025-09-08T13:36:15.295891Z,John Smith,admin,,Uploaded media for review,png,png_c186eaf8-13e.png,False,,deepfake_media,0,0,low,low,50066191f852
4e192f8b-fcf,sms,2025-09-09T17:27:31.295912Z,+919257962883,+916492336361,loanfast.info,Your exam result updated. Login at http://loanfast.info/surveys?id=4e192f8b-fcf,none,none,True,http://loanfast.info/surveys?id=4e192f8b-fcf,benign,0,0,low,low,d12899324fee
e00270db-0fc,sms,2025-11-18T02:50:58.295938Z,+917672626386,+918614887840,payments-update.com,Your OTP is 123456 - never share it,none,none,False,,scam_sms,0,0,medium,medium,6472383a48d7
3ae87c18-6b1,email,2025-09-10T02:39:29.295963Z,user642@secure-bank.com,user1492@example.com,loanfast.info,"Hello, please review attached report",png,png_3ae87c18-6b1.png,False,,phishing,0,0,critical,critical,982063086b42
b8b9f5cd-4b4,sms,2025-11-13T01:21:42.295989Z,+917215599781,+918702681038,uni-scholar.org,Your exam result updated. Login at http://uni-scholar.org/surveys?id=b8b9f5cd-4b4,none,none,True,http://uni-scholar.org/surveys?id=b8b9f5cd-4b4,scam_sms,0,0,medium,medium,e22d308a41aa
bcce1de1-c1f,sms,2025-10-15T07:54:48.296014Z,+917147838503,+919548291935,docverify.net,Package delivery failed. Confirm at http://docverify.net/surveys?id=bcce1de1-c1f,none,none,True,http://docverify.net/surveys?id=bcce1de1-c1f,benign,0,0,low,low,4bc86dd41ca0
f244de3b-5eb,document,2025-09-22T14:24:34.296039Z,jobhubpvtltd@uni-scholar.org,records@hospital.org,,Hospital discharge summary - Patient: Meera Patel - MRN: f244de3b-5eb | DOB: 2003-07-16,pdf,pdf_f244de3b-5eb.pdf,False,,legit_doc,0,1,low,low,5a0d38921283
0b822bb2-16c,email,2025-09-21T16:55:32.296068Z,user167@loanfast.info,user1392@example.com,parcel-track.net,"Scholarship awarded! Apply here: https://parcel-track.net/?id=0b822bb2-16c — limited seats. Patient: Sana Ahmed, Acc: XXXX-XXXX-9758",none,none,True,https://parcel-track.net/?id=0b822bb2-16c,phishing,0,1,critical,critical,84051fb38246
4d06c8d9-e17,email,2025-09-06T20:35:43.296098Z,user680@payments-update.com,user1343@example.com,uni-scholar.org,Payroll issue: update your bank details: https://uni-scholar.org/?id=4d06c8d9-e17,pdf,pdf_4d06c8d9-e17.pdf,True,https://uni-scholar.org/?id=4d06c8d9-e17,invoice_fraud,0,0,high,high,7f4b7be73202
8bb8b583-c86,document,2025-09-23T05:28:54.296125Z,acmecorp@parcel-track.net,records@gov.org,,Medical test report - Patient: John Smith - Result: Pending - Ref 8bb8b583-c86 | DOB: 1987-06-26,pdf,pdf_8bb8b583-c86.pdf,False,,fake_doc,1,1,medium,medium,9efecacb2f4e
dc9ae587-8c7,sms,2025-09-22T07:21:31.296154Z,+917916358339,+917815425436,secure-bank.com,Your OTP is 123456 - never share it,none,none,False,,benign,0,0,low,low,6717b43fb206
1e101030-847,sms,2025-11-02T18:28:09.296177Z,+918790027952,+917331692167,uni-scholar.org,Loan approved! Complete KYC at http://uni-scholar.org/surveys?id=1e101030-847,none,none,True,http://uni-scholar.org/surveys?id=1e101030-847,scam_sms,0,0,high,high,d913621b741d
95770fb0-064,sms,2025-09-13T01:50:35.296202Z,+919245809757,+919860707152,docverify.net,Free voucher! Redeem at http://docverify.net/surveys?id=95770fb0-064,none,none,True,http://docverify.net/surveys?id=95770fb0-064,benign,0,0,low,low,b8f0a113883e
05b017b8-f28,document,2025-10-08T02:10:33.296227Z,globaluni@secure-bank.com,records@company.com,,Certified true copy - see attached,pdf,pdf_05b017b8-f28.pdf,False,,legit_doc,0,0,high,high,5ec78e69ca97
9b23a061-612,email,2025-11-12T19:38:31.296252Z,user308@loanfast.info,user1210@example.com,docverify.net,Security alert: New sign-in from unknown device. Reset here: https://docverify.net/?id=9b23a061-612,png,png_9b23a061-612.png,True,https://docverify.net/?id=9b23a061-612,phishing,0,0,high,high,07aed3b7b926
d163d753-5d4,social,2025-09-20T21:18:10.296279Z,Meera Patel,public,,Watch this shocking reveal video (see attachment),none,none,False,,deepfake_media,1,0,high,high,f3f9574f521a
6554ce3f-82d,email,2025-10-26T20:09:38.296302Z,user851@trusted-health.org,user1789@example.com,uni-scholar.org,Urgent: Your account will be suspended. Click https://uni-scholar.org/?id=6554ce3f-82d to verify now.,png,png_6554ce3f-82d.png,True,https://uni-scholar.org/?id=6554ce3f-82d,scholarship_scam,0,0,medium,medium,9510a1deb5b2
8b9e377e-54e,email,2025-08-30T19:38:44.296328Z,user949@docverify.net,user1922@example.com,secure-bank.com,"Hello, please review attached report",png,png_8b9e377e-54e.png,False,,benign,0,0,medium,medium,bb6e65e91950
62f8cec9-115,email,2025-11-01T16:16:49.296352Z,user145@uni-scholar.org,user1754@example.com,loanfast.info,"Security alert: New sign-in from unknown device. Reset here: https://loanfast.info/?id=62f8cec9-115 Patient: Sana Ahmed, Acc: XXXX-XXXX-5755",jpg,jpg_62f8cec9-115.jpg,True,https://loanfast.info/?id=62f8cec9-115,benign,0,1,critical,critical,840c79a84af9
33ea3cd9-94c,upload,2025-10-18T06:09:11.296380Z,Rahul Verma,admin,,Uploaded media for review,png,png_33ea3cd9-94c.png,False,,deepfake_media,0,0,low,low,d65662043e9b
82f684cf-35d,social,2025-09-01T12:39:31.296401Z,Meera Patel,public,,Watch this shocking reveal video (see attachment),jpg,jpg_82f684cf-35d.jpg,False,,deepfake_media,1,0,medium,medium,c6df29ab1b92
0c7ffd71-f59,document,2025-08-27T04:21:35.296425Z,jobhubpvtltd@payments-update.com,records@gov.org,,Medical test report - Patient: Vikram Rao - Result: Pending - Ref 0c7ffd71-f59 | DOB: 1971-04-24,docx,docx_0c7ffd71-f59.docx,False,,legit_doc,0,1,low,low,32404818ccad
6ab45b18-90a,document,2025-09-19T23:34:03.296453Z,acmecorp@trusted-health.org,records@gov.org,,Offer letter - Company: Acme Corp - Candidate: Meera Patel,docx,docx_6ab45b18-90a.docx,False,,legit_doc,0,0,low,low,f4e063cc943c
45246589-1f4,sms,2025-10-24T05:00:00.296479Z,+918163612657,+917558688696,docverify.net,Your exam result updated. Login at http://docverify.net/surveys?id=45246589-1f4,none,none,True,http://docverify.net/surveys?id=45246589-1f4,benign,0,0,medium,medium,1189b0d3a10e
c28d80e7-649,sms,2025-09-12T09:05:54.296520Z,+918509614306,+916415645131,docverify.net,Package delivery failed. Confirm at http://docverify.net/surveys?id=c28d80e7-649,none,none,True,http://docverify.net/surveys?id=c28d80e7-649,benign,0,0,low,low,eff470514c26
7225eb97-ccc,sms,2025-10-16T19:00:25.296546Z,+917307490031,+918366828476,payments-update.com,Free voucher! Redeem at http://payments-update.com/surveys?id=7225eb97-ccc,none,none,True,http://payments-update.com/surveys?id=7225eb97-ccc,benign,0,0,medium,medium,583f38811400
93337000-928,document,2025-10-24T23:34:21.296571Z,medilifehospital@secure-bank.com,records@company.com,,Government ID correction letter - Ref: 93337000-928,docx,docx_93337000-928.docx,False,,fake_doc,1,0,high,high,4399e0c67ed9
7f16e522-c2c,social,2025-10-21T17:30:34.296597Z,John Smith,public,,Viral video: unbelievable transformation - shared by Meera Patel,jpg,jpg_7f16e522-c2c.jpg,False,,benign,0,0,high,high,88b8d10ffcfd
a9674051-f68,document,2025-09-07T00:37:46.296621Z,jobhubpvtltd@parcel-track.net,records@hospital.org,,Medical test report - Patient: Vikram Rao - Result: Pending - Ref a9674051-f68 | DOB: 1988-09-26,pdf,pdf_a9674051-f68.pdf,False,,legit_doc,0,1,critical,critical,aec385beaf30
905a1810-d03,social,2025-09-26T22:49:17.296648Z,Meera Patel,public,,Viral video: unbelievable transformation - shared by Sana Ahmed,mp4,mp4_905a1810-d03.mp4,False,,benign,0,0,medium,medium,6114ff831f1c
0e05a51f-494,social,2025-09-24T01:22:19.296671Z,Aisha Khan,public,,Watch this shocking reveal video (see attachment),none,none,False,,benign,0,0,medium,medium,de37d62be2eb
456e1882-742,social,2025-11-13T18:37:39.296694Z,Sana Ahmed,public,,Viral video: unbelievable transformation - shared by Rahul Verma,none,none,False,,harassment,0,0,high,high,6c853885ea39
99f3c8ee-6b0,email,2025-10-20T06:57:42.296721Z,user156@gov-id.org,user1436@example.com,parcel-track.net,Action required: Confirm your payment method at https://parcel-track.net/?id=99f3c8ee-6b0. Invoice attached: invoice_99f3c8ee-6b0.pdf,pdf,pdf_99f3c8ee-6b0.pdf,True,https://parcel-track.net/?id=99f3c8ee-6b0,benign,0,0,high,high,77e077820139
f7a726c5-744,email,2025-08-26T12:36:49.296750Z,user983@loanfast.info,user1052@example.com,docverify.net,Scholarship awarded! Apply here: https://docverify.net/?id=f7a726c5-744 — limited seats.,jpg,jpg_f7a726c5-744.jpg,True,https://docverify.net/?id=f7a726c5-744,benign,0,0,medium,medium,60e6191f041f
54dc8a69-2c9,email,2025-09-08T13:30:57.296782Z,user446@uni-scholar.org,user1435@example.com,payments-update.com,Urgent: Your account will be suspended. Click https://payments-update.com/?id=54dc8a69-2c9 to verify now.,jpg,jpg_54dc8a69-2c9.jpg,True,https://payments-update.com/?id=54dc8a69-2c9,job_scam,0,0,low,low,4622f00adf60
7ddf3445-063,email,2025-10-28T03:25:11.296814Z,user776@trusted-health.org,user1500@example.com,payments-update.com,"Hello, please review attached report",docx,docx_7ddf3445-063.docx,False,,phishing,0,0,high,high,fb6b70455270
7b57d1a5-900,sms,2025-10-20T22:01:02.296840Z,+918957709757,+917933067222,docverify.net,Your OTP is 123456 - never share it,none,none,False,,scam_sms,0,0,medium,medium,8d345ce543e7
8a1cbb66-153,email,2025-10-29T14:54:09.296865Z,user375@uni-scholar.org,user1732@example.com,docverify.net,Scholarship awarded! Apply here: https://docverify.net/?id=8a1cbb66-153 — limited seats.,none,none,True,https://docverify.net/?id=8a1cbb66-153,benign,0,0,medium,medium,8c3d5ace9c7e
600b2e42-b57,email,2025-10-25T08:15:35.296892Z,user646@uni-scholar.org,user1774@example.com,trusted-health.org,Payroll issue: update your bank details: https://trusted-health.org/?id=600b2e42-b57,mp4,mp4_600b2e42-b57.mp4,True,https://trusted-health.org/?id=600b2e42-b57,benign,0,0,high,high,850985b2210f
67e708ef-bf9,email,2025-11-09T07:59:20.296919Z,user843@parcel-track.net,user1027@example.com,gov-id.org,Payroll issue: update your bank details: https://gov-id.org/?id=67e708ef-bf9,pdf,pdf_67e708ef-bf9.pdf,True,https://gov-id.org/?id=67e708ef-bf9,phishing,0,0,medium,medium,a008eebdc327
65dd135f-381,upload,2025-09-13T07:45:01.296946Z,Sana Ahmed,admin,,Uploaded media for review,jpg,jpg_65dd135f-381.jpg,False,,deepfake_media,0,0,medium,medium,fffb363d448d
18fce6a1-063,email,2025-11-21T10:22:14.296978Z,user106@docverify.net,user1147@example.com,payments-update.com,"Scholarship awarded! Apply here: https://payments-update.com/?id=18fce6a1-063 — limited seats. Patient: Aisha Khan, Acc: XXXX-XXXX-4213",jpg,jpg_18fce6a1-063.jpg,True,https://payments-update.com/?id=18fce6a1-063,phishing,0,1,critical,critical,4b4829eb155a
cbccd8e1-c97,email,2025-09-26T17:31:07.297010Z,user367@parcel-track.net,user1261@example.com,docverify.net,Scholarship awarded! Apply here: https://docverify.net/?id=cbccd8e1-c97 — limited seats.,none,none,True,https://docverify.net/?id=cbccd8e1-c97,benign,0,0,medium,medium,c93759274231
61060a0f-e08,sms,2025-10-09T06:19:52.297038Z,+919115653172,+919592370942,payments-update.com,Package delivery failed. Confirm at http://payments-update.com/surveys?id=61060a0f-e08,none,none,True,http://payments-update.com/surveys?id=61060a0f-e08,scam_sms,0,0,medium,medium,463452d26f60
ad709b20-3c0,email,2025-11-20T03:13:39.297064Z,user905@parcel-track.net,user1654@example.com,secure-bank.com,Payroll issue: update your bank details: https://secure-bank.com/?id=ad709b20-3c0,jpg,jpg_ad709b20-3c0.jpg,True,https://secure-bank.com/?id=ad709b20-3c0,phishing,0,0,high,high,9d357b01e86b
337d89a3-ab2,upload,2025-10-23T11:35:40.297091Z,John Smith,admin,,Uploaded media for review,jpg,jpg_337d89a3-ab2.jpg,False,,benign,0,0,medium,medium,f938d5d165d0
074b93a2-168,email,2025-09-27T04:25:46.297114Z,user573@gov-id.org,user1206@example.com,gov-id.org,Payroll issue: update your bank details: https://gov-id.org/?id=074b93a2-168,png,png_074b93a2-168.png,True,https://gov-id.org/?id=074b93a2-168,benign,0,0,low,low,e7d953078231
b7760dca-430,sms,2025-11-01T05:49:34.297140Z,+918623757710,+916778859753,gov-id.org,Your OTP is 123456 - never share it,none,none,False,,benign,0,0,low,low,81c3b2771c8a
6d428e8d-c9d,sms,2025-10-11T05:26:08.297165Z,+917285097458,+918702076165,uni-scholar.org,Your exam result updated. Login at http://uni-scholar.org/surveys?id=6d428e8d-c9d,none,none,True,http://uni-scholar.org/surveys?id=6d428e8d-c9d,benign,0,0,high,high,d518caf07a05
779abfcf-d10,email,2025-08-31T00:15:31.297190Z,user522@parcel-track.net,user1174@example.com,payments-update.com,Scholarship awarded! Apply here: https://payments-update.com/?id=779abfcf-d10 — limited seats.,png,png_779abfcf-d10.png,True,https://payments-update.com/?id=779abfcf-d10,benign,0,0,critical,critical,a26b0cf62f38
6723e654-ce9,sms,2025-09-20T19:33:17.297217Z,+918039582311,+917193346878,secure-bank.com,Package delivery failed. Confirm at http://secure-bank.com/surveys?id=6723e654-ce9,none,none,True,http://secure-bank.com/surveys?id=6723e654-ce9,benign,0,0,low,low,e96588030ecf
79340cc8-39c,email,2025-09-23T19:16:50.297245Z,user714@payments-update.com,user1245@example.com,gov-id.org,"Hello, please review attached report",jpg,jpg_79340cc8-39c.jpg,False,,phishing,0,0,medium,medium,490c8d93d5f3
6d4b2c95-bec,email,2025-09-14T16:49:23.297274Z,user132@docverify.net,user1895@example.com,docverify.net,Scholarship awarded! Apply here: https://docverify.net/?id=6d4b2c95-bec — limited seats.,pdf,pdf_6d4b2c95-bec.pdf,True,https://docverify.net/?id=6d4b2c95-bec,benign,0,0,medium,medium,c3e24077f861
c6fbc5dd-f90,social,2025-09-03T15:15:14.297303Z,Meera Patel,public,,Interview leaked - audio attached,mp4,mp4_c6fbc5dd-f90.mp4,False,,deepfake_media,1,0,medium,medium,4c6bb614c325
0a25f191-b9d,social,2025-10-29T09:34:01.297328Z,Meera Patel,public,,Viral video: unbelievable transformation - shared by Meera Patel,none,none,False,,harassment,0,0,medium,medium,a69ef9cd699c
05dcfb10-e24,email,2025-09-20T05:21:55.297352Z,user333@secure-bank.com,user1095@example.com,payments-update.com,Scholarship awarded! Apply here: https://payments-update.com/?id=05dcfb10-e24 — limited seats.,png,png_05dcfb10-e24.png,True,https://payments-update.com/?id=05dcfb10-e24,invoice_fraud,0,0,high,high,58d3da6fee39
869e9c9d-fdc,social,2025-10-04T04:45:33.297381Z,Meera Patel,public,,Viral video: unbelievable transformation - shared by Vikram Rao,mp4,mp4_869e9c9d-fdc.mp4,False,,deepfake_media,0,0,medium,medium,f0e7018cd053
af8bab69-c5a,email,2025-09-11T09:27:45.297424Z,user393@payments-update.com,user1185@example.com,secure-bank.com,Payroll issue: update your bank details: https://secure-bank.com/?id=af8bab69-c5a,jpg,jpg_af8bab69-c5a.jpg,True,https://secure-bank.com/?id=af8bab69-c5a,phishing,0,0,medium,medium,435f7b90eb46
41d5661b-c05,email,2025-09-09T09:04:20.297455Z,user194@gov-id.org,user1191@example.com,payments-update.com,"Hello, please review attached report",jpg,jpg_41d5661b-c05.jpg,False,,phishing,0,0,critical,critical,d02a9f1b86ba
c43925ac-47d,sms,2025-08-24T17:22:06.297482Z,+918295274235,+919139621533,gov-id.org,Package delivery failed. Confirm at http://gov-id.org/surveys?id=c43925ac-47d,none,none,True,http://gov-id.org/surveys?id=c43925ac-47d,scam_sms,0,0,medium,medium,b18eecff2476
1f434b65-dd8,email,2025-08-31T04:21:00.297509Z,user742@docverify.net,user1351@example.com,docverify.net,Urgent: Your account will be suspended. Click https://docverify.net/?id=1f434b65-dd8 to verify now.,mp4,mp4_1f434b65-dd8.mp4,True,https://docverify.net/?id=1f434b65-dd8,phishing,0,0,medium,medium,09b6863982eb
c06ed532-114,email,2025-10-23T04:43:44.297537Z,user327@payments-update.com,user1679@example.com,payments-update.com,Urgent: Your account will be suspended. Click https://payments-update.com/?id=c06ed532-114 to verify now.,none,none,True,https://payments-update.com/?id=c06ed532-114,benign,0,0,medium,medium,8d733ac9f75b
f1ed3f0a-8ee,sms,2025-11-21T02:58:06.297564Z,+919186361778,+917814683785,payments-update.com,Free voucher! Redeem at http://payments-update.com/surveys?id=f1ed3f0a-8ee,none,none,True,http://payments-update.com/surveys?id=f1ed3f0a-8ee,benign,0,0,low,low,5f1b01c867f2
e3bd4bec-ad3,sms,2025-10-18T17:41:47.297589Z,+916765789841,+918799680422,trusted-health.org,Package delivery failed. Confirm at http://trusted-health.org/surveys?id=e3bd4bec-ad3,none,none,True,http://trusted-health.org/surveys?id=e3bd4bec-ad3,benign,0,0,low,low,64c1031151be
25b3ace5-8de,sms,2025-10-30T03:45:10.297614Z,+916585303910,+918338082843,docverify.net,Free voucher! Redeem at http://docverify.net/surveys?id=25b3ace5-8de,none,none,True,http://docverify.net/surveys?id=25b3ace5-8de,benign,0,0,low,low,debf97a4832e
aab99923-3ca,upload,2025-10-22T18:26:35.297639Z,Rahul Verma,admin,,Uploaded media for review,mp4,mp4_aab99923-3ca.mp4,False,,deepfake_media,1,0,low,low,cd59a51da1cd
49cdd24c-9b6,document,2025-08-24T17:15:23.297661Z,fintrustltd@payments-update.com,records@company.com,,Certified true copy - see attached | DOB: 1980-08-12,pdf,pdf_49cdd24c-9b6.pdf,False,,legit_doc,0,1,low,low,20448344e7a1
adb4ee7d-394,email,2025-10-11T18:41:32.297689Z,user835@payments-update.com,user1274@example.com,trusted-health.org,Urgent: Your account will be suspended. Click https://trusted-health.org/?id=adb4ee7d-394 to verify now.,docx,docx_adb4ee7d-394.docx,True,https://trusted-health.org/?id=adb4ee7d-394,phishing,0,0,medium,medium,b285188066ca
77f1476b-554,email,2025-09-10T21:51:47.297717Z,user188@docverify.net,user1651@example.com,loanfast.info,Urgent: Your account will be suspended. Click https://loanfast.info/?id=77f1476b-554 to verify now.,png,png_77f1476b-554.png,True,https://loanfast.info/?id=77f1476b-554,benign,0,0,low,low,fee0fc77a192
00e88044-ccc,upload,2025-09-25T05:40:55.297744Z,Meera Patel,admin,,Uploaded media for review,jpg,jpg_00e88044-ccc.jpg,False,,benign,0,0,medium,medium,38ae43a7afd6
79536a78-84c,email,2025-09-16T10:42:39.297766Z,user760@uni-scholar.org,user1692@example.com,trusted-health.org,"Hello, please review attached report",none,none,False,,job_scam,0,0,medium,medium,46b277c6c5b2
2be248cd-c6f,sms,2025-09-29T02:52:36.297798Z,+917807417515,+916949212996,trusted-health.org,Package delivery failed. Confirm at http://trusted-health.org/surveys?id=2be248cd-c6f,none,none,True,http://trusted-health.org/surveys?id=2be248cd-c6f,benign,0,0,low,low,ee646afc8865
b2acadd8-d73,document,2025-10-06T13:41:23.297831Z,acmecorp@trusted-health.org,records@company.com,,Government ID correction letter - Ref: b2acadd8-d73 | DOB: 2007-01-22,docx,docx_b2acadd8-d73.docx,False,,fake_doc,0,1,high,high,bbad3fd5eb7b
d3578873-512,email,2025-09-16T06:14:15.297869Z,user653@gov-id.org,user1579@example.com,docverify.net,Payroll issue: update your bank details: https://docverify.net/?id=d3578873-512,none,none,True,https://docverify.net/?id=d3578873-512,benign,0,0,medium,medium,35ec06982bb1
75c35423-9c5,email,2025-11-12T07:37:41.297903Z,user641@payments-update.com,user1988@example.com,parcel-track.net,Payroll issue: update your bank details: https://parcel-track.net/?id=75c35423-9c5,jpg,jpg_75c35423-9c5.jpg,True,https://parcel-track.net/?id=75c35423-9c5,invoice_fraud,0,0,high,high,3e2475cdc87f
9cdf7eb1-597,upload,2025-09-04T11:50:37.297944Z,Sana Ahmed,admin,,Uploaded media for review,jpg,jpg_9cdf7eb1-597.jpg,False,,benign,0,0,low,low,fa27c4d7470a
ab7b4340-33e,email,2025-09-30T15:57:59.297971Z,user734@trusted-health.org,user1982@example.com,secure-bank.com,"Payroll issue: update your bank details: https://secure-bank.com/?id=ab7b4340-33e Patient: Aisha Khan, Acc: XXXX-XXXX-1612",jpg,jpg_ab7b4340-33e.jpg,True,https://secure-bank.com/?id=ab7b4340-33e,benign,0,1,low,low,f544a3c0fa0d
a92ff1f2-513,email,2025-10-29T07:48:30.298008Z,user239@loanfast.info,user1863@example.com,payments-update.com,"Scholarship awarded! Apply here: https://payments-update.com/?id=a92ff1f2-513 — limited seats. Patient: Aisha Khan, Acc: XXXX-XXXX-9576",jpg,jpg_a92ff1f2-513.jpg,True,https://payments-update.com/?id=a92ff1f2-513,benign,0,1,low,low,7d9c5a115591
78d6bcdc-148,email,2025-09-04T15:10:57.298049Z,user539@trusted-health.org,user1051@example.com,uni-scholar.org,"Hello, please review attached report",docx,docx_78d6bcdc-148.docx,False,,benign,0,0,medium,medium,7659fee4f1da
f8c43088-73b,sms,2025-11-14T09:33:05.298086Z,+918716112288,+916349995000,uni-scholar.org,Free voucher! Redeem at http://uni-scholar.org/surveys?id=f8c43088-73b,none,none,True,http://uni-scholar.org/surveys?id=f8c43088-73b,scam_sms,0,0,low,low,7f2498a7b9d9
eee58448-ca9,email,2025-11-19T15:24:57.298126Z,user235@gov-id.org,user1988@example.com,payments-update.com,Security alert: New sign-in from unknown device. Reset here: https://payments-update.com/?id=eee58448-ca9,mp4,mp4_eee58448-ca9.mp4,True,https://payments-update.com/?id=eee58448-ca9,job_scam,0,0,critical,critical,383214a4a996
f1ad4c76-8ba,social,2025-08-27T12:21:22.298171Z,Aisha Khan,public,,Watch this shocking reveal video (see attachment),jpg,jpg_f1ad4c76-8ba.jpg,False,,benign,0,0,medium,medium,6787ef2585e7
2f94ba94-589,email,2025-09-23T03:19:41.298207Z,user801@gov-id.org,user1341@example.com,trusted-health.org,"Payroll issue: update your bank details: https://trusted-health.org/?id=2f94ba94-589 Patient: John Smith, Acc: XXXX-XXXX-8893",png,png_2f94ba94-589.png,True,https://trusted-health.org/?id=2f94ba94-589,phishing,0,1,high,high,6987df88ba3a
5a4cad61-2e8,sms,2025-11-11T22:01:31.298251Z,+916448931328,+917421403938,uni-scholar.org,Your exam result updated. Login at http://uni-scholar.org/surveys?id=5a4cad61-2e8,none,none,True,http://uni-scholar.org/surveys?id=5a4cad61-2e8,benign,0,0,low,low,a62b9d71c4df
31bb32a0-83e,email,2025-09-13T15:31:18.298294Z,user294@loanfast.info,user1784@example.com,gov-id.org,Payroll issue: update your bank details: https://gov-id.org/?id=31bb32a0-83e,docx,docx_31bb32a0-83e.docx,True,https://gov-id.org/?id=31bb32a0-83e,benign,0,0,low,low,6bfb2a9a9d1d
09c1a007-a5f,sms,2025-09-19T10:45:25.298337Z,+918174606115,+916408068529,parcel-track.net,Package delivery failed. Confirm at http://parcel-track.net/surveys?id=09c1a007-a5f,none,none,True,http://parcel-track.net/surveys?id=09c1a007-a5f,scam_sms,0,0,high,high,46b1df7dadb4
35a1de24-c92,sms,2025-09-02T04:35:26.298375Z,+916887471075,+918035666352,gov-id.org,Free voucher! Redeem at http://gov-id.org/surveys?id=35a1de24-c92,none,none,True,http://gov-id.org/surveys?id=35a1de24-c92,benign,0,0,medium,medium,4017e767d109
430ab3a1-b6a,sms,2025-08-27T13:19:08.298412Z,+916554723055,+917880738641,loanfast.info,Free voucher! Redeem at http://loanfast.info/surveys?id=430ab3a1-b6a,none,none,True,http://loanfast.info/surveys?id=430ab3a1-b6a,loan_scam,0,0,low,low,98d4e49ae5bb
8549ac4e-20e,sms,2025-10-29T18:44:30.298567Z,+918328144899,+919829321162,trusted-health.org,Package delivery failed. Confirm at http://trusted-health.org/surveys?id=8549ac4e-20e,none,none,True,http://trusted-health.org/surveys?id=8549ac4e-20e,scam_sms,0,0,high,high,0923bdc5348a
708ad0b3-321,sms,2025-10-04T08:08:18.298620Z,+918678816377,+918579761149,parcel-track.net,Your OTP is 123456 - never share it,none,none,False,,benign,0,0,low,low,6c1dc42fec0b
34b0fac9-69f,social,2025-09-22T05:41:24.298657Z,Aisha Khan,public,,Watch this shocking reveal video (see attachment),jpg,jpg_34b0fac9-69f.jpg,False,,harassment,0,0,low,low,8c522fe6ddda
2f993bd0-c23,email,2025-09-15T01:57:21.298692Z,user330@loanfast.info,user1383@example.com,loanfast.info,Urgent: Your account will be suspended. Click https://loanfast.info/?id=2f993bd0-c23 to verify now.,jpg,jpg_2f993bd0-c23.jpg,True,https://loanfast.info/?id=2f993bd0-c23,benign,0,0,low,low,2929d3a07553
08c20c48-163,upload,2025-11-04T03:35:13.298733Z,John Smith,admin,,Uploaded media for review,jpg,jpg_08c20c48-163.jpg,False,,deepfake_media,0,0,high,high,1affe2895e63
8afd2c2a-4a8,sms,2025-11-10T01:01:30.298765Z,+918894997112,+919436818512,trusted-health.org,Package delivery failed. Confirm at http://trusted-health.org/surveys?id=8afd2c2a-4a8,none,none,True,http://trusted-health.org/surveys?id=8afd2c2a-4a8,benign,0,0,low,low,e643462cb607
2c3c0f3b-52e,sms,2025-10-20T11:56:07.298801Z,+917240162601,+919650648775,payments-update.com,Package delivery failed. Confirm at http://payments-update.com/surveys?id=2c3c0f3b-52e,none,none,True,http://payments-update.com/surveys?id=2c3c0f3b-52e,benign,0,0,low,low,852bc6fffd86
c7835f73-cc9,sms,2025-10-04T03:45:02.298838Z,+919490244631,+918447989299,loanfast.info,Your OTP is 123456 - never share it,none,none,False,,benign,0,0,high,high,2f358714a787
6865386d-8ea,sms,2025-10-30T00:18:38.298870Z,+916555072441,+917159913749,trusted-health.org,Package delivery failed. Confirm at http://trusted-health.org/surveys?id=6865386d-8ea,none,none,True,http://trusted-health.org/surveys?id=6865386d-8ea,scam_sms,0,0,high,high,d11034926416
29f02043-587,social,2025-11-03T20:54:35.298907Z,Meera Patel,public,,Interview leaked - audio attached,none,none,False,,benign,0,0,low,low,40c6be07d41a
beb30190-9db,email,2025-09-18T11:30:04.298939Z,user216@loanfast.info,user1648@example.com,secure-bank.com,Security alert: New sign-in from unknown device. Reset here: https://secure-bank.com/?id=beb30190-9db,jpg,jpg_beb30190-9db.jpg,True,https://secure-bank.com/?id=beb30190-9db,benign,0,0,low,low,9bfd0568471b
284a47b0-49c,email,2025-08-26T06:19:12.299085Z,user955@gov-id.org,user1857@example.com,secure-bank.com,Action required: Confirm your payment method at https://secure-bank.com/?id=284a47b0-49c. Invoice attached: invoice_284a47b0-49c.pdf,pdf,pdf_284a47b0-49c.pdf,True,https://secure-bank.com/?id=284a47b0-49c,benign,0,0,low,low,f440f6149b65
e61910e1-ea8,sms,2025-11-11T20:27:51.299137Z,+917660262875,+917452004956,uni-scholar.org,Package delivery failed. Confirm at http://uni-scholar.org/surveys?id=e61910e1-ea8,none,none,True,http://uni-scholar.org/surveys?id=e61910e1-ea8,benign,0,0,low,low,1be193c2b623
5f2df5a0-df0,sms,2025-09-05T07:32:19.299171Z,+917470218312,+916989473545,payments-update.com,Free voucher! Redeem at http://payments-update.com/surveys?id=5f2df5a0-df0,none,none,True,http://payments-update.com/surveys?id=5f2df5a0-df0,scam_sms,0,0,medium,medium,b4a3842adf98
ef6c006e-a7b,social,2025-09-17T19:52:54.299201Z,Aisha Khan,public,,Interview leaked - audio attached,mp4,mp4_ef6c006e-a7b.mp4,False,,benign,0,0,low,low,3b98f0cce898
b41a9700-7e2,sms,2025-10-31T03:18:14.299228Z,+917747511145,+919978334425,payments-update.com,Your OTP is 123456 - never share it,none,none,False,,scam_sms,0,0,high,high,a2d9d06b0c4f
26550d3e-893,document,2025-11-08T17:29:55.299255Z,medilifehospital@loanfast.info,records@hospital.org,,Certified true copy - see attached,pdf,pdf_26550d3e-893.pdf,False,,legit_doc,0,0,medium,medium,d8d8357cfcaa
bc25a744-c59,sms,2025-08-25T00:06:29.299289Z,+918004177168,+916593912025,docverify.net,Package delivery failed. Confirm at http://docverify.net/surveys?id=bc25a744-c59,none,none,True,http://docverify.net/surveys?id=bc25a744-c59,benign,0,0,low,low,b82103aa43a5
68a16a55-6da,sms,2025-11-11T12:49:51.299318Z,+918512120307,+919642222894,uni-scholar.org,Free voucher! Redeem at http://uni-scholar.org/surveys?id=68a16a55-6da,none,none,True,http://uni-scholar.org/surveys?id=68a16a55-6da,benign,0,0,medium,medium,320fd28ceca6
59de0897-75f,upload,2025-09-01T16:46:00.299345Z,Vikram Rao,admin,,Uploaded media for review,mp4,mp4_59de0897-75f.mp4,False,,deepfake_media,1,0,medium,medium,c4ffb7abee2d
bfd2cc5b-0ca,email,2025-10-22T23:22:25.299369Z,user638@uni-scholar.org,user1315@example.com,secure-bank.com,Security alert: New sign-in from unknown device. Reset here: https://secure-bank.com/?id=bfd2cc5b-0ca,docx,docx_bfd2cc5b-0ca.docx,True,https://secure-bank.com/?id=bfd2cc5b-0ca,benign,0,0,low,low,a580aa7aff35
cc456efd-f1d,social,2025-11-10T03:12:55.299399Z,Vikram Rao,public,,Viral video: unbelievable transformation - shared by Vikram Rao,none,none,False,,harassment,0,0,critical,critical,88e8ade9954b
99ee5710-894,email,2025-09-19T11:07:18.299424Z,user868@docverify.net,user1101@example.com,gov-id.org,"Hello, please review attached report",png,png_99ee5710-894.png,False,,job_scam,0,0,low,low,58b34f64f7ab
e4fdc9b6-515,email,2025-11-01T19:17:45.299451Z,user149@gov-id.org,user1135@example.com,loanfast.info,Scholarship awarded! Apply here: https://loanfast.info/?id=e4fdc9b6-515 — limited seats.,docx,docx_e4fdc9b6-515.docx,True,https://loanfast.info/?id=e4fdc9b6-515,benign,0,0,medium,medium,8a86baa0da30
715e9ec4-20e,sms,2025-09-30T02:12:50.299484Z,+918633455358,+916731082526,trusted-health.org,Free voucher! Redeem at http://trusted-health.org/surveys?id=715e9ec4-20e,none,none,True,http://trusted-health.org/surveys?id=715e9ec4-20e,scam_sms,0,0,medium,medium,0500af94189b
160e3e20-289,document,2025-10-02T10:55:59.299513Z,fintrustltd@trusted-health.org,records@gov.org,,Certified true copy - see attached | DOB: 1998-03-27,pdf,pdf_160e3e20-289.pdf,False,,legit_doc,0,1,low,low,ae681a26c9bb
9e5b51eb-22f,email,2025-11-06T22:04:54.299543Z,user842@uni-scholar.org,user1769@example.com,payments-update.com,Security alert: New sign-in from unknown device. Reset here: https://payments-update.com/?id=9e5b51eb-22f,jpg,jpg_9e5b51eb-22f.jpg,True,https://payments-update.com/?id=9e5b51eb-22f,benign,0,0,low,low,1387d4968789
331375fb-7d4,document,2025-10-05T23:38:59.299571Z,jobhubpvtltd@secure-bank.com,records@company.com,,Government ID correction letter - Ref: 331375fb-7d4 | DOB: 2004-01-10,pdf,pdf_331375fb-7d4.pdf,False,,legit_doc,0,1,low,low,5ee0a8921c8d
3db01d2e-ea4,email,2025-09-05T06:21:04.299600Z,user796@payments-update.com,user1395@example.com,parcel-track.net,Security alert: New sign-in from unknown device. Reset here: https://parcel-track.net/?id=3db01d2e-ea4,png,png_3db01d2e-ea4.png,True,https://parcel-track.net/?id=3db01d2e-ea4,job_scam,0,0,medium,medium,10209c5b87f7
10ea9c3f-587,email,2025-09-02T02:40:09.299629Z,user989@gov-id.org,user1800@example.com,gov-id.org,"Hello, please review attached report",docx,docx_10ea9c3f-587.docx,False,,phishing,0,0,high,high,daa356eaada3
82018b89-271,document,2025-10-24T08:09:13.299656Z,fintrustltd@secure-bank.com,records@company.com,,Certified true copy - see attached,docx,docx_82018b89-271.docx,False,,legit_doc,0,0,low,low,d3d3033dc11a
16e945b2-f26,email,2025-11-17T20:18:04.299682Z,user547@parcel-track.net,user1915@example.com,loanfast.info,"Payroll issue: update your bank details: https://loanfast.info/?id=16e945b2-f26 Patient: Sana Ahmed, Acc: XXXX-XXXX-5166",pdf,pdf_16e945b2-f26.pdf,True,https://loanfast.info/?id=16e945b2-f26,phishing,0,1,critical,critical,773f12e23eb1
9833948b-7d1,document,2025-08-26T11:28:32.299714Z,globaluni@secure-bank.com,records@hospital.org,,Government ID correction letter - Ref: 9833948b-7d1 | DOB: 1983-01-27,docx,docx_9833948b-7d1.docx,False,,legit_doc,0,1,low,low,6ef5df37a678
5e0f2a62-c96,sms,2025-11-02T04:45:26.299743Z,+919842604482,+916409041055,trusted-health.org,Free voucher! Redeem at http://trusted-health.org/surveys?id=5e0f2a62-c96,none,none,True,http://trusted-health.org/surveys?id=5e0f2a62-c96,scam_sms,0,0,medium,medium,103cccdf144b
f1b35894-091,upload,2025-10-12T05:18:20.299798Z,Vikram Rao,admin,,Uploaded media for review,png,png_f1b35894-091.png,False,,benign,0,0,medium,medium,fddc4a33fc88
8983c537-0ea,social,2025-10-28T18:11:11.299823Z,Meera Patel,public,,Watch this shocking reveal video (see attachment),none,none,False,,deepfake_media,1,0,high,high,f0cf3d31ff59
3a040bcd-a23,email,2025-11-21T21:18:44.299852Z,user546@trusted-health.org,user1064@example.com,parcel-track.net,"Action required: Confirm your payment method at https://parcel-track.net/?id=3a040bcd-a23. Invoice attached: invoice_3a040bcd-a23.pdf Patient: Sana Ahmed, Acc: XXXX-XXXX-7192",pdf,pdf_3a040bcd-a23.pdf,True,https://parcel-track.net/?id=3a040bcd-a23,benign,0,1,low,low,9aa00b974ac5
770ed52d-d25,document,2025-09-15T01:54:19.299914Z,medilifehospital@secure-bank.com,records@hospital.org,,Certified true copy - see attached,docx,docx_770ed52d-d25.docx,False,,fake_doc,0,0,medium,medium,0b12977339b3
479387f7-7bc,social,2025-10-08T08:04:25.299957Z,Vikram Rao,public,,Watch this shocking reveal video (see attachment),mp4,mp4_479387f7-7bc.mp4,False,,harassment,0,0,low,low,e67e38b5a6da
e2e8fe88-d6b,sms,2025-11-16T01:31:13.299993Z,+919574290796,+918250797153,uni-scholar.org,Your OTP is 123456 - never share it,none,none,False,,scam_sms,0,0,low,low,704ed14226d8
84a7e0f4-3cd,email,2025-09-13T23:52:59.300031Z,user788@payments-update.com,user1417@example.com,gov-id.org,Action required: Confirm your payment method at https://gov-id.org/?id=84a7e0f4-3cd. Invoice attached: invoice_84a7e0f4-3cd.pdf,pdf,pdf_84a7e0f4-3cd.pdf,True,https://gov-id.org/?id=84a7e0f4-3cd,benign,0,0,medium,medium,1900b2366738
a38227be-2ad,document,2025-11-05T05:19:09.300075Z,jobhubpvtltd@gov-id.org,records@hospital.org,,Hospital discharge summary - Patient: Vikram Rao - MRN: a38227be-2ad | DOB: 1972-07-12,pdf,pdf_a38227be-2ad.pdf,False,,legit_doc,0,1,low,low,ee8c68c936c3
61aa5fd6-f3a,social,2025-09-24T20:24:38.300124Z,Meera Patel,public,,Watch this shocking reveal video (see attachment),mp4,mp4_61aa5fd6-f3a.mp4,False,,benign,0,0,low,low,17296b009031
39088784-e4c,document,2025-08-31T00:36:51.300163Z,fintrustltd@secure-bank.com,records@company.com,,Government ID correction letter - Ref: 39088784-e4c | DOB: 1985-08-24,pdf,pdf_39088784-e4c.pdf,False,,legit_doc,0,1,low,low,bdfaf3049c62
167e14f4-9c4,sms,2025-09-16T19:12:50.300205Z,+917055910377,+916165661863,secure-bank.com,Free voucher! Redeem at http://secure-bank.com/surveys?id=167e14f4-9c4,none,none,True,http://secure-bank.com/surveys?id=167e14f4-9c4,benign,0,0,low,low,7bf3df16d011
eec12c9e-552,social,2025-08-25T04:49:52.300245Z,John Smith,public,,Viral video: unbelievable transformation - shared by Meera Patel,none,none,False,,benign,0,0,high,high,12bdc354aab3
26250af0-26b,sms,2025-10-22T13:51:51.300279Z,+918282547421,+919491349965,payments-update.com,Your exam result updated. Login at http://payments-update.com/surveys?id=26250af0-26b,none,none,True,http://payments-update.com/surveys?id=26250af0-26b,scam_sms,0,0,low,low,8b75ece123c5
e91c563b-019,upload,2025-09-01T06:12:34.300323Z,Aisha Khan,admin,,Uploaded media for review,mp4,mp4_e91c563b-019.mp4,False,,benign,0,0,medium,medium,5c0784cc22c4
fce137ae-d08,email,2025-10-01T09:09:03.300358Z,user898@loanfast.info,user1089@example.com,parcel-track.net,Payroll issue: update your bank details: https://parcel-track.net/?id=fce137ae-d08,none,none,True,https://parcel-track.net/?id=fce137ae-d08,phishing,0,0,medium,medium,39fbff147052
d5bf4a03-e83,sms,2025-11-22T14:19:37.300403Z,+917992334795,+918905514280,secure-bank.com,Free voucher! Redeem at http://secure-bank.com/surveys?id=d5bf4a03-e83,none,none,True,http://secure-bank.com/surveys?id=d5bf4a03-e83,scam_sms,0,0,low,low,f7e7e223a365
f062fc4c-1d8,email,2025-09-11T11:53:12.300446Z,user912@trusted-health.org,user1801@example.com,secure-bank.com,Action required: Confirm your payment method at https://secure-bank.com/?id=f062fc4c-1d8. Invoice attached: invoice_f062fc4c-1d8.pdf,pdf,pdf_f062fc4c-1d8.pdf,True,https://secure-bank.com/?id=f062fc4c-1d8,benign,0,0,low,low,d6fefd42cced
e7ce09fa-aa2,document,2025-11-06T16:17:08.300489Z,globaluni@gov-id.org,records@gov.org,,Government ID correction letter - Ref: e7ce09fa-aa2,pdf,pdf_e7ce09fa-aa2.pdf,False,,fake_doc,1,0,high,high,4fb2709dc98a
23335de0-1c3,sms,2025-10-16T12:12:50.300530Z,+919308970301,+916004407186,docverify.net,Package delivery failed. Confirm at http://docverify.net/surveys?id=23335de0-1c3,none,none,True,http://docverify.net/surveys?id=23335de0-1c3,benign,0,0,critical,critical,03c21263c910
d559c233-dd6,email,2025-08-24T09:07:32.300569Z,user726@parcel-track.net,user1355@example.com,uni-scholar.org,Payroll issue: update your bank details: https://uni-scholar.org/?id=d559c233-dd6,png,png_d559c233-dd6.png,True,https://uni-scholar.org/?id=d559c233-dd6,benign,0,0,medium,medium,49899d53d157
6db1a169-1bf,sms,2025-11-21T01:47:19.300610Z,+918023515127,+919109431889,payments-update.com,Package delivery failed. Confirm at http://payments-update.com/surveys?id=6db1a169-1bf,none,none,True,http://payments-update.com/surveys?id=6db1a169-1bf,benign,0,0,low,low,f32466e35dda
2b3d3d71-2f4,email,2025-09-07T00:15:40.300647Z,user451@docverify.net,user1369@example.com,payments-update.com,"Hello, please review attached report",mp4,mp4_2b3d3d71-2f4.mp4,False,,benign,0,0,medium,medium,3b054d741588
c9bfe88d-cdb,social,2025-09-25T18:11:44.300684Z,Vikram Rao,public,,Interview leaked - audio attached,none,none,False,,harassment,0,0,high,high,5420fc634214
2d4503d6-5d1,social,2025-10-28T17:37:16.300718Z,Rahul Verma,public,,Viral video: unbelievable transformation - shared by Sana Ahmed,none,none,False,,harassment,0,0,low,low,e0adc97e9270
1cfd609a-244,email,2025-09-05T19:55:35.300755Z,user670@gov-id.org,user1413@example.com,uni-scholar.org,"Hello, please review attached report",png,png_1cfd609a-244.png,False,,benign,0,0,low,low,73ae773759bc
18ec7912-44f,upload,2025-11-10T09:10:47.300795Z,Vikram Rao,admin,,Uploaded media for review,png,png_18ec7912-44f.png,False,,benign,0,0,low,low,87d90e4f71bf
5423a53b-0a9,email,2025-11-10T03:19:38.300828Z,user119@trusted-health.org,user1961@example.com,docverify.net,Action required: Confirm your payment method at https://docverify.net/?id=5423a53b-0a9. Invoice attached: invoice_5423a53b-0a9.pdf,pdf,pdf_5423a53b-0a9.pdf,True,https://docverify.net/?id=5423a53b-0a9,invoice_fraud,0,0,medium,medium,7321558ae12f
80652f0c-304,sms,2025-10-10T13:27:52.300890Z,+916696341886,+917169358560,secure-bank.com,Free voucher! Redeem at http://secure-bank.com/surveys?id=80652f0c-304,none,none,True,http://secure-bank.com/surveys?id=80652f0c-304,benign,0,0,low,low,c4bad3c8ed21
0173fa26-36f,email,2025-10-24T02:08:54.300932Z,user192@parcel-track.net,user1083@example.com,docverify.net,Security alert: New sign-in from unknown device. Reset here: https://docverify.net/?id=0173fa26-36f,pdf,pdf_0173fa26-36f.pdf,True,https://docverify.net/?id=0173fa26-36f,invoice_fraud,0,0,critical,critical,39c6d29bc405
15229e78-10d,document,2025-08-25T04:17:41.300975Z,fintrustltd@trusted-health.org,records@company.com,,Government ID correction letter - Ref: 15229e78-10d | DOB: 1995-08-11,docx,docx_15229e78-10d.docx,False,,fake_doc,1,1,high,high,3f9ccac012e5
ae440132-9c8,sms,2025-10-29T23:33:32.301019Z,+918493672062,+917676415181,payments-update.com,Package delivery failed. Confirm at http://payments-update.com/surveys?id=ae440132-9c8,none,none,True,http://payments-update.com/surveys?id=ae440132-9c8,loan_scam,0,0,medium,medium,3d1c046c9e79
52c53801-e60,social,2025-09-23T19:48:19.301057Z,Vikram Rao,public,,Watch this shocking reveal video (see attachment),mp4,mp4_52c53801-e60.mp4,False,,benign,0,0,medium,medium,e88e4b0bbbce
374e08a3-b12,sms,2025-10-06T23:31:37.301092Z,+916635893120,+919172515082,secure-bank.com,Loan approved! Complete KYC at http://secure-bank.com/surveys?id=374e08a3-b12,none,none,True,http://secure-bank.com/surveys?id=374e08a3-b12,benign,0,0,high,high,84ac81076de8
5ccdf98e-d0c,sms,2025-11-21T09:16:20.301129Z,+919928679200,+916913173199,gov-id.org,Free voucher! Redeem at http://gov-id.org/surveys?id=5ccdf98e-d0c,none,none,True,http://gov-id.org/surveys?id=5ccdf98e-d0c,benign,0,0,low,low,4257a3c730c2
4149aeb0-487,upload,2025-09-29T11:55:32.301191Z,Sana Ahmed,admin,,Uploaded media for review,mp4,mp4_4149aeb0-487.mp4,False,,deepfake_media,1,0,medium,medium,f3c6dba82a20
5e780c95-c8f,email,2025-10-18T04:45:16.301225Z,user966@loanfast.info,user1560@example.com,loanfast.info,Scholarship awarded! Apply here: https://loanfast.info/?id=5e780c95-c8f — limited seats.,none,none,True,https://loanfast.info/?id=5e780c95-c8f,phishing,0,0,high,high,c31a9d0d535b
4ca67142-d8b,document,2025-09-07T06:47:22.301271Z,globaluni@secure-bank.com,records@hospital.org,,Medical test report - Patient: John Smith - Result: Pending - Ref 4ca67142-d8b | DOB: 1986-05-10,docx,docx_4ca67142-d8b.docx,False,,legit_doc,0,1,medium,medium,3337405ae317
656ff583-b53,email,2025-09-05T09:27:54.301318Z,user618@secure-bank.com,user1792@example.com,trusted-health.org,Security alert: New sign-in from unknown device. Reset here: https://trusted-health.org/?id=656ff583-b53,mp4,mp4_656ff583-b53.mp4,True,https://trusted-health.org/?id=656ff583-b53,phishing,0,0,high,high,aa5712736aa4
87820d27-984,email,2025-10-05T19:17:01.301363Z,user772@trusted-health.org,user1627@example.com,trusted-health.org,Action required: Confirm your payment method at https://trusted-health.org/?id=87820d27-984. Invoice attached: invoice_87820d27-984.pdf,pdf,pdf_87820d27-984.pdf,True,https://trusted-health.org/?id=87820d27-984,benign,0,0,low,low,6afce054bfd4
0397b6aa-276,document,2025-11-01T18:47:00.301404Z,fintrustltd@trusted-health.org,records@company.com,,Medical test report - Patient: John Smith - Result: Pending - Ref 0397b6aa-276 | DOB: 2010-06-11,pdf,pdf_0397b6aa-276.pdf,False,,fake_doc,1,1,medium,medium,4dd61d811f20
c3aee767-119,social,2025-09-12T12:07:48.301449Z,Sana Ahmed,public,,Watch this shocking reveal video (see attachment),mp4,mp4_c3aee767-119.mp4,False,,deepfake_media,1,0,medium,medium,e056bbf017a3
7918ab33-165,social,2025-08-25T12:20:39.301485Z,John Smith,public,,Watch this shocking reveal video (see attachment),none,none,False,,benign,0,0,low,low,d9a692c72c29
0a397274-106,document,2025-09-27T22:46:57.301519Z,acmecorp@docverify.net,records@gov.org,,Offer letter - Company: Global Uni - Candidate: Aisha Khan,docx,docx_0a397274-106.docx,False,,fake_doc,1,0,medium,medium,927500b1ad42
5a000f77-a40,social,2025-09-30T00:36:46.301558Z,Sana Ahmed,public,,Watch this shocking reveal video (see attachment),jpg,jpg_5a000f77-a40.jpg,False,,benign,0,0,high,high,ce4c99fc7cb0
4b2cbdb7-142,document,2025-10-19T09:52:07.301592Z,acmecorp@payments-update.com,records@gov.org,,Hospital discharge summary - Patient: Sana Ahmed - MRN: 4b2cbdb7-142,docx,docx_4b2cbdb7-142.docx,False,,fake_doc,0,0,medium,medium,13eed8eaa234
8e82456f-721,email,2025-08-31T21:04:49.301636Z,user174@trusted-health.org,user1745@example.com,loanfast.info,Payroll issue: update your bank details: https://loanfast.info/?id=8e82456f-721,docx,docx_8e82456f-721.docx,True,https://loanfast.info/?id=8e82456f-721,phishing,0,0,medium,medium,7010b128308f
9ecc9048-2c6,email,2025-11-13T02:54:56.301680Z,user452@gov-id.org,user1382@example.com,docverify.net,Urgent: Your account will be suspended. Click https://docverify.net/?id=9ecc9048-2c6 to verify now.,none,none,True,https://docverify.net/?id=9ecc9048-2c6,scholarship_scam,0,0,critical,critical,16f63fff9d65
5b5ee700-fe1,email,2025-09-27T05:25:41.301721Z,user876@payments-update.com,user1462@example.com,docverify.net,Scholarship awarded! Apply here: https://docverify.net/?id=5b5ee700-fe1 — limited seats.,pdf,pdf_5b5ee700-fe1.pdf,True,https://docverify.net/?id=5b5ee700-fe1,scholarship_scam,0,0,low,low,fea618bb7dbe
03612b08-3e9,sms,2025-11-21T21:11:12.301765Z,+917025140267,+917934865163,secure-bank.com,Free voucher! Redeem at http://secure-bank.com/surveys?id=03612b08-3e9,none,none,True,http://secure-bank.com/surveys?id=03612b08-3e9,scam_sms,0,0,low,low,d18401f37828
16f83c0f-79d,document,2025-10-11T05:35:04.301812Z,medilifehospital@secure-bank.com,records@gov.org,,Hospital discharge summary - Patient: Sana Ahmed - MRN: 16f83c0f-79d | DOB: 2007-02-23,docx,docx_16f83c0f-79d.docx,False,,legit_doc,0,1,high,high,6530e2f1261d
8aac4ea2-65a,document,2025-09-02T11:42:09.301857Z,fintrustltd@payments-update.com,records@gov.org,,Medical test report - Patient: Rahul Verma - Result: Pending - Ref 8aac4ea2-65a,docx,docx_8aac4ea2-65a.docx,False,,legit_doc,0,0,low,low,d2ccd9a88b08
3f53f3c5-698,email,2025-11-10T09:25:45.301905Z,user113@parcel-track.net,user1238@example.com,secure-bank.com,"Hello, please review attached report Patient: Aisha Khan, Acc: XXXX-XXXX-6482",jpg,jpg_3f53f3c5-698.jpg,False,,benign,0,1,high,high,24119acff6c6
0f42929e-8e7,upload,2025-08-30T07:58:57.301946Z,Rahul Verma,admin,,Uploaded media for review,png,png_0f42929e-8e7.png,False,,deepfake_media,0,0,medium,medium,26c995f84efa
387deb44-698,email,2025-09-18T02:58:23.301978Z,user718@uni-scholar.org,user1643@example.com,gov-id.org,Scholarship awarded! Apply here: https://gov-id.org/?id=387deb44-698 — limited seats.,jpg,jpg_387deb44-698.jpg,True,https://gov-id.org/?id=387deb44-698,phishing,0,0,medium,medium,bd3c3b4a4fba
523d0579-39e,social,2025-09-09T06:55:50.302023Z,Rahul Verma,public,,Interview leaked - audio attached,none,none,False,,benign,0,0,low,low,d8b78df357ce
0c256ffd-d07,sms,2025-11-19T01:11:39.302056Z,+918985887496,+919633099596,parcel-track.net,Package delivery failed. Confirm at http://parcel-track.net/surveys?id=0c256ffd-d07,none,none,True,http://parcel-track.net/surveys?id=0c256ffd-d07,loan_scam,0,0,critical,critical,0f5fabf6ba85
9fc2c0ed-a1e,sms,2025-10-06T03:09:18.302095Z,+918766905189,+919358784690,loanfast.info,Your exam result updated. Login at http://loanfast.info/surveys?id=9fc2c0ed-a1e,none,none,True,http://loanfast.info/surveys?id=9fc2c0ed-a1e,benign,0,0,low,low,f98262e5e7f5
c4d51b66-baa,document,2025-09-17T18:40:54.302133Z,acmecorp@docverify.net,records@company.com,,Offer letter - Company: JobHub Pvt Ltd - Candidate: Sana Ahmed,pdf,pdf_c4d51b66-baa.pdf,False,,legit_doc,0,0,low,low,85f4addb6c87
6a5f7b8f-3ad,document,2025-09-02T20:57:38.302173Z,fintrustltd@loanfast.info,records@company.com,,Certified true copy - see attached,docx,docx_6a5f7b8f-3ad.docx,False,,legit_doc,0,0,low,low,9e028de678df
ff67cb47-64a,email,2025-09-18T14:33:28.302209Z,user758@gov-id.org,user1577@example.com,uni-scholar.org,Scholarship awarded! Apply here: https://uni-scholar.org/?id=ff67cb47-64a — limited seats.,png,png_ff67cb47-64a.png,True,https://uni-scholar.org/?id=ff67cb47-64a,job_scam,0,0,low,low,e878b84110f8
d0089e65-38b,email,2025-11-05T00:48:39.302251Z,user506@uni-scholar.org,user1009@example.com,parcel-track.net,Urgent: Your account will be suspended. Click https://parcel-track.net/?id=d0089e65-38b to verify now.,none,none,True,https://parcel-track.net/?id=d0089e65-38b,phishing,0,0,medium,medium,a8968a114bad
84cd19dc-a2f,sms,2025-10-30T13:27:11.302294Z,+918125007516,+917316592784,secure-bank.com,Free voucher! Redeem at http://secure-bank.com/surveys?id=84cd19dc-a2f,none,none,True,http://secure-bank.com/surveys?id=84cd19dc-a2f,benign,0,0,low,low,1f2fbac5a6b8
1b141c9c-b96,sms,2025-10-27T18:41:45.302332Z,+916340198732,+918748330657,uni-scholar.org,Your OTP is 123456 - never share it,none,none,False,,scam_sms,0,0,low,low,bde6640c7a06
3b0235bd-8e5,sms,2025-09-26T07:57:19.302368Z,+919756802055,+918515892443,payments-update.com,Your OTP is 123456 - never share it,none,none,False,,benign,0,0,low,low,53c26f9aa50c
989b4922-1c0,document,2025-09-13T19:07:37.302402Z,acmecorp@parcel-track.net,records@hospital.org,,Medical test report - Patient: Vikram Rao - Result: Pending - Ref 989b4922-1c0,docx,docx_989b4922-1c0.docx,False,,fake_doc,0,0,high,high,70be3a2616a7
e231e124-b17,email,2025-09-09T14:04:41.302440Z,user654@uni-scholar.org,user1000@example.com,gov-id.org,Payroll issue: update your bank details: https://gov-id.org/?id=e231e124-b17,none,none,True,https://gov-id.org/?id=e231e124-b17,phishing,0,0,medium,medium,e4e684726882
56118a88-071,email,2025-08-24T11:46:28.302479Z,user237@secure-bank.com,user1754@example.com,uni-scholar.org,Payroll issue: update your bank details: https://uni-scholar.org/?id=56118a88-071,mp4,mp4_56118a88-071.mp4,True,https://uni-scholar.org/?id=56118a88-071,benign,0,0,low,low,6adf3fe4bb0c
382e0072-7e1,sms,2025-10-23T19:31:43.302547Z,+916355541753,+917110895406,docverify.net,Free voucher! Redeem at http://docverify.net/surveys?id=382e0072-7e1,none,none,True,http://docverify.net/surveys?id=382e0072-7e1,scam_sms,0,0,high,high,d841703d8506
d26bf3b8-973,sms,2025-09-02T17:45:20.302591Z,+917438414468,+917898685171,docverify.net,Your OTP is 123456 - never share it,none,none,False,,benign,0,0,low,low,23c3269b33a2
74dd8472-eb2,sms,2025-09-26T18:09:54.302626Z,+919256043176,+918278978813,payments-update.com,Your exam result updated. Login at http://payments-update.com/surveys?id=74dd8472-eb2,none,none,True,http://payments-update.com/surveys?id=74dd8472-eb2,benign,0,0,low,low,3ad511f6c538
bb67d182-ddc,social,2025-08-31T10:48:16.302671Z,Aisha Khan,public,,Viral video: unbelievable transformation - shared by Meera Patel,jpg,jpg_bb67d182-ddc.jpg,False,,deepfake_media,0,0,high,high,84732f4a2b3c
c44c8573-941,sms,2025-10-22T14:28:20.302713Z,+916797322644,+916241805651,loanfast.info,Loan approved! Complete KYC at http://loanfast.info/surveys?id=c44c8573-941,none,none,True,http://loanfast.info/surveys?id=c44c8573-941,scam_sms,0,0,high,high,4a6ca852fc1b
533927c1-eba,email,2025-09-12T05:55:09.302755Z,user704@trusted-health.org,user1349@example.com,payments-update.com,Security alert: New sign-in from unknown device. Reset here: https://payments-update.com/?id=533927c1-eba,jpg,jpg_533927c1-eba.jpg,True,https://payments-update.com/?id=533927c1-eba,phishing,0,0,high,high,87d01ba0491f
e3fb0f29-a15,sms,2025-10-28T02:42:58.302800Z,+916801488296,+918263891574,trusted-health.org,Package delivery failed. Confirm at http://trusted-health.org/surveys?id=e3fb0f29-a15,none,none,True,http://trusted-health.org/surveys?id=e3fb0f29-a15,scam_sms,0,0,medium,medium,9a7ac6a508a7
141ed9bb-50f,email,2025-09-09T06:11:36.302840Z,user473@trusted-health.org,user1957@example.com,loanfast.info,Payroll issue: update your bank details: https://loanfast.info/?id=141ed9bb-50f,pdf,pdf_141ed9bb-50f.pdf,True,https://loanfast.info/?id=141ed9bb-50f,phishing,0,0,high,high,08cf79a4988a
3906571a-b22,social,2025-10-24T18:39:03.302921Z,Sana Ahmed,public,,Interview leaked - audio attached,jpg,jpg_3906571a-b22.jpg,False,,harassment,0,0,low,low,4fde559daa02
292dbd96-8b2,document,2025-09-06T10:24:03.302959Z,medilifehospital@loanfast.info,records@hospital.org,,Government ID correction letter - Ref: 292dbd96-8b2,pdf,pdf_292dbd96-8b2.pdf,False,,fake_doc,1,0,medium,medium,4b8131d49b92
822ffbe5-82a,email,2025-09-14T08:22:32.303001Z,user343@loanfast.info,user1265@example.com,docverify.net,Security alert: New sign-in from unknown device. Reset here: https://docverify.net/?id=822ffbe5-82a,mp4,mp4_822ffbe5-82a.mp4,True,https://docverify.net/?id=822ffbe5-82a,benign,0,0,medium,medium,e54371e8353e
fcb6816e-d4b,sms,2025-11-17T19:59:04.303043Z,+917284207863,+919554734654,parcel-track.net,Your exam result updated. Login at http://parcel-track.net/surveys?id=fcb6816e-d4b,none,none,True,http://parcel-track.net/surveys?id=fcb6816e-d4b,scam_sms,0,0,high,high,7bcdb7b8156c
3487d5b8-ded,document,2025-11-14T19:59:35.303082Z,globaluni@gov-id.org,records@company.com,,Offer letter - Company: JobHub Pvt Ltd - Candidate: Sana Ahmed,docx,docx_3487d5b8-ded.docx,False,,legit_doc,0,0,medium,medium,dcaf826190c2
95962587-19c,email,2025-11-07T12:49:25.303125Z,user944@loanfast.info,user1364@example.com,loanfast.info,Urgent: Your account will be suspended. Click https://loanfast.info/?id=95962587-19c to verify now.,none,none,True,https://loanfast.info/?id=95962587-19c,benign,0,0,high,high,0784ab517371
2518a958-bc5,sms,2025-10-18T15:30:49.303167Z,+917333412023,+919972398545,parcel-track.net,Package delivery failed. Confirm at http://parcel-track.net/surveys?id=2518a958-bc5,none,none,True,http://parcel-track.net/surveys?id=2518a958-bc5,scam_sms,0,0,low,low,c0a7568d4aba
04de4317-355,sms,2025-09-26T12:36:44.303215Z,+919502767682,+917620354788,uni-scholar.org,Package delivery failed. Confirm at http://uni-scholar.org/surveys?id=04de4317-355,none,none,True,http://uni-scholar.org/surveys?id=04de4317-355,benign,0,0,low,low,42e7f1f08990
e2b93e63-a58,email,2025-10-06T14:24:15.303257Z,user241@parcel-track.net,user1664@example.com,docverify.net,Security alert: New sign-in from unknown device. Reset here: https://docverify.net/?id=e2b93e63-a58,jpg,jpg_e2b93e63-a58.jpg,True,https://docverify.net/?id=e2b93e63-a58,phishing,0,0,critical,critical,9acd97190266
d10bc671-f17,email,2025-09-18T15:10:04.303299Z,user444@docverify.net,user1743@example.com,payments-update.com,Urgent: Your account will be suspended. Click https://payments-update.com/?id=d10bc671-f17 to verify now.,png,png_d10bc671-f17.png,True,https://payments-update.com/?id=d10bc671-f17,phishing,0,0,medium,medium,4d4010b97f92
8a7f9186-ced,email,2025-10-29T09:12:45.303341Z,user819@loanfast.info,user1208@example.com,gov-id.org,"Hello, please review attached report",jpg,jpg_8a7f9186-ced.jpg,False,,phishing,0,0,medium,medium,f4a975803d42
a268c59c-915,email,2025-11-14T15:48:40.303381Z,user862@gov-id.org,user1949@example.com,trusted-health.org,Urgent: Your account will be suspended. Click https://trusted-health.org/?id=a268c59c-915 to verify now.,docx,docx_a268c59c-915.docx,True,https://trusted-health.org/?id=a268c59c-915,phishing,0,0,high,high,925b8f3c7f09
4a7a8465-04c,document,2025-10-23T22:46:35.303422Z,jobhubpvtltd@loanfast.info,records@company.com,,Hospital discharge summary - Patient: Vikram Rao - MRN: 4a7a8465-04c | DOB: 1986-03-17,docx,docx_4a7a8465-04c.docx,False,,legit_doc,0,1,low,low,a51c595df213
3d250110-b47,email,2025-09-13T03:22:37.303466Z,user719@trusted-health.org,user1767@example.com,payments-update.com,Urgent: Your account will be suspended. Click https://payments-update.com/?id=3d250110-b47 to verify now.,pdf,pdf_3d250110-b47.pdf,True,https://payments-update.com/?id=3d250110-b47,benign,0,0,low,low,414901fe2af4
70d91e0a-db3,email,2025-11-22T23:26:26.303505Z,user916@trusted-health.org,user1224@example.com,docverify.net,"Hello, please review attached report",none,none,False,,benign,0,0,high,high,0e2bb2560853
caa06602-1cf,document,2025-10-30T16:47:13.303543Z,acmecorp@secure-bank.com,records@hospital.org,,Hospital discharge summary - Patient: Sana Ahmed - MRN: caa06602-1cf,docx,docx_caa06602-1cf.docx,False,,legit_doc,0,0,low,low,fa64611032ba
179adaaf-355,email,2025-10-11T17:48:42.303580Z,user978@docverify.net,user1104@example.com,loanfast.info,"Hello, please review attached report",none,none,False,,phishing,0,0,medium,medium,c66be3eb5927
7a4ece38-a1c,document,2025-09-28T22:54:42.303616Z,medilifehospital@payments-update.com,records@hospital.org,,Hospital discharge summary - Patient: Rahul Verma - MRN: 7a4ece38-a1c,pdf,pdf_7a4ece38-a1c.pdf,False,,legit_doc,0,0,high,high,f87f6e24ddc1
41939dd8-06d,email,2025-09-24T03:35:37.303654Z,user458@loanfast.info,user1761@example.com,parcel-track.net,Scholarship awarded! Apply here: https://parcel-track.net/?id=41939dd8-06d — limited seats.,png,png_41939dd8-06d.png,True,https://parcel-track.net/?id=41939dd8-06d,benign,0,0,medium,medium,349673ac9f7b
883abc3a-f77,sms,2025-11-06T09:16:28.303698Z,+919898746435,+916813466127,payments-update.com,Your OTP is 123456 - never share it,none,none,False,,benign,0,0,low,low,562b8168774d
37e243f1-aab,sms,2025-09-08T08:37:57.303734Z,+917037006252,+918396516327,gov-id.org,Package delivery failed. Confirm at http://gov-id.org/surveys?id=37e243f1-aab,none,none,True,http://gov-id.org/surveys?id=37e243f1-aab,scam_sms,0,0,medium,medium,b6582f5914be
b940b350-13d,email,2025-10-30T05:42:54.303772Z,user762@parcel-track.net,user1345@example.com,uni-scholar.org,Action required: Confirm your payment method at https://uni-scholar.org/?id=b940b350-13d. Invoice attached: invoice_b940b350-13d.pdf,pdf,pdf_b940b350-13d.pdf,True,https://uni-scholar.org/?id=b940b350-13d,phishing,0,0,high,high,1c7549c913fa
bfd4bf7b-c78,upload,2025-09-05T11:01:06.303813Z,Meera Patel,admin,,Uploaded media for review,png,png_bfd4bf7b-c78.png,False,,deepfake_media,1,0,medium,medium,9147afae9843
36d0f8e2-251,sms,2025-11-05T21:41:40.303845Z,+917538308221,+916518354248,docverify.net,Loan approved! Complete KYC at http://docverify.net/surveys?id=36d0f8e2-251,none,none,True,http://docverify.net/surveys?id=36d0f8e2-251,benign,0,0,critical,critical,1629b36a33a0
8d05891b-669,email,2025-08-30T05:04:58.303926Z,user110@docverify.net,user1166@example.com,loanfast.info,Action required: Confirm your payment method at https://loanfast.info/?id=8d05891b-669. Invoice attached: invoice_8d05891b-669.pdf,pdf,pdf_8d05891b-669.pdf,True,https://loanfast.info/?id=8d05891b-669,phishing,0,0,high,high,917cdd0a044f
4eb85b8a-3f9,email,2025-10-08T21:33:13.303971Z,user621@gov-id.org,user1160@example.com,loanfast.info,Scholarship awarded! Apply here: https://loanfast.info/?id=4eb85b8a-3f9 — limited seats.,mp4,mp4_4eb85b8a-3f9.mp4,True,https://loanfast.info/?id=4eb85b8a-3f9,phishing,0,0,high,high,c88cb23bff05
8f0160fa-b0e,sms,2025-08-31T04:39:54.304021Z,+918173964502,+919751579330,docverify.net,Loan approved! Complete KYC at http://docverify.net/surveys?id=8f0160fa-b0e,none,none,True,http://docverify.net/surveys?id=8f0160fa-b0e,benign,0,0,low,low,5dc2177eddeb
c69221cd-2bb,email,2025-10-01T18:38:18.304050Z,user355@secure-bank.com,user1077@example.com,docverify.net,Security alert: New sign-in from unknown device. Reset here: https://docverify.net/?id=c69221cd-2bb,png,png_c69221cd-2bb.png,True,https://docverify.net/?id=c69221cd-2bb,job_scam,0,0,medium,medium,ed4458cca744
fac3468a-5e1,sms,2025-09-06T20:05:11.304078Z,+916180623056,+918178155380,uni-scholar.org,Free voucher! Redeem at http://uni-scholar.org/surveys?id=fac3468a-5e1,none,none,True,http://uni-scholar.org/surveys?id=fac3468a-5e1,benign,0,0,medium,medium,9ad6bb142edf
f27a5879-88b,document,2025-08-27T16:10:38.304105Z,medilifehospital@uni-scholar.org,records@hospital.org,,Medical test report - Patient: Vikram Rao - Result: Pending - Ref f27a5879-88b | DOB: 2008-03-12,pdf,pdf_f27a5879-88b.pdf,False,,legit_doc,0,1,low,low,09df3e587c80
9c70534b-883,sms,2025-10-28T17:31:33.304135Z,+917551720800,+917413935569,uni-scholar.org,Your exam result updated. Login at http://uni-scholar.org/surveys?id=9c70534b-883,none,none,True,http://uni-scholar.org/surveys?id=9c70534b-883,benign,0,0,low,low,aeb3d3da8de1
35df4c22-6a7,email,2025-11-02T17:00:18.304161Z,user734@payments-update.com,user1367@example.com,gov-id.org,Security alert: New sign-in from unknown device. Reset here: https://gov-id.org/?id=35df4c22-6a7,none,none,True,https://gov-id.org/?id=35df4c22-6a7,benign,0,0,medium,medium,260a9d528c3f
f37311dc-701,document,2025-10-25T06:38:27.304188Z,medilifehospital@loanfast.info,records@hospital.org,,Government ID correction letter - Ref: f37311dc-701 | DOB: 1976-07-16,pdf,pdf_f37311dc-701.pdf,False,,fake_doc,0,1,medium,medium,934b67e93d62
8d0d2f1d-59e,social,2025-11-10T05:01:33.304228Z,Vikram Rao,public,,Watch this shocking reveal video (see attachment),mp4,mp4_8d0d2f1d-59e.mp4,False,,benign,0,0,critical,critical,f929b2350334
a478efff-6d7,email,2025-10-14T21:10:43.304253Z,user774@gov-id.org,user1569@example.com,uni-scholar.org,Payroll issue: update your bank details: https://uni-scholar.org/?id=a478efff-6d7,png,png_a478efff-6d7.png,True,https://uni-scholar.org/?id=a478efff-6d7,benign,0,0,low,low,bc14162a45a7
df504ce1-aa2,email,2025-09-15T15:45:49.304280Z,user591@docverify.net,user1857@example.com,uni-scholar.org,Security alert: New sign-in from unknown device. Reset here: https://uni-scholar.org/?id=df504ce1-aa2,png,png_df504ce1-aa2.png,True,https://uni-scholar.org/?id=df504ce1-aa2,benign,0,0,critical,critical,fd949d9512d1
ef5ab7de-377,email,2025-10-22T19:54:14.304307Z,user603@secure-bank.com,user1122@example.com,gov-id.org,"Scholarship awarded! Apply here: https://gov-id.org/?id=ef5ab7de-377 — limited seats. Patient: John Smith, Acc: XXXX-XXXX-1096",png,png_ef5ab7de-377.png,True,https://gov-id.org/?id=ef5ab7de-377,scholarship_scam,0,1,medium,medium,3507395f9428
7be1527a-0c2,document,2025-11-03T05:17:36.304338Z,jobhubpvtltd@parcel-track.net,records@hospital.org,,Medical test report - Patient: Sana Ahmed - Result: Pending - Ref 7be1527a-0c2,docx,docx_7be1527a-0c2.docx,False,,fake_doc,0,0,medium,medium,e414d497c4eb
6e618bf9-276,sms,2025-09-06T09:46:32.304366Z,+918388487193,+919466209387,trusted-health.org,Your exam result updated. Login at http://trusted-health.org/surveys?id=6e618bf9-276,none,none,True,http://trusted-health.org/surveys?id=6e618bf9-276,benign,0,0,medium,medium,b742646d93d0
57131301-868,email,2025-09-04T18:54:20.304392Z,user752@gov-id.org,user1976@example.com,trusted-health.org,Scholarship awarded! Apply here: https://trusted-health.org/?id=57131301-868 — limited seats.,png,png_57131301-868.png,True,https://trusted-health.org/?id=57131301-868,benign,0,0,low,low,d2a4577e4372
072a63bf-ac1,document,2025-11-18T12:41:47.304421Z,medilifehospital@parcel-track.net,records@company.com,,Medical test report - Patient: Aisha Khan - Result: Pending - Ref 072a63bf-ac1,docx,docx_072a63bf-ac1.docx,False,,fake_doc,0,0,high,high,35fdc5309765
756a83ce-5a8,email,2025-11-09T14:21:56.304448Z,user922@payments-update.com,user1284@example.com,docverify.net,Payroll issue: update your bank details: https://docverify.net/?id=756a83ce-5a8,jpg,jpg_756a83ce-5a8.jpg,True,https://docverify.net/?id=756a83ce-5a8,benign,0,0,critical,critical,d4b2a3b8b91b
cd91540f-64b,social,2025-10-17T18:43:59.304475Z,Aisha Khan,public,,Watch this shocking reveal video (see attachment),none,none,False,,harassment,0,0,medium,medium,dc950b012cf6
01afb3e1-abb,social,2025-10-29T05:49:21.304499Z,Vikram Rao,public,,Watch this shocking reveal video (see attachment),mp4,mp4_01afb3e1-abb.mp4,False,,benign,0,0,high,high,53ac1caba9d6
d6aed5f3-b7d,email,2025-09-13T22:14:45.304522Z,user732@loanfast.info,user1121@example.com,trusted-health.org,"Hello, please review attached report",pdf,pdf_d6aed5f3-b7d.pdf,False,,invoice_fraud,0,0,medium,medium,6e7d2be16517
1e8153c7-ddc,sms,2025-09-23T00:48:07.304547Z,+917327006101,+918041348850,loanfast.info,Free voucher! Redeem at http://loanfast.info/surveys?id=1e8153c7-ddc,none,none,True,http://loanfast.info/surveys?id=1e8153c7-ddc,benign,0,0,low,low,3fc29ceb9272
f0a612e2-2a8,social,2025-11-05T23:32:42.304573Z,Meera Patel,public,,Watch this shocking reveal video (see attachment),mp4,mp4_f0a612e2-2a8.mp4,False,,benign,0,0,low,low,c7b7730109a9
0fe4ee1a-dbc,sms,2025-10-21T12:42:53.304597Z,+919326887372,+919402120685,gov-id.org,Loan approved! Complete KYC at http://gov-id.org/surveys?id=0fe4ee1a-dbc,none,none,True,http://gov-id.org/surveys?id=0fe4ee1a-dbc,benign,0,0,low,low,f7d58a3b254d
72588f9c-32a,sms,2025-08-30T19:35:55.304622Z,+917634332872,+918066775501,docverify.net,Your exam result updated. Login at http://docverify.net/surveys?id=72588f9c-32a,none,none,True,http://docverify.net/surveys?id=72588f9c-32a,scam_sms,0,0,medium,medium,a207c8f2aae8
ff5389a5-e9d,social,2025-11-15T18:34:10.304648Z,Meera Patel,public,,Interview leaked - audio attached,mp4,mp4_ff5389a5-e9d.mp4,False,,benign,0,0,medium,medium,cdba24e28401
b5dcd224-6cc,sms,2025-11-12T14:27:04.304671Z,+916330950417,+918344953025,docverify.net,Package delivery failed. Confirm at http://docverify.net/surveys?id=b5dcd224-6cc,none,none,True,http://docverify.net/surveys?id=b5dcd224-6cc,scam_sms,0,0,high,high,3a2ada2101f0
f9ae9359-ab2,document,2025-09-01T01:14:25.304696Z,acmecorp@uni-scholar.org,records@company.com,,Government ID correction letter - Ref: f9ae9359-ab2,docx,docx_f9ae9359-ab2.docx,False,,legit_doc,0,0,low,low,7dfa0319c8f4
a8e9d765-c80,document,2025-09-27T10:20:34.304721Z,fintrustltd@parcel-track.net,records@hospital.org,,Certified true copy - see attached | DOB: 1998-08-24,pdf,pdf_a8e9d765-c80.pdf,False,,legit_doc,0,1,medium,medium,72691d8d32dd
e1ab2565-fd5,email,2025-10-20T17:58:21.304749Z,user328@trusted-health.org,user1828@example.com,parcel-track.net,Urgent: Your account will be suspended. Click https://parcel-track.net/?id=e1ab2565-fd5 to verify now.,none,none,True,https://parcel-track.net/?id=e1ab2565-fd5,benign,0,0,low,low,6e88a4207a62
f165af48-55a,email,2025-10-12T16:58:14.304776Z,user492@parcel-track.net,user1492@example.com,docverify.net,Scholarship awarded! Apply here: https://docverify.net/?id=f165af48-55a — limited seats.,jpg,jpg_f165af48-55a.jpg,True,https://docverify.net/?id=f165af48-55a,benign,0,0,low,low,2d1a78b1a0b6
fb7acb66-0d3,sms,2025-09-23T22:20:59.304804Z,+919500829029,+916063723332,secure-bank.com,Loan approved! Complete KYC at http://secure-bank.com/surveys?id=fb7acb66-0d3,none,none,True,http://secure-bank.com/surveys?id=fb7acb66-0d3,benign,0,0,low,low,c81636bd5938
13473dbd-7c7,sms,2025-09-21T14:06:00.304844Z,+918327556819,+918836778244,docverify.net,Loan approved! Complete KYC at http://docverify.net/surveys?id=13473dbd-7c7,none,none,True,http://docverify.net/surveys?id=13473dbd-7c7,scam_sms,0,0,low,low,505d0be291bf
644b705e-a0b,sms,2025-10-02T01:30:54.304885Z,+918747865133,+916669628560,loanfast.info,Your OTP is 123456 - never share it,none,none,False,,benign,0,0,low,low,d717e6817b54
a70d5ff0-ec2,sms,2025-11-05T12:40:38.304917Z,+919882459339,+919601652510,trusted-health.org,Free voucher! Redeem at http://trusted-health.org/surveys?id=a70d5ff0-ec2,none,none,True,http://trusted-health.org/surveys?id=a70d5ff0-ec2,benign,0,0,medium,medium,73695bca53a7
17a0b3e7-500,sms,2025-11-06T07:25:04.304951Z,+919444618029,+917134764346,secure-bank.com,Your exam result updated. Login at http://secure-bank.com/surveys?id=17a0b3e7-500,none,none,True,http://secure-bank.com/surveys?id=17a0b3e7-500,scam_sms,0,0,high,high,05fc5e171a52
914626c8-f6b,social,2025-10-14T23:02:22.304979Z,John Smith,public,,Viral video: unbelievable transformation - shared by John Smith,jpg,jpg_914626c8-f6b.jpg,False,,benign,0,0,low,low,caf8daed47c3
ee389227-f17,email,2025-08-26T19:11:20.305004Z,user327@payments-update.com,user1282@example.com,parcel-track.net,Scholarship awarded! Apply here: https://parcel-track.net/?id=ee389227-f17 — limited seats.,none,none,True,https://parcel-track.net/?id=ee389227-f17,benign,0,0,medium,medium,e63b02408560
2ef37260-0d6,sms,2025-10-14T18:26:00.305033Z,+917730047166,+919293127541,parcel-track.net,Package delivery failed. Confirm at http://parcel-track.net/surveys?id=2ef37260-0d6,none,none,True,http://parcel-track.net/surveys?id=2ef37260-0d6,scam_sms,0,0,high,high,fe34da593b81
5f29a44f-d2a,sms,2025-10-03T05:26:57.305059Z,+919197905912,+916051033289,uni-scholar.org,Package delivery failed. Confirm at http://uni-scholar.org/surveys?id=5f29a44f-d2a,none,none,True,http://uni-scholar.org/surveys?id=5f29a44f-d2a,benign,0,0,low,low,4dcbd14efe78
858261c3-0ae,sms,2025-10-14T20:50:32.305084Z,+919988723541,+918044727189,secure-bank.com,Your exam result updated. Login at http://secure-bank.com/surveys?id=858261c3-0ae,none,none,True,http://secure-bank.com/surveys?id=858261c3-0ae,benign,0,0,low,low,b713b4bb9333
c4f2a30e-c6a,document,2025-10-14T20:20:10.305109Z,fintrustltd@secure-bank.com,records@hospital.org,,Hospital discharge summary - Patient: Vikram Rao - MRN: c4f2a30e-c6a | DOB: 1979-05-10,pdf,pdf_c4f2a30e-c6a.pdf,False,,legit_doc,0,1,low,low,131677dc525c
90e5c9c6-0d1,document,2025-10-16T10:04:15.305138Z,acmecorp@parcel-track.net,records@company.com,,Government ID correction letter - Ref: 90e5c9c6-0d1 | DOB: 1983-04-21,docx,docx_90e5c9c6-0d1.docx,False,,legit_doc,0,1,low,low,9fb22f7fee36
ba478ec0-b6b,document,2025-09-14T04:01:11.305165Z,medilifehospital@loanfast.info,records@hospital.org,,Certified true copy - see attached,pdf,pdf_ba478ec0-b6b.pdf,False,,legit_doc,0,0,low,low,d6056c2bdaad
ca3a8665-223,social,2025-09-01T17:38:19.305190Z,Rahul Verma,public,,Watch this shocking reveal video (see attachment),mp4,mp4_ca3a8665-223.mp4,False,,deepfake_media,1,0,medium,medium,1848af5ebfb1
eabd51df-9bc,upload,2025-10-04T06:31:35.305216Z,Rahul Verma,admin,,Uploaded media for review,jpg,jpg_eabd51df-9bc.jpg,False,,deepfake_media,0,0,high,high,a10e1a4973c8
b469a45a-4e5,social,2025-09-17T20:46:32.305239Z,Rahul Verma,public,,Viral video: unbelievable transformation - shared by Meera Patel,jpg,jpg_b469a45a-4e5.jpg,False,,deepfake_media,1,0,medium,medium,3f2e253cc9f6
4e3f8d23-343,sms,2025-09-29T16:15:44.305264Z,+916033545612,+917096527920,uni-scholar.org,Free voucher! Redeem at http://uni-scholar.org/surveys?id=4e3f8d23-343,none,none,True,http://uni-scholar.org/surveys?id=4e3f8d23-343,benign,0,0,low,low,3e50484cc19e
